-- ================================================================
-- Database: bank_cdp
-- Type: English mock data
-- Source: generated from current Doris table metadata.
-- Execute after schema SQL.
-- ================================================================

CREATE DATABASE IF NOT EXISTS bank_cdp;
USE bank_cdp;

-- Table: aum_metrics
TRUNCATE TABLE `aum_metrics`;
INSERT INTO `aum_metrics` (`metric_date`, `product_type`, `aum_amount`, `client_count`, `avg_holding`, `inflow`, `yoy_growth`, `created_at`) VALUES
  ('2025-04-01', 'Retail', 10.25, 10, 10.25, 10.25, 0.05, '2025-04-01 09:01:00'),
  ('2025-04-02', 'Wealth', 20.50, 20, 20.50, 20.50, 0.10, '2025-04-02 09:02:00'),
  ('2025-04-03', 'Credit', 30.75, 30, 30.75, 30.75, 0.15, '2025-04-03 09:03:00'),
  ('2025-04-04', 'Risk', 41.00, 40, 41.00, 41.00, 0.20, '2025-04-04 09:04:00'),
  ('2025-04-05', 'Operation', 51.25, 50, 51.25, 51.25, 0.25, '2025-04-05 09:05:00');

-- Table: avatar_label
TRUNCATE TABLE `avatar_label`;
INSERT INTO `avatar_label` (`label_id`, `label_name`, `category`, `color`, `label_desc`, `label_embedding`, `user_count`, `create_time`) VALUES
  (10001, 'Label 1', 'Retail', 'avatar_label_col', 'English mock description for avatar_label row 1', [0.10, 0.20, 0.30, 0.40], 10, '2025-04-01 09:01:00'),
  (10002, 'Label 2', 'Wealth', 'avatar_label_col', 'English mock description for avatar_label row 2', [0.20, 0.30, 0.40, 0.50], 20, '2025-04-02 09:02:00'),
  (10003, 'Label 3', 'Credit', 'avatar_label_col', 'English mock description for avatar_label row 3', [0.30, 0.40, 0.50, 0.60], 30, '2025-04-03 09:03:00'),
  (10004, 'Label 4', 'Risk', 'avatar_label_col', 'English mock description for avatar_label row 4', [0.40, 0.50, 0.60, 0.70], 40, '2025-04-04 09:04:00'),
  (10005, 'Label 5', 'Operation', 'avatar_label_col', 'English mock description for avatar_label row 5', [0.50, 0.60, 0.70, 0.80], 50, '2025-04-05 09:05:00');

-- Table: bank_system_log
TRUNCATE TABLE `bank_system_log`;
INSERT INTO `bank_system_log` (`log_id`, `log_date`, `log_time`, `user_id`, `user_name`, `session_id`, `log_source`, `log_level`, `operation`, `ip_address`, `device_info`, `amount`, `result_code`, `error_msg`, `risk_score`, `log_content`, `created_at`) VALUES
  (10001, '2025-04-01', '2025-04-01 09:01:00', 'bank_sys_001', 'User 1', 'bank_sys_001', 'bank_system_log_log_source_1', 'L1', 'bank_system_log_operation_1', 'bank_system_log_ip_address_1', 'bank_system_log_device_info_1', 10.2500, 'C0001', 'bank_system_log_error_msg_1', 0.05, 'English mock description for bank_system_log row 1', '2025-04-01 09:01:00'),
  (10002, '2025-04-02', '2025-04-02 09:02:00', 'bank_sys_002', 'User 2', 'bank_sys_002', 'bank_system_log_log_source_2', 'L2', 'bank_system_log_operation_2', 'bank_system_log_ip_address_2', 'bank_system_log_device_info_2', 20.5000, 'C0002', 'bank_system_log_error_msg_2', 0.10, 'English mock description for bank_system_log row 2', '2025-04-02 09:02:00'),
  (10003, '2025-04-03', '2025-04-03 09:03:00', 'bank_sys_003', 'User 3', 'bank_sys_003', 'bank_system_log_log_source_3', 'L3', 'bank_system_log_operation_3', 'bank_system_log_ip_address_3', 'bank_system_log_device_info_3', 30.7500, 'C0003', 'bank_system_log_error_msg_3', 0.15, 'English mock description for bank_system_log row 3', '2025-04-03 09:03:00'),
  (10004, '2025-04-04', '2025-04-04 09:04:00', 'bank_sys_004', 'User 4', 'bank_sys_004', 'bank_system_log_log_source_4', 'L4', 'bank_system_log_operation_4', 'bank_system_log_ip_address_4', 'bank_system_log_device_info_4', 41.0000, 'C0004', 'bank_system_log_error_msg_4', 0.20, 'English mock description for bank_system_log row 4', '2025-04-04 09:04:00'),
  (10005, '2025-04-05', '2025-04-05 09:05:00', 'bank_sys_005', 'User 5', 'bank_sys_005', 'bank_system_log_log_source_5', 'L5', 'bank_system_log_operation_5', 'bank_system_log_ip_address_5', 'bank_system_log_device_info_5', 51.2500, 'C0005', 'bank_system_log_error_msg_5', 0.25, 'English mock description for bank_system_log row 5', '2025-04-05 09:05:00');

-- Table: bank_system_log_ai_result
TRUNCATE TABLE `bank_system_log_ai_result`;
INSERT INTO `bank_system_log_ai_result` (`log_id`, `log_content`, `ai_tag`) VALUES
  (10001, 'English mock description for bank_system_log_ai_result row 1', 'bank_system_log_ai_result_ai_tag_1'),
  (10002, 'English mock description for bank_system_log_ai_result row 2', 'bank_system_log_ai_result_ai_tag_2'),
  (10003, 'English mock description for bank_system_log_ai_result row 3', 'bank_system_log_ai_result_ai_tag_3'),
  (10004, 'English mock description for bank_system_log_ai_result row 4', 'bank_system_log_ai_result_ai_tag_4'),
  (10005, 'English mock description for bank_system_log_ai_result row 5', 'bank_system_log_ai_result_ai_tag_5');

-- Table: bank_system_log_bak
TRUNCATE TABLE `bank_system_log_bak`;
INSERT INTO `bank_system_log_bak` (`log_id`, `log_time`, `log_level`, `system_module`, `log_content`, `ip_addr`, `device_info`, `ai_tag`) VALUES
  (10001, '2025-04-01 09:01:00', 'L1', 'bank_system_log_bak_system_module_1', 'English mock description for bank_system_log_bak row 1', 'bank_system_log_bak_ip_addr_1', 'bank_system_log_bak_device_info_1', 'bank_system_log_bak_ai_tag_1'),
  (10002, '2025-04-02 09:02:00', 'L2', 'bank_system_log_bak_system_module_2', 'English mock description for bank_system_log_bak row 2', 'bank_system_log_bak_ip_addr_2', 'bank_system_log_bak_device_info_2', 'bank_system_log_bak_ai_tag_2'),
  (10003, '2025-04-03 09:03:00', 'L3', 'bank_system_log_bak_system_module_3', 'English mock description for bank_system_log_bak row 3', 'bank_system_log_bak_ip_addr_3', 'bank_system_log_bak_device_info_3', 'bank_system_log_bak_ai_tag_3'),
  (10004, '2025-04-04 09:04:00', 'L4', 'bank_system_log_bak_system_module_4', 'English mock description for bank_system_log_bak row 4', 'bank_system_log_bak_ip_addr_4', 'bank_system_log_bak_device_info_4', 'bank_system_log_bak_ai_tag_4'),
  (10005, '2025-04-05 09:05:00', 'L5', 'bank_system_log_bak_system_module_5', 'English mock description for bank_system_log_bak row 5', 'bank_system_log_bak_ip_addr_5', 'bank_system_log_bak_device_info_5', 'bank_system_log_bak_ai_tag_5');

-- Table: bank_system_log_tagged
TRUNCATE TABLE `bank_system_log_tagged`;
INSERT INTO `bank_system_log_tagged` (`log_id`, `log_date`, `log_time`, `user_id`, `user_name`, `log_source`, `operation`, `amount`, `risk_score`, `log_content`, `ai_tag`, `ai_tag_group`, `is_exception`, `is_risk`, `classify_time`, `classify_method`) VALUES
  (10001, '2025-04-01', '2025-04-01 09:01:00', 'bank_sys_001', 'User 1', 'bank_system_log_tagged_log_sourc', 'bank_system_log_tagged_operation_1', 10.2500, 0.05, 'English mock description for bank_system_log_tagged row 1', 'bank_system_log_tagged_ai_tag_1', 'bank_system_log_', 1, 1, '2025-04-01 09:01:00', 'bank_system_log_'),
  (10002, '2025-04-02', '2025-04-02 09:02:00', 'bank_sys_002', 'User 2', 'bank_system_log_tagged_log_sourc', 'bank_system_log_tagged_operation_2', 20.5000, 0.10, 'English mock description for bank_system_log_tagged row 2', 'bank_system_log_tagged_ai_tag_2', 'bank_system_log_', 0, 0, '2025-04-02 09:02:00', 'bank_system_log_'),
  (10003, '2025-04-03', '2025-04-03 09:03:00', 'bank_sys_003', 'User 3', 'bank_system_log_tagged_log_sourc', 'bank_system_log_tagged_operation_3', 30.7500, 0.15, 'English mock description for bank_system_log_tagged row 3', 'bank_system_log_tagged_ai_tag_3', 'bank_system_log_', 1, 1, '2025-04-03 09:03:00', 'bank_system_log_'),
  (10004, '2025-04-04', '2025-04-04 09:04:00', 'bank_sys_004', 'User 4', 'bank_system_log_tagged_log_sourc', 'bank_system_log_tagged_operation_4', 41.0000, 0.20, 'English mock description for bank_system_log_tagged row 4', 'bank_system_log_tagged_ai_tag_4', 'bank_system_log_', 0, 0, '2025-04-04 09:04:00', 'bank_system_log_'),
  (10005, '2025-04-05', '2025-04-05 09:05:00', 'bank_sys_005', 'User 5', 'bank_system_log_tagged_log_sourc', 'bank_system_log_tagged_operation_5', 51.2500, 0.25, 'English mock description for bank_system_log_tagged row 5', 'bank_system_log_tagged_ai_tag_5', 'bank_system_log_', 1, 1, '2025-04-05 09:05:00', 'bank_system_log_');

-- Table: bank_system_log_with_ai
TRUNCATE TABLE `bank_system_log_with_ai`;
INSERT INTO `bank_system_log_with_ai` (`log_id`, `log_time`, `log_level`, `system_module`, `log_content`, `ai_tag`) VALUES
  (10001, '2025-04-01 09:01:00', 'L1', 'bank_system_log_with_ai_system_module_1', 'English mock description for bank_system_log_with_ai row 1', 'bank_system_log_with_ai_ai_tag_1'),
  (10002, '2025-04-02 09:02:00', 'L2', 'bank_system_log_with_ai_system_module_2', 'English mock description for bank_system_log_with_ai row 2', 'bank_system_log_with_ai_ai_tag_2'),
  (10003, '2025-04-03 09:03:00', 'L3', 'bank_system_log_with_ai_system_module_3', 'English mock description for bank_system_log_with_ai row 3', 'bank_system_log_with_ai_ai_tag_3'),
  (10004, '2025-04-04 09:04:00', 'L4', 'bank_system_log_with_ai_system_module_4', 'English mock description for bank_system_log_with_ai row 4', 'bank_system_log_with_ai_ai_tag_4'),
  (10005, '2025-04-05 09:05:00', 'L5', 'bank_system_log_with_ai_system_module_5', 'English mock description for bank_system_log_with_ai row 5', 'bank_system_log_with_ai_ai_tag_5');

-- Table: biz_metrics
TRUNCATE TABLE `biz_metrics`;
INSERT INTO `biz_metrics` (`metric_date`, `metric_type`, `amount`, `yoy_growth`, `mom_growth`, `target_amount`, `created_at`) VALUES
  ('2025-04-01', 'Revenue', 10.25, 0.05, 0.05, 10.25, '2025-04-01 09:01:00'),
  ('2025-04-02', 'Cost', 20.50, 0.10, 0.10, 20.50, '2025-04-02 09:02:00'),
  ('2025-04-03', 'Profit', 30.75, 0.15, 0.15, 30.75, '2025-04-03 09:03:00'),
  ('2025-04-04', 'GMV', 41.00, 0.20, 0.20, 41.00, '2025-04-04 09:04:00'),
  ('2025-04-05', 'Fee', 51.25, 0.25, 0.25, 51.25, '2025-04-05 09:05:00');

-- Table: bj_metro_daily_flow
TRUNCATE TABLE `bj_metro_daily_flow`;
INSERT INTO `bj_metro_daily_flow` (`flow_date`, `station_id`, `line_id`, `inbound_count`, `outbound_count`, `peak_inbound`) VALUES
  ('2025-04-01', 'bj_metro_001', 'bj_metro_0', 10, 10, 1),
  ('2025-04-02', 'bj_metro_002', 'bj_metro_0', 20, 20, 2),
  ('2025-04-03', 'bj_metro_003', 'bj_metro_0', 30, 30, 3),
  ('2025-04-04', 'bj_metro_004', 'bj_metro_0', 40, 40, 4),
  ('2025-04-05', 'bj_metro_005', 'bj_metro_0', 50, 50, 5);

-- Table: bj_metro_fault_log
TRUNCATE TABLE `bj_metro_fault_log`;
INSERT INTO `bj_metro_fault_log` (`fault_id`, `fault_time`, `line_id`, `station_id`, `device_type`, `fault_type`, `severity`, `description`, `resolve_time`, `resolve_min`, `status`, `handler`) VALUES
  ('bj_metro_001', '2025-04-01 09:01:00', 'bj_metro_0', 'bj_metro_001', 'Retail', 'Retail', 'bj_metro_fault_log_s', 'English mock description for bj_metro_fault_log row 1', '2025-04-01 09:01:00', 1, 'Normal', 'bj_metro_fault_log_handler_1'),
  ('bj_metro_002', '2025-04-02 09:02:00', 'bj_metro_0', 'bj_metro_002', 'Wealth', 'Wealth', 'bj_metro_fault_log_s', 'English mock description for bj_metro_fault_log row 2', '2025-04-02 09:02:00', 2, 'Running', 'bj_metro_fault_log_handler_2'),
  ('bj_metro_003', '2025-04-03 09:03:00', 'bj_metro_0', 'bj_metro_003', 'Credit', 'Credit', 'bj_metro_fault_log_s', 'English mock description for bj_metro_fault_log row 3', '2025-04-03 09:03:00', 3, 'Success', 'bj_metro_fault_log_handler_3'),
  ('bj_metro_004', '2025-04-04 09:04:00', 'bj_metro_0', 'bj_metro_004', 'Risk', 'Risk', 'bj_metro_fault_log_s', 'English mock description for bj_metro_fault_log row 4', '2025-04-04 09:04:00', 4, 'Active', 'bj_metro_fault_log_handler_4'),
  ('bj_metro_005', '2025-04-05 09:05:00', 'bj_metro_0', 'bj_metro_005', 'Operation', 'Operation', 'bj_metro_fault_log_s', 'English mock description for bj_metro_fault_log row 5', '2025-04-05 09:05:00', 5, 'Completed', 'bj_metro_fault_log_handler_5');

-- Table: bj_metro_hourly_flow
TRUNCATE TABLE `bj_metro_hourly_flow`;
INSERT INTO `bj_metro_hourly_flow` (`flow_date`, `flow_hour`, `line_id`, `total_passengers`, `overcapacity_cnt`) VALUES
  ('2025-04-01', 1, 'bj_metro_0', 1, 10),
  ('2025-04-02', 2, 'bj_metro_0', 2, 20),
  ('2025-04-03', 3, 'bj_metro_0', 3, 30),
  ('2025-04-04', 4, 'bj_metro_0', 4, 40),
  ('2025-04-05', 5, 'bj_metro_0', 5, 50);

-- Table: bj_metro_lines
TRUNCATE TABLE `bj_metro_lines`;
INSERT INTO `bj_metro_lines` (`line_id`, `line_name`, `line_color`, `total_stations`, `total_length_km`, `open_year`, `daily_capacity_w`, `peak_interval_s`, `offpeak_interval_s`, `status`) VALUES
  ('bj_metro_0', 'Line 1', 'bj_metro_l', 1, 10.25, 1, 1, 1, 1, 'Normal'),
  ('bj_metro_0', 'Line 2', 'bj_metro_l', 2, 20.50, 2, 2, 2, 2, 'Running'),
  ('bj_metro_0', 'Line 3', 'bj_metro_l', 3, 30.75, 3, 3, 3, 3, 'Success'),
  ('bj_metro_0', 'Line 4', 'bj_metro_l', 4, 41.00, 4, 4, 4, 4, 'Active'),
  ('bj_metro_0', 'Line 5', 'bj_metro_l', 5, 51.25, 5, 5, 5, 5, 'Completed');

-- Table: bj_metro_train_ops
TRUNCATE TABLE `bj_metro_train_ops`;
INSERT INTO `bj_metro_train_ops` (`ops_date`, `line_id`, `planned_trains`, `actual_trains`, `punctuality_rate`, `delay_count`, `max_delay_sec`, `total_mileage_km`, `fault_count`) VALUES
  ('2025-04-01', 'bj_metro_0', 1, 1, 0.0500, 10, 1, 26, 10),
  ('2025-04-02', 'bj_metro_0', 2, 2, 0.1000, 20, 2, 27, 20),
  ('2025-04-03', 'bj_metro_0', 3, 3, 0.1500, 30, 3, 28, 30),
  ('2025-04-04', 'bj_metro_0', 4, 4, 0.2000, 40, 4, 29, 40),
  ('2025-04-05', 'bj_metro_0', 5, 5, 0.2500, 50, 5, 30, 50);

-- Table: db_call_log
TRUNCATE TABLE `db_call_log`;
INSERT INTO `db_call_log` (`trace_id`, `span_id`, `call_time`, `operation`, `table_name`, `sql_text`, `duration_ms`, `rows_returned`, `offset_ms`, `error_message`) VALUES
  ('db_call__001', 'db_call__001', '2025-04-01 09:01:00', 'db_call_log_oper', 'Table 1', 'INSERT INTO target_table SELECT * FROM source_table', 0.0500, 1, 1, 'English mock description for db_call_log row 1'),
  ('db_call__002', 'db_call__002', '2025-04-02 09:02:00', 'db_call_log_oper', 'Table 2', 'INSERT INTO target_table SELECT * FROM source_table', 0.1000, 2, 2, 'English mock description for db_call_log row 2'),
  ('db_call__003', 'db_call__003', '2025-04-03 09:03:00', 'db_call_log_oper', 'Table 3', 'INSERT INTO target_table SELECT * FROM source_table', 0.1500, 3, 3, 'English mock description for db_call_log row 3'),
  ('db_call__004', 'db_call__004', '2025-04-04 09:04:00', 'db_call_log_oper', 'Table 4', 'INSERT INTO target_table SELECT * FROM source_table', 0.2000, 4, 4, 'English mock description for db_call_log row 4'),
  ('db_call__005', 'db_call__005', '2025-04-05 09:05:00', 'db_call_log_oper', 'Table 5', 'INSERT INTO target_table SELECT * FROM source_table', 0.2500, 5, 5, 'English mock description for db_call_log row 5');

-- Table: fund_basic
TRUNCATE TABLE `fund_basic`;
INSERT INTO `fund_basic` (`fund_id`, `fund_name`, `fund_type`, `sector_tag`, `manager_id`, `risk_level`, `fee_rate`, `inception_date`, `nav_yesterday`, `cumulative_nav`, `realtime_iopv`, `iopv_deviation`, `capital_inflow`, `capital_outflow`, `capital_net`, `trade_status`, `ret_1m`, `ret_3m`, `ret_6m`, `ret_1y`, `ret_inception`, `sharpe`, `sortino`, `alpha`, `beta`, `max_drawdown`, `volatility`, `update_ts`) VALUES
  ('fund_bas_0', 'Fund 1', 'Retail', 'fund_basic_sector_ta', 'fund_bas_0', 1, 0.0500, '2025-04-01', 1.1100, 1.1100, 1.1100, 1.1100, 1.1100, 1.1100, 1.1100, 'Normal', 1.1100, 1.1100, 1.1100, 1.1100, 1.1100, 1.1100, 1.1100, 1.1100, 1.1100, 1.1100, 1.1100, '2025-04-01 09:01:00'),
  ('fund_bas_0', 'Fund 2', 'Wealth', 'fund_basic_sector_ta', 'fund_bas_0', 2, 0.1000, '2025-04-02', 2.2200, 2.2200, 2.2200, 2.2200, 2.2200, 2.2200, 2.2200, 'Running', 2.2200, 2.2200, 2.2200, 2.2200, 2.2200, 2.2200, 2.2200, 2.2200, 2.2200, 2.2200, 2.2200, '2025-04-02 09:02:00'),
  ('fund_bas_0', 'Fund 3', 'Credit', 'fund_basic_sector_ta', 'fund_bas_0', 3, 0.1500, '2025-04-03', 3.3300, 3.3300, 3.3300, 3.3300, 3.3300, 3.3300, 3.3300, 'Success', 3.3300, 3.3300, 3.3300, 3.3300, 3.3300, 3.3300, 3.3300, 3.3300, 3.3300, 3.3300, 3.3300, '2025-04-03 09:03:00'),
  ('fund_bas_0', 'Fund 4', 'Risk', 'fund_basic_sector_ta', 'fund_bas_0', 4, 0.2000, '2025-04-04', 4.4400, 4.4400, 4.4400, 4.4400, 4.4400, 4.4400, 4.4400, 'Active', 4.4400, 4.4400, 4.4400, 4.4400, 4.4400, 4.4400, 4.4400, 4.4400, 4.4400, 4.4400, 4.4400, '2025-04-04 09:04:00'),
  ('fund_bas_0', 'Fund 5', 'Operation', 'fund_basic_sector_ta', 'fund_bas_0', 5, 0.2500, '2025-04-05', 5.5500, 5.5500, 5.5500, 5.5500, 5.5500, 5.5500, 5.5500, 'Completed', 5.5500, 5.5500, 5.5500, 5.5500, 5.5500, 5.5500, 5.5500, 5.5500, 5.5500, 5.5500, 5.5500, '2025-04-05 09:05:00');

-- Table: fund_manager
TRUNCATE TABLE `fund_manager`;
INSERT INTO `fund_manager` (`manager_id`, `name`, `tenure_years`, `aum_bn`, `style_tag`, `turnover_rate`, `avg_alpha`, `total_return`, `max_drawdown`, `sharpe`) VALUES
  ('fund_man_0', 'Fund Manager 1', 1.1100, 1000.25, 'fund_manager_style_t', 0.0500, 1.1100, 1.1100, 1.1100, 1.1100),
  ('fund_man_0', 'Fund Manager 2', 2.2200, 2000.50, 'fund_manager_style_t', 0.1000, 2.2200, 2.2200, 2.2200, 2.2200),
  ('fund_man_0', 'Fund Manager 3', 3.3300, 3000.75, 'fund_manager_style_t', 0.1500, 3.3300, 3.3300, 3.3300, 3.3300),
  ('fund_man_0', 'Fund Manager 4', 4.4400, 4001.00, 'fund_manager_style_t', 0.2000, 4.4400, 4.4400, 4.4400, 4.4400),
  ('fund_man_0', 'Fund Manager 5', 5.5500, 5001.25, 'fund_manager_style_t', 0.2500, 5.5500, 5.5500, 5.5500, 5.5500);

-- Table: fund_nav_history
TRUNCATE TABLE `fund_nav_history`;
INSERT INTO `fund_nav_history` (`trade_date`, `fund_id`, `nav`, `cumulative_nav`, `daily_return`, `benchmark_ret`, `excess_ret`, `drawdown`, `rolling_sharpe`, `rolling_alpha`, `script_name`, `script_color`) VALUES
  ('2025-04-01', 'fund_nav_0', 1.1100, 1.1100, 1.1100, 1.1100, 1.1100, 1.1100, 1.1100, 1.1100, 'Script 1', 'fund_nav_h'),
  ('2025-04-02', 'fund_nav_0', 2.2200, 2.2200, 2.2200, 2.2200, 2.2200, 2.2200, 2.2200, 2.2200, 'Script 2', 'fund_nav_h'),
  ('2025-04-03', 'fund_nav_0', 3.3300, 3.3300, 3.3300, 3.3300, 3.3300, 3.3300, 3.3300, 3.3300, 'Script 3', 'fund_nav_h'),
  ('2025-04-04', 'fund_nav_0', 4.4400, 4.4400, 4.4400, 4.4400, 4.4400, 4.4400, 4.4400, 4.4400, 'Script 4', 'fund_nav_h'),
  ('2025-04-05', 'fund_nav_0', 5.5500, 5.5500, 5.5500, 5.5500, 5.5500, 5.5500, 5.5500, 5.5500, 'Script 5', 'fund_nav_h');

-- Table: fund_position
TRUNCATE TABLE `fund_position`;
INSERT INTO `fund_position` (`fund_id`, `report_date`, `stock_code`, `stock_name`, `sector_l1`, `weight_pct`, `market_value_mn`, `price_contrib`, `alpha_contrib`) VALUES
  ('fund_pos_0', '2025-04-01', 'C0001', 'Stock 1', 'fund_position_sector', 0.0500, 1.1100, 1000.25, 1.1100),
  ('fund_pos_0', '2025-04-02', 'C0002', 'Stock 2', 'fund_position_sector', 0.1000, 2.2200, 2000.50, 2.2200),
  ('fund_pos_0', '2025-04-03', 'C0003', 'Stock 3', 'fund_position_sector', 0.1500, 3.3300, 3000.75, 3.3300),
  ('fund_pos_0', '2025-04-04', 'C0004', 'Stock 4', 'fund_position_sector', 0.2000, 4.4400, 4001.00, 4.4400),
  ('fund_pos_0', '2025-04-05', 'C0005', 'Stock 5', 'fund_position_sector', 0.2500, 5.5500, 5001.25, 5.5500);

-- Table: ground_station
TRUNCATE TABLE `ground_station`;
INSERT INTO `ground_station` (`station_id`, `station_name`, `location`, `latitude`, `longitude`, `station_type`, `status`, `antenna_count`, `coverage_radius_km`, `daily_contacts`, `uptime_pct`) VALUES
  (10001, 'Station 1', 'ground_station_location_1', 1.1100, 1.1100, 'Retail', 'Normal', 10, 26, 1, 0.0500),
  (10002, 'Station 2', 'ground_station_location_2', 2.2200, 2.2200, 'Wealth', 'Running', 20, 27, 2, 0.1000),
  (10003, 'Station 3', 'ground_station_location_3', 3.3300, 3.3300, 'Credit', 'Success', 30, 28, 3, 0.1500),
  (10004, 'Station 4', 'ground_station_location_4', 4.4400, 4.4400, 'Risk', 'Active', 40, 29, 4, 0.2000),
  (10005, 'Station 5', 'ground_station_location_5', 5.5500, 5.5500, 'Operation', 'Completed', 50, 30, 5, 0.2500);

-- Table: mdm_jfmat
TRUNCATE TABLE `mdm_jfmat`;
INSERT INTO `mdm_jfmat` (`code`, `active`, `property_full`, `material_name`, `thread_spec`, `performance_grade`, `standard_code`) VALUES
  ('C0001', 1, 'mdm_jfmat_property_full_1', 'Material 1', 'mdm_jfmat_thread_spec_1', 'mdm_jfmat_performance_grade_1', 'C0001'),
  ('C0002', 2, 'mdm_jfmat_property_full_2', 'Material 2', 'mdm_jfmat_thread_spec_2', 'mdm_jfmat_performance_grade_2', 'C0002'),
  ('C0003', 3, 'mdm_jfmat_property_full_3', 'Material 3', 'mdm_jfmat_thread_spec_3', 'mdm_jfmat_performance_grade_3', 'C0003'),
  ('C0004', 4, 'mdm_jfmat_property_full_4', 'Material 4', 'mdm_jfmat_thread_spec_4', 'mdm_jfmat_performance_grade_4', 'C0004'),
  ('C0005', 5, 'mdm_jfmat_property_full_5', 'Material 5', 'mdm_jfmat_thread_spec_5', 'mdm_jfmat_performance_grade_5', 'C0005');

-- Table: mfg_metrics_v2
TRUNCATE TABLE `mfg_metrics_v2`;
INSERT INTO `mfg_metrics_v2` (`ts`, `machine_id`, `line_id`, `machine_type`, `script_name`, `script_color`, `temperature`, `bearing_temp`, `coolant_temp`, `vibration`, `noise_level`, `spindle_speed`, `feed_rate`, `cutting_force`, `torque`, `motor_current`, `power_kw`, `hydraulic_bar`, `air_pressure`, `coolant_flow`, `tool_wear_pct`, `oee`, `availability`, `performance_rate`, `quality_rate`, `output_count`, `planned_output`, `defect_count`, `scrap_count`, `rework_count`, `cycle_time_s`, `plan_cycle_s`, `run_hours`, `yield_rate`, `first_pass_yield`, `scrap_rate`, `rework_rate`, `cpk_value`, `ppm_value`, `surface_roughness`, `dimensional_error`, `hardness_hrc`, `tensile_strength`, `energy_kwh`, `energy_per_unit`, `co2_kg`, `env_temp`, `env_humidity`, `coolant_consumed_l`, `compressed_air_m3`, `water_l`, `tool_change_cnt`, `alarm_count`, `unplanned_down_min`, `planned_down_min`, `mtbf_h`) VALUES
  ('2025-04-01 09:01:00', 'mfg_metr_001', 'mfg_metr_0', 'Retail', 'Script 1', 'mfg_metric', 1.1100, 1.1100, 1.1100, 0.0500, 1, 1, 0.0500, 1.1100, 1.1100, 1.1100, 1.1100, 1.1100, 1.1100, 1.1100, 0.0500, 1.1100, 1.1100, 0.0500, 0.0500, 10, 1, 10, 10, 10, 1.1100, 1.1100, 1.1100, 0.0500, 1.1100, 0.0500, 0.0500, 1.1100, 1, 1.1100, 1.1100, 1.1100, 1.1100, 1.1100, 1.1100, 1.1100, 1.1100, 1.1100, 1.1100, 1.1100, 1.1100, 10, 10, 1.1100, 1.1100, 1.1100),
  ('2025-04-02 09:02:00', 'mfg_metr_002', 'mfg_metr_0', 'Wealth', 'Script 2', 'mfg_metric', 2.2200, 2.2200, 2.2200, 0.1000, 2, 2, 0.1000, 2.2200, 2.2200, 2.2200, 2.2200, 2.2200, 2.2200, 2.2200, 0.1000, 2.2200, 2.2200, 0.1000, 0.1000, 20, 2, 20, 20, 20, 2.2200, 2.2200, 2.2200, 0.1000, 2.2200, 0.1000, 0.1000, 2.2200, 2, 2.2200, 2.2200, 2.2200, 2.2200, 2.2200, 2.2200, 2.2200, 2.2200, 2.2200, 2.2200, 2.2200, 2.2200, 20, 20, 2.2200, 2.2200, 2.2200),
  ('2025-04-03 09:03:00', 'mfg_metr_003', 'mfg_metr_0', 'Credit', 'Script 3', 'mfg_metric', 3.3300, 3.3300, 3.3300, 0.1500, 3, 3, 0.1500, 3.3300, 3.3300, 3.3300, 3.3300, 3.3300, 3.3300, 3.3300, 0.1500, 3.3300, 3.3300, 0.1500, 0.1500, 30, 3, 30, 30, 30, 3.3300, 3.3300, 3.3300, 0.1500, 3.3300, 0.1500, 0.1500, 3.3300, 3, 3.3300, 3.3300, 3.3300, 3.3300, 3.3300, 3.3300, 3.3300, 3.3300, 3.3300, 3.3300, 3.3300, 3.3300, 30, 30, 3.3300, 3.3300, 3.3300),
  ('2025-04-04 09:04:00', 'mfg_metr_004', 'mfg_metr_0', 'Risk', 'Script 4', 'mfg_metric', 4.4400, 4.4400, 4.4400, 0.2000, 4, 4, 0.2000, 4.4400, 4.4400, 4.4400, 4.4400, 4.4400, 4.4400, 4.4400, 0.2000, 4.4400, 4.4400, 0.2000, 0.2000, 40, 4, 40, 40, 40, 4.4400, 4.4400, 4.4400, 0.2000, 4.4400, 0.2000, 0.2000, 4.4400, 4, 4.4400, 4.4400, 4.4400, 4.4400, 4.4400, 4.4400, 4.4400, 4.4400, 4.4400, 4.4400, 4.4400, 4.4400, 40, 40, 4.4400, 4.4400, 4.4400),
  ('2025-04-05 09:05:00', 'mfg_metr_005', 'mfg_metr_0', 'Operation', 'Script 5', 'mfg_metric', 5.5500, 5.5500, 5.5500, 0.2500, 5, 5, 0.2500, 5.5500, 5.5500, 5.5500, 5.5500, 5.5500, 5.5500, 5.5500, 0.2500, 5.5500, 5.5500, 0.2500, 0.2500, 50, 5, 50, 50, 50, 5.5500, 5.5500, 5.5500, 0.2500, 5.5500, 0.2500, 0.2500, 5.5500, 5, 5.5500, 5.5500, 5.5500, 5.5500, 5.5500, 5.5500, 5.5500, 5.5500, 5.5500, 5.5500, 5.5500, 5.5500, 50, 50, 5.5500, 5.5500, 5.5500);

-- Table: mfg_production_metrics
TRUNCATE TABLE `mfg_production_metrics`;
INSERT INTO `mfg_production_metrics` (`ts`, `machine_id`, `line_id`, `temperature`, `vibration`, `output_count`, `defect_count`, `oee`, `yield_rate`, `script_name`, `script_color`) VALUES
  ('2025-04-01 09:01:00', 'mfg_prod_001', 'mfg_prod_0', 1.1100, 0.0500, 10, 10, 1.1100, 0.0500, 'Script 1', 'mfg_produc'),
  ('2025-04-02 09:02:00', 'mfg_prod_002', 'mfg_prod_0', 2.2200, 0.1000, 20, 20, 2.2200, 0.1000, 'Script 2', 'mfg_produc'),
  ('2025-04-03 09:03:00', 'mfg_prod_003', 'mfg_prod_0', 3.3300, 0.1500, 30, 30, 3.3300, 0.1500, 'Script 3', 'mfg_produc'),
  ('2025-04-04 09:04:00', 'mfg_prod_004', 'mfg_prod_0', 4.4400, 0.2000, 40, 40, 4.4400, 0.2000, 'Script 4', 'mfg_produc'),
  ('2025-04-05 09:05:00', 'mfg_prod_005', 'mfg_prod_0', 5.5500, 0.2500, 50, 50, 5.5500, 0.2500, 'Script 5', 'mfg_produc');

-- Table: news_article
TRUNCATE TABLE `news_article`;
INSERT INTO `news_article` (`article_id`, `publish_ts`, `title`, `content`, `source`, `sector_tag`, `ai_summary`, `summarized`, `ai_sentiment`, `sentiment_score`, `sentiment_done`, `ai_extract`, `extracted`, `ai_method`) VALUES
  ('news_art_001', '2025-04-01 09:01:00', 'Title 1', 'English mock description for news_article row 1', 'news_article_source_1', 'news_article_sector_tag_1', 'news_article_ai_summary_1', 1, '2025-04-01', 1, 1, 'news_article_ai_extract_1', 1, 'news_article_ai_meth'),
  ('news_art_002', '2025-04-02 09:02:00', 'Title 2', 'English mock description for news_article row 2', 'news_article_source_2', 'news_article_sector_tag_2', 'news_article_ai_summary_2', 2, '2025-04-02', 2, 2, 'news_article_ai_extract_2', 2, 'news_article_ai_meth'),
  ('news_art_003', '2025-04-03 09:03:00', 'Title 3', 'English mock description for news_article row 3', 'news_article_source_3', 'news_article_sector_tag_3', 'news_article_ai_summary_3', 3, '2025-04-03', 3, 3, 'news_article_ai_extract_3', 3, 'news_article_ai_meth'),
  ('news_art_004', '2025-04-04 09:04:00', 'Title 4', 'English mock description for news_article row 4', 'news_article_source_4', 'news_article_sector_tag_4', 'news_article_ai_summary_4', 4, '2025-04-04', 4, 4, 'news_article_ai_extract_4', 4, 'news_article_ai_meth'),
  ('news_art_005', '2025-04-05 09:05:00', 'Title 5', 'English mock description for news_article row 5', 'news_article_source_5', 'news_article_sector_tag_5', 'news_article_ai_summary_5', 5, '2025-04-05', 5, 5, 'news_article_ai_extract_5', 5, 'news_article_ai_meth');

-- Table: position_metrics
TRUNCATE TABLE `position_metrics`;
INSERT INTO `position_metrics` (`metric_date`, `asset_class`, `position_amount`, `position_ratio`, `market_value`, `profit_loss`, `pl_ratio`, `created_at`) VALUES
  ('2025-04-01', 'position_metrics_asset_class_1', 10.25, 0.05, 10.25, 10.25, 0.05, '2025-04-01 09:01:00'),
  ('2025-04-02', 'position_metrics_asset_class_2', 20.50, 0.10, 20.50, 20.50, 0.10, '2025-04-02 09:02:00'),
  ('2025-04-03', 'position_metrics_asset_class_3', 30.75, 0.15, 30.75, 30.75, 0.15, '2025-04-03 09:03:00'),
  ('2025-04-04', 'position_metrics_asset_class_4', 41.00, 0.20, 41.00, 41.00, 0.20, '2025-04-04 09:04:00'),
  ('2025-04-05', 'position_metrics_asset_class_5', 51.25, 0.25, 51.25, 51.25, 0.25, '2025-04-05 09:05:00');

-- Table: product_marketing
TRUNCATE TABLE `product_marketing`;
INSERT INTO `product_marketing` (`metric_date`, `product_name`, `category`, `sales_amount`, `sales_count`, `success_rate`, `customer_acquisition`, `repurchase_rate`, `rating`, `created_at`) VALUES
  ('2025-04-01', 'Product 1', 'Retail', 10.25, 10, 0.05, 1, 0.05, 10.2, '2025-04-01 09:01:00'),
  ('2025-04-02', 'Product 2', 'Wealth', 20.50, 20, 0.10, 2, 0.10, 20.5, '2025-04-02 09:02:00'),
  ('2025-04-03', 'Product 3', 'Credit', 30.75, 30, 0.15, 3, 0.15, 30.8, '2025-04-03 09:03:00'),
  ('2025-04-04', 'Product 4', 'Risk', 41.00, 40, 0.20, 4, 0.20, 41.0, '2025-04-04 09:04:00'),
  ('2025-04-05', 'Product 5', 'Operation', 51.25, 50, 0.25, 5, 0.25, 51.2, '2025-04-05 09:05:00');

-- Table: risk_metrics
TRUNCATE TABLE `risk_metrics`;
INSERT INTO `risk_metrics` (`metric_date`, `risk_level`, `exposure_amount`, `default_count`, `default_rate`, `coverage_ratio`, `overdue_amount`, `created_at`) VALUES
  ('2025-04-01', 'Low', 10.25, 10, 0.0500, 26, 10.25, '2025-04-01 09:01:00'),
  ('2025-04-02', 'Medium', 20.50, 20, 0.1000, 27, 20.50, '2025-04-02 09:02:00'),
  ('2025-04-03', 'High', 30.75, 30, 0.1500, 28, 30.75, '2025-04-03 09:03:00'),
  ('2025-04-04', 'Critical', 41.00, 40, 0.2000, 29, 41.00, '2025-04-04 09:04:00'),
  ('2025-04-05', 'Low', 51.25, 50, 0.2500, 30, 51.25, '2025-04-05 09:05:00');

-- Table: satellite_collect_data
TRUNCATE TABLE `satellite_collect_data`;
INSERT INTO `satellite_collect_data` (`id`, `satellite_id`, `satellite_name`, `satellite_type`, `sensor_id`, `collect_time`, `data_type`, `target_id`, `target_type`, `longitude`, `latitude`, `data_quality`, `data_size`, `status`, `task_id`, `created_at`) VALUES
  (10001, 'satellit_001', 'Satellite 1', 'Retail', 'satellit_001', 1, 'Retail', 'satellit_001', 'Retail', 10.250000, 10.250000, 1, 1, 'Normal', 'satellit_001', 1),
  (10002, 'satellit_002', 'Satellite 2', 'Wealth', 'satellit_002', 2, 'Wealth', 'satellit_002', 'Wealth', 20.500000, 20.500000, 2, 2, 'Running', 'satellit_002', 2),
  (10003, 'satellit_003', 'Satellite 3', 'Credit', 'satellit_003', 3, 'Credit', 'satellit_003', 'Credit', 30.750000, 30.750000, 3, 3, 'Success', 'satellit_003', 3),
  (10004, 'satellit_004', 'Satellite 4', 'Risk', 'satellit_004', 4, 'Risk', 'satellit_004', 'Risk', 41.000000, 41.000000, 4, 4, 'Active', 'satellit_004', 4),
  (10005, 'satellit_005', 'Satellite 5', 'Operation', 'satellit_005', 5, 'Operation', 'satellit_005', 'Operation', 51.250000, 51.250000, 5, 5, 'Completed', 'satellit_005', 5);

-- Table: satellite_info
TRUNCATE TABLE `satellite_info`;
INSERT INTO `satellite_info` (`satellite_id`, `satellite_name`, `satellite_type`, `orbit_type`, `launch_date`, `status`, `operator`, `country`, `altitude_km`, `inclination_deg`, `period_min`, `payload_type`, `mass_kg`) VALUES
  (10001, 'Satellite 1', 'Retail', 'Retail', '2025-04-01', 'Normal', 'satellite_info_operator_1', 'satellite_info_count', 1.1100, 1.1100, 1.1100, 'Retail', 1.1100),
  (10002, 'Satellite 2', 'Wealth', 'Wealth', '2025-04-02', 'Running', 'satellite_info_operator_2', 'satellite_info_count', 2.2200, 2.2200, 2.2200, 'Wealth', 2.2200),
  (10003, 'Satellite 3', 'Credit', 'Credit', '2025-04-03', 'Success', 'satellite_info_operator_3', 'satellite_info_count', 3.3300, 3.3300, 3.3300, 'Credit', 3.3300),
  (10004, 'Satellite 4', 'Risk', 'Risk', '2025-04-04', 'Active', 'satellite_info_operator_4', 'satellite_info_count', 4.4400, 4.4400, 4.4400, 'Risk', 4.4400),
  (10005, 'Satellite 5', 'Operation', 'Operation', '2025-04-05', 'Completed', 'satellite_info_operator_5', 'satellite_info_count', 5.5500, 5.5500, 5.5500, 'Operation', 5.5500);

-- Table: satellite_task
TRUNCATE TABLE `satellite_task`;
INSERT INTO `satellite_task` (`task_id`, `satellite_id`, `task_type`, `task_time`, `target_area`, `priority`, `status`, `duration_min`, `data_volume_gb`, `resolution_m`, `coverage_km2`) VALUES
  (10001, 10001, 'Retail', '2025-04-01 09:01:00', 'satellite_task_target_area_1', 1, 'Normal', 0.0500, 1.1100, 1.1100, 26),
  (10002, 10002, 'Wealth', '2025-04-02 09:02:00', 'satellite_task_target_area_2', 2, 'Running', 0.1000, 2.2200, 2.2200, 27),
  (10003, 10003, 'Credit', '2025-04-03 09:03:00', 'satellite_task_target_area_3', 3, 'Success', 0.1500, 3.3300, 3.3300, 28),
  (10004, 10004, 'Risk', '2025-04-04 09:04:00', 'satellite_task_target_area_4', 4, 'Active', 0.2000, 4.4400, 4.4400, 29),
  (10005, 10005, 'Operation', '2025-04-05 09:05:00', 'satellite_task_target_area_5', 5, 'Completed', 0.2500, 5.5500, 5.5500, 30);

-- Table: satellite_telemetry
TRUNCATE TABLE `satellite_telemetry`;
INSERT INTO `satellite_telemetry` (`record_id`, `satellite_id`, `record_time`, `battery_pct`, `solar_power_w`, `cpu_temp_c`, `signal_strength_db`, `orbit_altitude_km`, `attitude_roll`, `attitude_pitch`, `attitude_yaw`, `anomaly_flag`) VALUES
  (10001, 10001, '2025-04-01 09:01:00', 0.0500, 1.1100, 1.1100, 1.1100, 1.1100, 1.1100, 1.1100, 1.1100, 1),
  (10002, 10002, '2025-04-02 09:02:00', 0.1000, 2.2200, 2.2200, 2.2200, 2.2200, 2.2200, 2.2200, 2.2200, 0),
  (10003, 10003, '2025-04-03 09:03:00', 0.1500, 3.3300, 3.3300, 3.3300, 3.3300, 3.3300, 3.3300, 3.3300, 1),
  (10004, 10004, '2025-04-04 09:04:00', 0.2000, 4.4400, 4.4400, 4.4400, 4.4400, 4.4400, 4.4400, 4.4400, 0),
  (10005, 10005, '2025-04-05 09:05:00', 0.2500, 5.5500, 5.5500, 5.5500, 5.5500, 5.5500, 5.5500, 5.5500, 1);

-- Table: satellite_telemetry_hf
TRUNCATE TABLE `satellite_telemetry_hf`;
INSERT INTO `satellite_telemetry_hf` (`record_id`, `satellite_id`, `record_time`, `battery_pct`, `solar_power_w`, `cpu_temp_c`, `thermal_payload_c`, `signal_strength_db`, `link_snr_db`, `orbit_altitude_km`, `attitude_error_deg`, `data_buffer_pct`, `anomaly_flag`) VALUES
  (10001, 10001, '2025-04-01 09:01:00', 0.0500, 1.1100, 1.1100, 1.1100, 1.1100, 1.1100, 1.1100, 1.1100, 0.0500, 1),
  (10002, 10002, '2025-04-02 09:02:00', 0.1000, 2.2200, 2.2200, 2.2200, 2.2200, 2.2200, 2.2200, 2.2200, 0.1000, 0),
  (10003, 10003, '2025-04-03 09:03:00', 0.1500, 3.3300, 3.3300, 3.3300, 3.3300, 3.3300, 3.3300, 3.3300, 0.1500, 1),
  (10004, 10004, '2025-04-04 09:04:00', 0.2000, 4.4400, 4.4400, 4.4400, 4.4400, 4.4400, 4.4400, 4.4400, 0.2000, 0),
  (10005, 10005, '2025-04-05 09:05:00', 0.2500, 5.5500, 5.5500, 5.5500, 5.5500, 5.5500, 5.5500, 5.5500, 0.2500, 1);

-- Table: sec_account_snapshot
TRUNCATE TABLE `sec_account_snapshot`;
INSERT INTO `sec_account_snapshot` (`account_id`, `client_name`, `branch_id`, `branch_name`, `rm_name`, `client_tier`, `risk_level`, `total_asset`, `cash_amt`, `market_value`, `unrealized_pnl`, `pnl_pct`, `margin_debt`, `maintenance_ratio`, `concentration_pct`, `position_count`, `trade_count_today`, `turnover_today`, `last_trade_ts`, `update_ts`) VALUES
  ('sec_acco_001', 'Client 1', 'sec_acco_0', 'Branch 1', 'Rm 1', 'sec_account_snapshot', 1, 1.1100, 1.1100, 1.1100, 1.1100, 0.0500, 1.1100, 0.0500, 0.0500, 10, 10, 1.1100, '2025-04-01 09:01:00', '2025-04-01 09:01:00'),
  ('sec_acco_002', 'Client 2', 'sec_acco_0', 'Branch 2', 'Rm 2', 'sec_account_snapshot', 2, 2.2200, 2.2200, 2.2200, 2.2200, 0.1000, 2.2200, 0.1000, 0.1000, 20, 20, 2.2200, '2025-04-02 09:02:00', '2025-04-02 09:02:00'),
  ('sec_acco_003', 'Client 3', 'sec_acco_0', 'Branch 3', 'Rm 3', 'sec_account_snapshot', 3, 3.3300, 3.3300, 3.3300, 3.3300, 0.1500, 3.3300, 0.1500, 0.1500, 30, 30, 3.3300, '2025-04-03 09:03:00', '2025-04-03 09:03:00'),
  ('sec_acco_004', 'Client 4', 'sec_acco_0', 'Branch 4', 'Rm 4', 'sec_account_snapshot', 4, 4.4400, 4.4400, 4.4400, 4.4400, 0.2000, 4.4400, 0.2000, 0.2000, 40, 40, 4.4400, '2025-04-04 09:04:00', '2025-04-04 09:04:00'),
  ('sec_acco_005', 'Client 5', 'sec_acco_0', 'Branch 5', 'Rm 5', 'sec_account_snapshot', 5, 5.5500, 5.5500, 5.5500, 5.5500, 0.2500, 5.5500, 0.2500, 0.2500, 50, 50, 5.5500, '2025-04-05 09:05:00', '2025-04-05 09:05:00');

-- Table: sec_branch_metrics
TRUNCATE TABLE `sec_branch_metrics`;
INSERT INTO `sec_branch_metrics` (`ts`, `branch_id`, `branch_name`, `turnover_amt`, `commission_amt`, `buy_amt`, `sell_amt`, `net_inflow_amt`, `active_clients`, `margin_clients`, `avg_maintenance`, `phase_name`) VALUES
  ('2025-04-01 09:01:00', 'sec_bran_0', 'Branch 1', 1.1100, 1.1100, 1.1100, 1.1100, 1.1100, 1, 1, 1.1100, 'Phase 1'),
  ('2025-04-02 09:02:00', 'sec_bran_0', 'Branch 2', 2.2200, 2.2200, 2.2200, 2.2200, 2.2200, 2, 2, 2.2200, 'Phase 2'),
  ('2025-04-03 09:03:00', 'sec_bran_0', 'Branch 3', 3.3300, 3.3300, 3.3300, 3.3300, 3.3300, 3, 3, 3.3300, 'Phase 3'),
  ('2025-04-04 09:04:00', 'sec_bran_0', 'Branch 4', 4.4400, 4.4400, 4.4400, 4.4400, 4.4400, 4, 4, 4.4400, 'Phase 4'),
  ('2025-04-05 09:05:00', 'sec_bran_0', 'Branch 5', 5.5500, 5.5500, 5.5500, 5.5500, 5.5500, 5, 5, 5.5500, 'Phase 5');

-- Table: sec_market_minute
TRUNCATE TABLE `sec_market_minute`;
INSERT INTO `sec_market_minute` (`ts`, `symbol`, `security_name`, `sector_name`, `last_price`, `change_pct`, `volume_lot`, `turnover_amt`, `net_inflow_amt`, `phase_name`) VALUES
  ('2025-04-01 09:01:00', 'C0001', 'Security 1', 'Sector 1', 1000.25, 0.0500, 1, 1.1100, 1.1100, 'Phase 1'),
  ('2025-04-02 09:02:00', 'C0002', 'Security 2', 'Sector 2', 2000.50, 0.1000, 2, 2.2200, 2.2200, 'Phase 2'),
  ('2025-04-03 09:03:00', 'C0003', 'Security 3', 'Sector 3', 3000.75, 0.1500, 3, 3.3300, 3.3300, 'Phase 3'),
  ('2025-04-04 09:04:00', 'C0004', 'Security 4', 'Sector 4', 4001.00, 0.2000, 4, 4.4400, 4.4400, 'Phase 4'),
  ('2025-04-05 09:05:00', 'C0005', 'Security 5', 'Sector 5', 5001.25, 0.2500, 5, 5.5500, 5.5500, 'Phase 5');

-- Table: sec_position_snapshot
TRUNCATE TABLE `sec_position_snapshot`;
INSERT INTO `sec_position_snapshot` (`account_id`, `symbol`, `security_name`, `sector_name`, `branch_id`, `branch_name`, `qty`, `available_qty`, `avg_cost`, `last_price`, `market_value`, `cost_amount`, `unrealized_pnl`, `pnl_pct`, `weight_pct`, `update_ts`) VALUES
  ('sec_posi_001', 'C0001', 'Security 1', 'Sector 1', 'sec_posi_0', 'Branch 1', 1, 1, 1000.25, 1000.25, 1.1100, 1000.25, 1.1100, 0.0500, 0.0500, '2025-04-01 09:01:00'),
  ('sec_posi_002', 'C0002', 'Security 2', 'Sector 2', 'sec_posi_0', 'Branch 2', 2, 2, 2000.50, 2000.50, 2.2200, 2000.50, 2.2200, 0.1000, 0.1000, '2025-04-02 09:02:00'),
  ('sec_posi_003', 'C0003', 'Security 3', 'Sector 3', 'sec_posi_0', 'Branch 3', 3, 3, 3000.75, 3000.75, 3.3300, 3000.75, 3.3300, 0.1500, 0.1500, '2025-04-03 09:03:00'),
  ('sec_posi_004', 'C0004', 'Security 4', 'Sector 4', 'sec_posi_0', 'Branch 4', 4, 4, 4001.00, 4001.00, 4.4400, 4001.00, 4.4400, 0.2000, 0.2000, '2025-04-04 09:04:00'),
  ('sec_posi_005', 'C0005', 'Security 5', 'Sector 5', 'sec_posi_0', 'Branch 5', 5, 5, 5001.25, 5001.25, 5.5500, 5001.25, 5.5500, 0.2500, 0.2500, '2025-04-05 09:05:00');

-- Table: sec_risk_snapshot
TRUNCATE TABLE `sec_risk_snapshot`;
INSERT INTO `sec_risk_snapshot` (`alert_id`, `account_id`, `client_name`, `branch_id`, `branch_name`, `alert_type`, `risk_level`, `metric_value`, `threshold_value`, `position_symbol`, `position_name`, `suggestion`, `status`, `update_ts`) VALUES
  ('sec_risk_001', 'sec_risk_001', 'Client 1', 'sec_risk_0', 'Branch 1', 'Retail', 'Low', 1.1100, 1.1100, 'C0001', 'Position 1', 'sec_risk_snapshot_suggestion_1', 'Normal', '2025-04-01 09:01:00'),
  ('sec_risk_002', 'sec_risk_002', 'Client 2', 'sec_risk_0', 'Branch 2', 'Wealth', 'Medium', 2.2200, 2.2200, 'C0002', 'Position 2', 'sec_risk_snapshot_suggestion_2', 'Running', '2025-04-02 09:02:00'),
  ('sec_risk_003', 'sec_risk_003', 'Client 3', 'sec_risk_0', 'Branch 3', 'Credit', 'High', 3.3300, 3.3300, 'C0003', 'Position 3', 'sec_risk_snapshot_suggestion_3', 'Success', '2025-04-03 09:03:00'),
  ('sec_risk_004', 'sec_risk_004', 'Client 4', 'sec_risk_0', 'Branch 4', 'Risk', 'Critical', 4.4400, 4.4400, 'C0004', 'Position 4', 'sec_risk_snapshot_suggestion_4', 'Active', '2025-04-04 09:04:00'),
  ('sec_risk_005', 'sec_risk_005', 'Client 5', 'sec_risk_0', 'Branch 5', 'Operation', 'Low', 5.5500, 5.5500, 'C0005', 'Position 5', 'sec_risk_snapshot_suggestion_5', 'Completed', '2025-04-05 09:05:00');

-- Table: sec_trade_detail
TRUNCATE TABLE `sec_trade_detail`;
INSERT INTO `sec_trade_detail` (`trade_id`, `ts`, `account_id`, `client_name`, `branch_id`, `branch_name`, `rm_name`, `symbol`, `security_name`, `sector_name`, `side`, `price`, `qty`, `amount`, `fee`, `channel`, `phase_name`) VALUES
  ('sec_trad_001', '2025-04-01 09:01:00', 'sec_trad_001', 'Client 1', 'sec_trad_0', 'Branch 1', 'Rm 1', 'C0001', 'Security 1', 'Sector 1', 'sec_trade_', 1000.25, 1, 1000.25, 1.1100, 'Mobile App', 'Phase 1'),
  ('sec_trad_002', '2025-04-02 09:02:00', 'sec_trad_002', 'Client 2', 'sec_trad_0', 'Branch 2', 'Rm 2', 'C0002', 'Security 2', 'Sector 2', 'sec_trade_', 2000.50, 2, 2000.50, 2.2200, 'Branch', 'Phase 2'),
  ('sec_trad_003', '2025-04-03 09:03:00', 'sec_trad_003', 'Client 3', 'sec_trad_0', 'Branch 3', 'Rm 3', 'C0003', 'Security 3', 'Sector 3', 'sec_trade_', 3000.75, 3, 3000.75, 3.3300, 'Web', 'Phase 3'),
  ('sec_trad_004', '2025-04-04 09:04:00', 'sec_trad_004', 'Client 4', 'sec_trad_0', 'Branch 4', 'Rm 4', 'C0004', 'Security 4', 'Sector 4', 'sec_trade_', 4001.00, 4, 4001.00, 4.4400, 'Mini Program', 'Phase 4'),
  ('sec_trad_005', '2025-04-05 09:05:00', 'sec_trad_005', 'Client 5', 'sec_trad_0', 'Branch 5', 'Rm 5', 'C0005', 'Security 5', 'Sector 5', 'sec_trade_', 5001.25, 5, 5001.25, 5.5500, 'API', 'Phase 5');

-- Table: service_log
TRUNCATE TABLE `service_log`;
INSERT INTO `service_log` (`trace_id`, `span_id`, `request_time`, `method`, `path`, `status_code`, `duration_ms`, `ip_address`, `user_agent`, `error_message`, `tags`) VALUES
  ('service__001', 'service__001', '2025-04-01 09:01:00', 'service_log_meth', 'service_log_path_1', 1, 0.0500, 'service_log_ip_address_1', 'service_log_user_agent_1', 'English mock description for service_log row 1', '["demo","english","mock"]'),
  ('service__002', 'service__002', '2025-04-02 09:02:00', 'service_log_meth', 'service_log_path_2', 2, 0.1000, 'service_log_ip_address_2', 'service_log_user_agent_2', 'English mock description for service_log row 2', '["demo","english","mock"]'),
  ('service__003', 'service__003', '2025-04-03 09:03:00', 'service_log_meth', 'service_log_path_3', 3, 0.1500, 'service_log_ip_address_3', 'service_log_user_agent_3', 'English mock description for service_log row 3', '["demo","english","mock"]'),
  ('service__004', 'service__004', '2025-04-04 09:04:00', 'service_log_meth', 'service_log_path_4', 4, 0.2000, 'service_log_ip_address_4', 'service_log_user_agent_4', 'English mock description for service_log row 4', '["demo","english","mock"]'),
  ('service__005', 'service__005', '2025-04-05 09:05:00', 'service_log_meth', 'service_log_path_5', 5, 0.2500, 'service_log_ip_address_5', 'service_log_user_agent_5', 'English mock description for service_log row 5', '["demo","english","mock"]');

-- Table: sys_logs
TRUNCATE TABLE `sys_logs`;
INSERT INTO `sys_logs` (`trace_id`, `log_time`, `level`, `service`, `method`, `path`, `status_code`, `duration_ms`, `db_time_ms`, `message`, `log_tag`) VALUES
  ('sys_logs_001', '2025-04-01 09:01:00.000', 'L1', 'sys_logs_service_1', 'sys_logs_m', 'sys_logs_path_1', 1, 0.0500, 1.1100, 'English mock description for sys_logs row 1', 'sys_logs_log_tag_1'),
  ('sys_logs_002', '2025-04-02 09:02:00.000', 'L2', 'sys_logs_service_2', 'sys_logs_m', 'sys_logs_path_2', 2, 0.1000, 2.2200, 'English mock description for sys_logs row 2', 'sys_logs_log_tag_2'),
  ('sys_logs_003', '2025-04-03 09:03:00.000', 'L3', 'sys_logs_service_3', 'sys_logs_m', 'sys_logs_path_3', 3, 0.1500, 3.3300, 'English mock description for sys_logs row 3', 'sys_logs_log_tag_3'),
  ('sys_logs_004', '2025-04-04 09:04:00.000', 'L4', 'sys_logs_service_4', 'sys_logs_m', 'sys_logs_path_4', 4, 0.2000, 4.4400, 'English mock description for sys_logs row 4', 'sys_logs_log_tag_4'),
  ('sys_logs_005', '2025-04-05 09:05:00.000', 'L5', 'sys_logs_service_5', 'sys_logs_m', 'sys_logs_path_5', 5, 0.2500, 5.5500, 'English mock description for sys_logs row 5', 'sys_logs_log_tag_5');

-- Table: sys_spans
TRUNCATE TABLE `sys_spans`;
INSERT INTO `sys_spans` (`trace_id`, `span_id`, `parent_span_id`, `span_time`, `service`, `operation`, `offset_ms`, `duration_ms`, `status`, `db_query`) VALUES
  ('sys_span_001', 'sys_span_001', 'sys_span_001', '2025-04-01 09:01:00.000', 'sys_spans_service_1', 'sys_spans_operation_1', 1.1100, 0.0500, 'Normal', 'sys_spans_db_query_1'),
  ('sys_span_002', 'sys_span_002', 'sys_span_002', '2025-04-02 09:02:00.000', 'sys_spans_service_2', 'sys_spans_operation_2', 2.2200, 0.1000, 'Running', 'sys_spans_db_query_2'),
  ('sys_span_003', 'sys_span_003', 'sys_span_003', '2025-04-03 09:03:00.000', 'sys_spans_service_3', 'sys_spans_operation_3', 3.3300, 0.1500, 'Success', 'sys_spans_db_query_3'),
  ('sys_span_004', 'sys_span_004', 'sys_span_004', '2025-04-04 09:04:00.000', 'sys_spans_service_4', 'sys_spans_operation_4', 4.4400, 0.2000, 'Active', 'sys_spans_db_query_4'),
  ('sys_span_005', 'sys_span_005', 'sys_span_005', '2025-04-05 09:05:00.000', 'sys_spans_service_5', 'sys_spans_operation_5', 5.5500, 0.2500, 'Completed', 'sys_spans_db_query_5');

-- Table: tag_dict
TRUNCATE TABLE `tag_dict`;
INSERT INTO `tag_dict` (`tag_id`, `tag_category`, `tag_name`, `tag_label`, `tag_desc`, `value_type`, `value_options`, `source_table`, `source_field`, `is_ai_tag`, `enable_bitmap`, `status`, `sort_order`, `created_at`) VALUES
  (10001, 'Retail', 'Tag 1', 'tag_dict_tag_label_1', 'English mock description for tag_dict row 1', 'Retail', 'tag_dict_value_options_1', 'tag_dict_source_table_1', 'tag_dict_source_field_1', 1, 1, 1, 1, '2025-04-01 09:01:00'),
  (10002, 'Wealth', 'Tag 2', 'tag_dict_tag_label_2', 'English mock description for tag_dict row 2', 'Wealth', 'tag_dict_value_options_2', 'tag_dict_source_table_2', 'tag_dict_source_field_2', 0, 2, 2, 2, '2025-04-02 09:02:00'),
  (10003, 'Credit', 'Tag 3', 'tag_dict_tag_label_3', 'English mock description for tag_dict row 3', 'Credit', 'tag_dict_value_options_3', 'tag_dict_source_table_3', 'tag_dict_source_field_3', 1, 3, 3, 3, '2025-04-03 09:03:00'),
  (10004, 'Risk', 'Tag 4', 'tag_dict_tag_label_4', 'English mock description for tag_dict row 4', 'Risk', 'tag_dict_value_options_4', 'tag_dict_source_table_4', 'tag_dict_source_field_4', 0, 4, 4, 4, '2025-04-04 09:04:00'),
  (10005, 'Operation', 'Tag 5', 'tag_dict_tag_label_5', 'English mock description for tag_dict row 5', 'Operation', 'tag_dict_value_options_5', 'tag_dict_source_table_5', 'tag_dict_source_field_5', 1, 5, 5, 5, '2025-04-05 09:05:00');

-- Table: user_avatar
TRUNCATE TABLE `user_avatar`;
INSERT INTO `user_avatar` (`user_id`, `user_name`, `avatar_style`, `description`, `photo_embedding`, `labels`, `create_time`) VALUES
  (10001, 'User 1', 'user_avatar_avatar_style_1', 'English mock description for user_avatar row 1', [0.10, 0.20, 0.30, 0.40], 'user_avatar_labels_1', '2025-04-01 09:01:00'),
  (10002, 'User 2', 'user_avatar_avatar_style_2', 'English mock description for user_avatar row 2', [0.20, 0.30, 0.40, 0.50], 'user_avatar_labels_2', '2025-04-02 09:02:00'),
  (10003, 'User 3', 'user_avatar_avatar_style_3', 'English mock description for user_avatar row 3', [0.30, 0.40, 0.50, 0.60], 'user_avatar_labels_3', '2025-04-03 09:03:00'),
  (10004, 'User 4', 'user_avatar_avatar_style_4', 'English mock description for user_avatar row 4', [0.40, 0.50, 0.60, 0.70], 'user_avatar_labels_4', '2025-04-04 09:04:00'),
  (10005, 'User 5', 'user_avatar_avatar_style_5', 'English mock description for user_avatar row 5', [0.50, 0.60, 0.70, 0.80], 'user_avatar_labels_5', '2025-04-05 09:05:00');

-- Table: user_avatar_bak
TRUNCATE TABLE `user_avatar_bak`;
INSERT INTO `user_avatar_bak` (`user_id`, `user_name`, `avatar_style`, `description`, `photo_embedding`, `labels`, `create_time`) VALUES
  (10001, 'User 1', 'user_avatar_bak_avatar_style_1', 'English mock description for user_avatar_bak row 1', [0.10, 0.20, 0.30, 0.40], 'user_avatar_bak_labels_1', '2025-04-01 09:01:00'),
  (10002, 'User 2', 'user_avatar_bak_avatar_style_2', 'English mock description for user_avatar_bak row 2', [0.20, 0.30, 0.40, 0.50], 'user_avatar_bak_labels_2', '2025-04-02 09:02:00'),
  (10003, 'User 3', 'user_avatar_bak_avatar_style_3', 'English mock description for user_avatar_bak row 3', [0.30, 0.40, 0.50, 0.60], 'user_avatar_bak_labels_3', '2025-04-03 09:03:00'),
  (10004, 'User 4', 'user_avatar_bak_avatar_style_4', 'English mock description for user_avatar_bak row 4', [0.40, 0.50, 0.60, 0.70], 'user_avatar_bak_labels_4', '2025-04-04 09:04:00'),
  (10005, 'User 5', 'user_avatar_bak_avatar_style_5', 'English mock description for user_avatar_bak row 5', [0.50, 0.60, 0.70, 0.80], 'user_avatar_bak_labels_5', '2025-04-05 09:05:00');

-- Table: user_avatar_photo
TRUNCATE TABLE `user_avatar_photo`;
INSERT INTO `user_avatar_photo` (`user_id`, `photo_url`, `create_time`) VALUES
  (10001, 'http://example.com/user_avatar_photo/1', '2025-04-01 09:01:00'),
  (10002, 'http://example.com/user_avatar_photo/2', '2025-04-02 09:02:00'),
  (10003, 'http://example.com/user_avatar_photo/3', '2025-04-03 09:03:00'),
  (10004, 'http://example.com/user_avatar_photo/4', '2025-04-04 09:04:00'),
  (10005, 'http://example.com/user_avatar_photo/5', '2025-04-05 09:05:00');

-- Table: user_base
TRUNCATE TABLE `user_base`;
INSERT INTO `user_base` (`user_id`, `user_name`, `id_card_mask`, `auth_status`, `avatar_url`, `create_time`) VALUES
  ('user_bas_001', 'User 1', 'user_base_id_card_mask_1', 1, 'http://example.com/user_base/1', '2025-04-01 09:01:00'),
  ('user_bas_002', 'User 2', 'user_base_id_card_mask_2', 2, 'http://example.com/user_base/2', '2025-04-02 09:02:00'),
  ('user_bas_003', 'User 3', 'user_base_id_card_mask_3', 3, 'http://example.com/user_base/3', '2025-04-03 09:03:00'),
  ('user_bas_004', 'User 4', 'user_base_id_card_mask_4', 4, 'http://example.com/user_base/4', '2025-04-04 09:04:00'),
  ('user_bas_005', 'User 5', 'user_base_id_card_mask_5', 5, 'http://example.com/user_base/5', '2025-04-05 09:05:00');

-- Table: user_behavior
TRUNCATE TABLE `user_behavior`;
INSERT INTO `user_behavior` (`event_id`, `user_id`, `event_date`, `event_time`, `event_type`, `event_category`, `channel`, `product_code`, `amount`, `result_code`, `session_id`, `device_type`, `ip_address`, `extra_props`) VALUES
  (10001, 10001, '2025-04-01', '2025-04-01 09:01:00', 'Retail', 'Retail', 'Mobile App', 'C0001', 10.2500, 'C0001', 'user_beh_001', 'Retail', 'user_behavior_ip_address_1', 'user_behavior_extra_props_1'),
  (10002, 10002, '2025-04-02', '2025-04-02 09:02:00', 'Wealth', 'Wealth', 'Branch', 'C0002', 20.5000, 'C0002', 'user_beh_002', 'Wealth', 'user_behavior_ip_address_2', 'user_behavior_extra_props_2'),
  (10003, 10003, '2025-04-03', '2025-04-03 09:03:00', 'Credit', 'Credit', 'Web', 'C0003', 30.7500, 'C0003', 'user_beh_003', 'Credit', 'user_behavior_ip_address_3', 'user_behavior_extra_props_3'),
  (10004, 10004, '2025-04-04', '2025-04-04 09:04:00', 'Risk', 'Risk', 'Mini Program', 'C0004', 41.0000, 'C0004', 'user_beh_004', 'Risk', 'user_behavior_ip_address_4', 'user_behavior_extra_props_4'),
  (10005, 10005, '2025-04-05', '2025-04-05 09:05:00', 'Operation', 'Operation', 'API', 'C0005', 51.2500, 'C0005', 'user_beh_005', 'Operation', 'user_behavior_ip_address_5', 'user_behavior_extra_props_5');

-- Table: user_log_raw
TRUNCATE TABLE `user_log_raw`;
INSERT INTO `user_log_raw` (`log_id`, `log_date`, `log_time`, `user_id`, `session_id`, `log_level`, `log_source`, `log_content`, `operation_type`, `ip_address`, `user_region`, `device_info`, `response_code`, `response_time`, `filebeat_host`, `raw_json`, `created_at`) VALUES
  (10001, '2025-04-01', '2025-04-01 09:01:00', 10001, 'user_log_001', 'L1', 'user_log_raw_log_source_1', 'English mock description for user_log_raw row 1', 'Retail', 'user_log_raw_ip_address_1', 'user_log_raw_user_region_1', 'user_log_raw_device_info_1', 'C0001', 1, 'user_log_raw_filebeat_host_1', '["demo","english","mock"]', '2025-04-01 09:01:00'),
  (10002, '2025-04-02', '2025-04-02 09:02:00', 10002, 'user_log_002', 'L2', 'user_log_raw_log_source_2', 'English mock description for user_log_raw row 2', 'Wealth', 'user_log_raw_ip_address_2', 'user_log_raw_user_region_2', 'user_log_raw_device_info_2', 'C0002', 2, 'user_log_raw_filebeat_host_2', '["demo","english","mock"]', '2025-04-02 09:02:00'),
  (10003, '2025-04-03', '2025-04-03 09:03:00', 10003, 'user_log_003', 'L3', 'user_log_raw_log_source_3', 'English mock description for user_log_raw row 3', 'Credit', 'user_log_raw_ip_address_3', 'user_log_raw_user_region_3', 'user_log_raw_device_info_3', 'C0003', 3, 'user_log_raw_filebeat_host_3', '["demo","english","mock"]', '2025-04-03 09:03:00'),
  (10004, '2025-04-04', '2025-04-04 09:04:00', 10004, 'user_log_004', 'L4', 'user_log_raw_log_source_4', 'English mock description for user_log_raw row 4', 'Risk', 'user_log_raw_ip_address_4', 'user_log_raw_user_region_4', 'user_log_raw_device_info_4', 'C0004', 4, 'user_log_raw_filebeat_host_4', '["demo","english","mock"]', '2025-04-04 09:04:00'),
  (10005, '2025-04-05', '2025-04-05 09:05:00', 10005, 'user_log_005', 'L5', 'user_log_raw_log_source_5', 'English mock description for user_log_raw row 5', 'Operation', 'user_log_raw_ip_address_5', 'user_log_raw_user_region_5', 'user_log_raw_device_info_5', 'C0005', 5, 'user_log_raw_filebeat_host_5', '["demo","english","mock"]', '2025-04-05 09:05:00');

-- Table: user_log_tag
TRUNCATE TABLE `user_log_tag`;
INSERT INTO `user_log_tag` (`log_id`, `log_date`, `user_id`, `log_time`, `log_type`, `intent_tag`, `anomaly_tag`, `risk_level`, `ai_raw_result`, `tag_source`, `manual_label`, `created_at`) VALUES
  (10001, '2025-04-01', 10001, '2025-04-01 09:01:00', 'Retail', 'user_log_tag_intent_tag_1', 'user_log_tag_anomaly_tag_1', 'Low', 'user_log_tag_ai_raw_result_1', 'user_log_tag_tag', 'user_log_tag_manual_label_1', '2025-04-01 09:01:00'),
  (10002, '2025-04-02', 10002, '2025-04-02 09:02:00', 'Wealth', 'user_log_tag_intent_tag_2', 'user_log_tag_anomaly_tag_2', 'Medium', 'user_log_tag_ai_raw_result_2', 'user_log_tag_tag', 'user_log_tag_manual_label_2', '2025-04-02 09:02:00'),
  (10003, '2025-04-03', 10003, '2025-04-03 09:03:00', 'Credit', 'user_log_tag_intent_tag_3', 'user_log_tag_anomaly_tag_3', 'High', 'user_log_tag_ai_raw_result_3', 'user_log_tag_tag', 'user_log_tag_manual_label_3', '2025-04-03 09:03:00'),
  (10004, '2025-04-04', 10004, '2025-04-04 09:04:00', 'Risk', 'user_log_tag_intent_tag_4', 'user_log_tag_anomaly_tag_4', 'Critical', 'user_log_tag_ai_raw_result_4', 'user_log_tag_tag', 'user_log_tag_manual_label_4', '2025-04-04 09:04:00'),
  (10005, '2025-04-05', 10005, '2025-04-05 09:05:00', 'Operation', 'user_log_tag_intent_tag_5', 'user_log_tag_anomaly_tag_5', 'Low', 'user_log_tag_ai_raw_result_5', 'user_log_tag_tag', 'user_log_tag_manual_label_5', '2025-04-05 09:05:00');

-- Table: user_segment
TRUNCATE TABLE `user_segment`;
INSERT INTO `user_segment` (`segment_id`, `segment_name`, `segment_desc`, `rule_config`, `segment_type`, `snap_date`, `status`, `created_by`, `created_at`, `updated_at`, `segment_bitmap`, `user_count`) VALUES
  (10001, 'Segment 1', 'English mock description for user_segment row 1', 'user_segment_rule_config_1', 'Retail', '2025-04-01', 1, 'user_segment_created_by_1', '2025-04-01 09:01:00', '2025-04-01 09:01:00', bitmap_from_string('10001,10011'), 10),
  (10002, 'Segment 2', 'English mock description for user_segment row 2', 'user_segment_rule_config_2', 'Wealth', '2025-04-02', 2, 'user_segment_created_by_2', '2025-04-02 09:02:00', '2025-04-02 09:02:00', bitmap_from_string('10002,10012'), 20),
  (10003, 'Segment 3', 'English mock description for user_segment row 3', 'user_segment_rule_config_3', 'Credit', '2025-04-03', 3, 'user_segment_created_by_3', '2025-04-03 09:03:00', '2025-04-03 09:03:00', bitmap_from_string('10003,10013'), 30),
  (10004, 'Segment 4', 'English mock description for user_segment row 4', 'user_segment_rule_config_4', 'Risk', '2025-04-04', 4, 'user_segment_created_by_4', '2025-04-04 09:04:00', '2025-04-04 09:04:00', bitmap_from_string('10004,10014'), 40),
  (10005, 'Segment 5', 'English mock description for user_segment row 5', 'user_segment_rule_config_5', 'Operation', '2025-04-05', 5, 'user_segment_created_by_5', '2025-04-05 09:05:00', '2025-04-05 09:05:00', bitmap_from_string('10005,10015'), 50);

-- Table: user_tag
TRUNCATE TABLE `user_tag`;
INSERT INTO `user_tag` (`tag_date`, `tag_category`, `tag_name`, `tag_value`, `user_bitmap`, `user_count`, `updated_at`) VALUES
  ('2025-04-01', 'Retail', 'Tag 1', 'user_tag_tag_value_1', bitmap_from_string('10001,10011'), 10, '2025-04-01 09:01:00'),
  ('2025-04-02', 'Wealth', 'Tag 2', 'user_tag_tag_value_2', bitmap_from_string('10002,10012'), 20, '2025-04-02 09:02:00'),
  ('2025-04-03', 'Credit', 'Tag 3', 'user_tag_tag_value_3', bitmap_from_string('10003,10013'), 30, '2025-04-03 09:03:00'),
  ('2025-04-04', 'Risk', 'Tag 4', 'user_tag_tag_value_4', bitmap_from_string('10004,10014'), 40, '2025-04-04 09:04:00'),
  ('2025-04-05', 'Operation', 'Tag 5', 'user_tag_tag_value_5', bitmap_from_string('10005,10015'), 50, '2025-04-05 09:05:00');

-- Table: user_wide
TRUNCATE TABLE `user_wide`;
INSERT INTO `user_wide` (`user_id`, `update_date`, `user_name`, `id_card`, `phone`, `gender`, `age`, `age_group`, `city`, `province`, `education`, `occupation`, `register_date`, `asset_level`, `aum_total`, `deposit_amount`, `fund_amount`, `loan_amount`, `wm_amount`, `insurance_amount`, `has_credit_card`, `has_debit_card`, `has_mortgage`, `product_count`, `credit_score`, `credit_grade`, `risk_level`, `preferred_channel`, `app_login_30d`, `app_last_login`, `active_level`, `lifecycle_stage`, `churn_prob`, `clv_score`, `log_tags`, `anomaly_flag`, `created_at`, `updated_at`, `profile_attr_001`, `profile_attr_002`, `profile_attr_003`, `profile_attr_004`, `profile_attr_005`, `profile_attr_006`, `profile_attr_007`, `profile_attr_008`, `profile_attr_009`, `profile_attr_010`, `profile_attr_011`, `profile_attr_012`, `profile_attr_013`, `profile_attr_014`, `profile_attr_015`, `profile_attr_016`, `profile_attr_017`, `profile_attr_018`, `profile_attr_019`, `profile_attr_020`, `profile_attr_021`, `profile_attr_022`, `profile_attr_023`, `profile_attr_024`, `profile_attr_025`, `profile_attr_026`, `profile_attr_027`, `profile_attr_028`, `profile_attr_029`, `profile_attr_030`, `profile_attr_031`, `profile_attr_032`, `profile_attr_033`, `profile_attr_034`, `profile_attr_035`, `profile_attr_036`, `profile_attr_037`, `profile_attr_038`, `profile_attr_039`, `profile_attr_040`, `profile_attr_041`, `profile_attr_042`, `profile_attr_043`, `profile_attr_044`, `profile_attr_045`, `profile_attr_046`, `profile_attr_047`, `profile_attr_048`, `profile_attr_049`, `profile_attr_050`, `profile_attr_051`, `profile_attr_052`, `profile_attr_053`, `profile_attr_054`, `profile_attr_055`, `profile_attr_056`, `profile_attr_057`, `profile_attr_058`, `profile_attr_059`, `profile_attr_060`, `profile_attr_061`, `profile_attr_062`, `profile_attr_063`, `profile_attr_064`, `profile_attr_065`, `profile_attr_066`, `profile_attr_067`, `profile_attr_068`, `profile_attr_069`, `profile_attr_070`, `profile_attr_071`, `profile_attr_072`, `profile_attr_073`, `profile_attr_074`, `profile_attr_075`, `profile_attr_076`, `profile_attr_077`, `profile_attr_078`, `profile_attr_079`, `profile_attr_080`, `profile_attr_081`, `profile_attr_082`, `profile_attr_083`, `profile_attr_084`, `profile_attr_085`, `profile_attr_086`, `profile_attr_087`, `profile_attr_088`, `profile_attr_089`, `profile_attr_090`, `profile_attr_091`, `profile_attr_092`, `profile_attr_093`, `profile_attr_094`, `profile_attr_095`, `profile_attr_096`, `profile_attr_097`, `profile_attr_098`, `profile_attr_099`, `profile_attr_100`, `profile_attr_101`, `profile_attr_102`, `profile_attr_103`, `profile_attr_104`, `profile_attr_105`, `profile_attr_106`, `profile_attr_107`, `profile_attr_108`, `profile_attr_109`, `profile_attr_110`, `profile_attr_111`, `profile_attr_112`, `profile_attr_113`, `profile_attr_114`, `profile_attr_115`, `profile_attr_116`, `profile_attr_117`, `profile_attr_118`, `profile_attr_119`, `profile_attr_120`, `profile_attr_121`, `profile_attr_122`, `profile_attr_123`, `profile_attr_124`, `profile_attr_125`, `profile_attr_126`, `profile_attr_127`, `profile_attr_128`, `profile_attr_129`, `profile_attr_130`, `profile_attr_131`, `profile_attr_132`, `profile_attr_133`, `profile_attr_134`, `profile_attr_135`, `profile_attr_136`, `profile_attr_137`, `profile_attr_138`, `profile_attr_139`, `profile_attr_140`, `profile_attr_141`, `profile_attr_142`, `profile_attr_143`, `profile_attr_144`, `profile_attr_145`, `profile_attr_146`, `profile_attr_147`, `profile_attr_148`, `profile_attr_149`, `profile_attr_150`, `profile_attr_151`, `profile_attr_152`, `profile_attr_153`, `profile_attr_154`, `profile_attr_155`, `profile_attr_156`, `profile_attr_157`, `profile_attr_158`, `profile_attr_159`, `profile_attr_160`, `profile_attr_161`, `profile_attr_162`, `profile_attr_163`, `profile_attr_164`, `profile_attr_165`, `profile_attr_166`, `profile_attr_167`, `profile_attr_168`, `profile_attr_169`, `profile_attr_170`, `profile_attr_171`, `profile_attr_172`, `profile_attr_173`, `profile_attr_174`, `profile_attr_175`, `profile_attr_176`, `profile_attr_177`, `profile_attr_178`, `profile_attr_179`, `profile_attr_180`, `profile_attr_181`, `profile_attr_182`, `profile_attr_183`, `profile_attr_184`, `profile_attr_185`, `profile_attr_186`, `profile_attr_187`, `profile_attr_188`, `profile_attr_189`, `profile_attr_190`, `profile_attr_191`, `profile_attr_192`, `profile_attr_193`, `profile_attr_194`, `profile_attr_195`, `profile_attr_196`, `profile_attr_197`, `profile_attr_198`, `profile_attr_199`, `profile_attr_200`, `profile_attr_201`, `profile_attr_202`, `profile_attr_203`, `profile_attr_204`, `profile_attr_205`, `profile_attr_206`, `profile_attr_207`, `profile_attr_208`, `profile_attr_209`, `profile_attr_210`, `profile_attr_211`, `profile_attr_212`, `profile_attr_213`, `profile_attr_214`, `profile_attr_215`, `profile_attr_216`, `profile_attr_217`, `profile_attr_218`, `profile_attr_219`, `profile_attr_220`, `profile_attr_221`, `profile_attr_222`, `profile_attr_223`, `profile_attr_224`, `profile_attr_225`, `profile_attr_226`, `profile_attr_227`, `profile_attr_228`, `profile_attr_229`, `profile_attr_230`, `profile_attr_231`, `profile_attr_232`, `profile_attr_233`, `profile_attr_234`, `profile_attr_235`, `profile_attr_236`, `profile_attr_237`, `profile_attr_238`, `profile_attr_239`, `profile_attr_240`, `profile_attr_241`, `profile_attr_242`, `profile_attr_243`, `profile_attr_244`, `profile_attr_245`, `profile_attr_246`, `profile_attr_247`, `profile_attr_248`, `profile_attr_249`, `profile_attr_250`, `profile_attr_251`, `profile_attr_252`, `profile_attr_253`, `profile_attr_254`, `profile_attr_255`, `profile_attr_256`, `profile_attr_257`, `profile_attr_258`, `profile_attr_259`, `profile_attr_260`, `profile_attr_261`, `profile_attr_262`, `profile_attr_263`, `profile_attr_264`, `profile_attr_265`, `profile_attr_266`, `profile_attr_267`, `profile_attr_268`, `profile_attr_269`, `profile_attr_270`, `profile_attr_271`, `profile_attr_272`, `profile_attr_273`, `profile_attr_274`, `profile_attr_275`, `profile_attr_276`, `profile_attr_277`, `profile_attr_278`, `profile_attr_279`, `profile_attr_280`, `profile_attr_281`, `profile_attr_282`, `profile_attr_283`, `profile_attr_284`, `profile_attr_285`, `profile_attr_286`, `profile_attr_287`, `profile_attr_288`, `profile_attr_289`, `profile_attr_290`, `profile_attr_291`, `profile_attr_292`, `profile_attr_293`, `profile_attr_294`, `profile_attr_295`, `profile_attr_296`, `profile_attr_297`, `profile_attr_298`, `profile_attr_299`, `profile_attr_300`, `profile_attr_301`, `profile_attr_302`, `profile_attr_303`, `profile_attr_304`, `profile_attr_305`, `profile_attr_306`, `profile_attr_307`, `profile_attr_308`, `profile_attr_309`, `profile_attr_310`, `profile_attr_311`, `profile_attr_312`, `profile_attr_313`, `profile_attr_314`, `profile_attr_315`, `profile_attr_316`, `profile_attr_317`, `profile_attr_318`, `profile_attr_319`, `profile_attr_320`, `profile_attr_321`, `profile_attr_322`, `profile_attr_323`, `profile_attr_324`, `profile_attr_325`, `profile_attr_326`, `profile_attr_327`, `profile_attr_328`, `profile_attr_329`, `profile_attr_330`, `profile_attr_331`, `profile_attr_332`, `profile_attr_333`, `profile_attr_334`, `profile_attr_335`, `profile_attr_336`, `profile_attr_337`, `profile_attr_338`, `profile_attr_339`, `profile_attr_340`, `profile_attr_341`, `profile_attr_342`, `profile_attr_343`, `profile_attr_344`, `profile_attr_345`, `profile_attr_346`, `profile_attr_347`, `profile_attr_348`, `profile_attr_349`, `profile_attr_350`, `profile_attr_351`, `profile_attr_352`, `profile_attr_353`, `profile_attr_354`, `profile_attr_355`, `profile_attr_356`, `profile_attr_357`, `profile_attr_358`, `profile_attr_359`, `profile_attr_360`, `profile_attr_361`, `profile_attr_362`, `profile_attr_363`, `profile_attr_364`, `profile_attr_365`, `profile_attr_366`, `profile_attr_367`, `profile_attr_368`, `profile_attr_369`, `profile_attr_370`, `profile_attr_371`, `profile_attr_372`, `profile_attr_373`, `profile_attr_374`, `profile_attr_375`, `profile_attr_376`, `profile_attr_377`, `profile_attr_378`, `profile_attr_379`, `profile_attr_380`, `profile_attr_381`, `profile_attr_382`, `profile_attr_383`, `profile_attr_384`, `profile_attr_385`, `profile_attr_386`, `profile_attr_387`, `profile_attr_388`, `profile_attr_389`, `profile_attr_390`, `profile_attr_391`, `profile_attr_392`, `profile_attr_393`, `profile_attr_394`, `profile_attr_395`, `profile_attr_396`, `profile_attr_397`, `profile_attr_398`, `profile_attr_399`, `profile_attr_400`, `profile_attr_401`, `profile_attr_402`, `profile_attr_403`, `profile_attr_404`, `profile_attr_405`, `profile_attr_406`, `profile_attr_407`, `profile_attr_408`, `profile_attr_409`, `profile_attr_410`, `profile_attr_411`, `profile_attr_412`, `profile_attr_413`, `profile_attr_414`, `profile_attr_415`, `profile_attr_416`, `profile_attr_417`, `profile_attr_418`, `profile_attr_419`, `profile_attr_420`, `profile_attr_421`, `profile_attr_422`, `profile_attr_423`, `profile_attr_424`, `profile_attr_425`, `profile_attr_426`, `profile_attr_427`, `profile_attr_428`, `profile_attr_429`, `profile_attr_430`, `profile_attr_431`, `profile_attr_432`, `profile_attr_433`, `profile_attr_434`, `profile_attr_435`, `profile_attr_436`, `profile_attr_437`, `profile_attr_438`, `profile_attr_439`, `profile_attr_440`, `profile_attr_441`, `profile_attr_442`, `profile_attr_443`, `profile_attr_444`, `profile_attr_445`, `profile_attr_446`, `profile_attr_447`, `profile_attr_448`, `profile_attr_449`, `profile_attr_450`, `profile_attr_451`, `profile_attr_452`, `profile_attr_453`, `profile_attr_454`, `profile_attr_455`, `profile_attr_456`, `profile_attr_457`, `profile_attr_458`, `profile_attr_459`, `profile_attr_460`, `profile_attr_461`, `profile_attr_462`) VALUES
  (10001, '2025-04-01', 'User 1', 'ID000001****', 13800000001, 1, 25, '26-35', 'Beijing', 'Beijing', 2, 'Teacher', '2024-01-01', 'Private Banking', 112.3456, 55.1111, 23.2222, 14.3333, 32.4444, 6.5555, 1, 1, 0, 3, 607, 'AAA', 2, 'Mobile App', 3, '2025-04-07', 'High Active', 'New', 0.0200, 1088.8800, '["demo","english","wide-table"]', 0, '2025-04-01 09:01:00', '2025-04-01 10:01:00', 0, 102, 0.5520, 'Segment_05', '2025-05-06', 'Feature_01_006', 0, 108, 1.4091, 'Segment_11', '2025-11-12', 'Feature_01_012', 0, 114, 2.2663, 'Segment_05', '2025-05-18', 'Feature_01_018', 0, 120, 3.1234, 'Segment_11', '2025-11-24', 'Feature_01_024', 0, 126, 3.9805, 'Segment_05', '2025-05-02', 'Feature_01_030', 0, 132, 4.8377, 'Segment_11', '2025-11-08', 'Feature_01_036', 0, 138, 5.6948, 'Segment_05', '2025-05-14', 'Feature_01_042', 0, 144, 6.5520, 'Segment_11', '2025-11-20', 'Feature_01_048', 0, 150, 7.4091, 'Segment_05', '2025-05-26', 'Feature_01_054', 0, 156, 8.2663, 'Segment_11', '2025-11-04', 'Feature_01_060', 0, 162, 9.1234, 'Segment_05', '2025-05-10', 'Feature_01_066', 0, 168, 9.9805, 'Segment_11', '2025-11-16', 'Feature_01_072', 0, 174, 10.8377, 'Segment_05', '2025-05-22', 'Feature_01_078', 0, 180, 11.6948, 'Segment_11', '2025-11-28', 'Feature_01_084', 0, 186, 12.5520, 'Segment_05', '2025-05-06', 'Feature_01_090', 0, 192, 13.4091, 'Segment_11', '2025-11-12', 'Feature_01_096', 0, 198, 14.2663, 'Segment_05', '2025-05-18', 'Feature_01_102', 0, 204, 15.1234, 'Segment_11', '2025-11-24', 'Feature_01_108', 0, 210, 15.9805, 'Segment_05', '2025-05-02', 'Feature_01_114', 0, 216, 16.8377, 'Segment_11', '2025-11-08', 'Feature_01_120', 0, 222, 17.6948, 'Segment_05', '2025-05-14', 'Feature_01_126', 0, 228, 18.5520, 'Segment_11', '2025-11-20', 'Feature_01_132', 0, 234, 19.4091, 'Segment_05', '2025-05-26', 'Feature_01_138', 0, 240, 20.2663, 'Segment_11', '2025-11-04', 'Feature_01_144', 0, 246, 21.1234, 'Segment_05', '2025-05-10', 'Feature_01_150', 0, 252, 21.9805, 'Segment_11', '2025-11-16', 'Feature_01_156', 0, 258, 22.8377, 'Segment_05', '2025-05-22', 'Feature_01_162', 0, 264, 23.6948, 'Segment_11', '2025-11-28', 'Feature_01_168', 0, 270, 24.5520, 'Segment_05', '2025-05-06', 'Feature_01_174', 0, 276, 25.4091, 'Segment_11', '2025-11-12', 'Feature_01_180', 0, 282, 26.2663, 'Segment_05', '2025-05-18', 'Feature_01_186', 0, 288, 27.1234, 'Segment_11', '2025-11-24', 'Feature_01_192', 0, 294, 27.9805, 'Segment_05', '2025-05-02', 'Feature_01_198', 0, 300, 28.8377, 'Segment_11', '2025-11-08', 'Feature_01_204', 0, 306, 29.6948, 'Segment_05', '2025-05-14', 'Feature_01_210', 0, 312, 30.5520, 'Segment_11', '2025-11-20', 'Feature_01_216', 0, 318, 31.4091, 'Segment_05', '2025-05-26', 'Feature_01_222', 0, 324, 32.2663, 'Segment_11', '2025-11-04', 'Feature_01_228', 0, 330, 33.1234, 'Segment_05', '2025-05-10', 'Feature_01_234', 0, 336, 33.9805, 'Segment_11', '2025-11-16', 'Feature_01_240', 0, 342, 34.8377, 'Segment_05', '2025-05-22', 'Feature_01_246', 0, 348, 35.6948, 'Segment_11', '2025-11-28', 'Feature_01_252', 0, 354, 36.5520, 'Segment_05', '2025-05-06', 'Feature_01_258', 0, 360, 37.4091, 'Segment_11', '2025-11-12', 'Feature_01_264', 0, 366, 38.2663, 'Segment_05', '2025-05-18', 'Feature_01_270', 0, 372, 39.1234, 'Segment_11', '2025-11-24', 'Feature_01_276', 0, 378, 39.9805, 'Segment_05', '2025-05-02', 'Feature_01_282', 0, 384, 40.8377, 'Segment_11', '2025-11-08', 'Feature_01_288', 0, 390, 41.6948, 'Segment_05', '2025-05-14', 'Feature_01_294', 0, 396, 42.5520, 'Segment_11', '2025-11-20', 'Feature_01_300', 0, 402, 43.4091, 'Segment_05', '2025-05-26', 'Feature_01_306', 0, 408, 44.2663, 'Segment_11', '2025-11-04', 'Feature_01_312', 0, 414, 45.1234, 'Segment_05', '2025-05-10', 'Feature_01_318', 0, 420, 45.9805, 'Segment_11', '2025-11-16', 'Feature_01_324', 0, 426, 46.8377, 'Segment_05', '2025-05-22', 'Feature_01_330', 0, 432, 47.6948, 'Segment_11', '2025-11-28', 'Feature_01_336', 0, 438, 48.5520, 'Segment_05', '2025-05-06', 'Feature_01_342', 0, 444, 49.4091, 'Segment_11', '2025-11-12', 'Feature_01_348', 0, 450, 50.2663, 'Segment_05', '2025-05-18', 'Feature_01_354', 0, 456, 51.1234, 'Segment_11', '2025-11-24', 'Feature_01_360', 0, 462, 51.9805, 'Segment_05', '2025-05-02', 'Feature_01_366', 0, 468, 52.8377, 'Segment_11', '2025-11-08', 'Feature_01_372', 0, 474, 53.6948, 'Segment_05', '2025-05-14', 'Feature_01_378', 0, 480, 54.5520, 'Segment_11', '2025-11-20', 'Feature_01_384', 0, 486, 55.4091, 'Segment_05', '2025-05-26', 'Feature_01_390', 0, 492, 56.2663, 'Segment_11', '2025-11-04', 'Feature_01_396', 0, 498, 57.1234, 'Segment_05', '2025-05-10', 'Feature_01_402', 0, 504, 57.9805, 'Segment_11', '2025-11-16', 'Feature_01_408', 0, 510, 58.8377, 'Segment_05', '2025-05-22', 'Feature_01_414', 0, 516, 59.6948, 'Segment_11', '2025-11-28', 'Feature_01_420', 0, 522, 60.5520, 'Segment_05', '2025-05-06', 'Feature_01_426', 0, 528, 61.4091, 'Segment_11', '2025-11-12', 'Feature_01_432', 0, 534, 62.2663, 'Segment_05', '2025-05-18', 'Feature_01_438', 0, 540, 63.1234, 'Segment_11', '2025-11-24', 'Feature_01_444', 0, 546, 63.9805, 'Segment_05', '2025-05-02', 'Feature_01_450', 0, 552, 64.8377, 'Segment_11', '2025-11-08', 'Feature_01_456', 0, 558, 65.6948, 'Segment_05', '2025-05-14', 'Feature_01_462'),
  (10002, '2025-04-02', 'User 2', 'ID000002****', 13800000002, 2, 26, '36-45', 'Shanghai', 'Shanghai', 3, 'Doctor', '2024-02-02', 'Diamond', 124.6912, 60.2222, 26.4444, 18.6666, 34.8888, 8.1110, 0, 1, 0, 4, 614, 'AA', 3, 'Branch', 6, '2025-04-08', 'Medium Active', 'Growing', 0.0400, 1177.7600, '["demo","english","wide-table"]', 0, '2025-04-02 09:02:00', '2025-04-02 10:02:00', 1, 202, 0.9805, 'Segment_06', '2025-05-07', 'Feature_02_006', 1, 208, 2.6948, 'Segment_00', '2025-11-13', 'Feature_02_012', 1, 214, 4.4091, 'Segment_06', '2025-05-19', 'Feature_02_018', 1, 220, 6.1234, 'Segment_00', '2025-11-25', 'Feature_02_024', 1, 226, 7.8377, 'Segment_06', '2025-05-03', 'Feature_02_030', 1, 232, 9.5520, 'Segment_00', '2025-11-09', 'Feature_02_036', 1, 238, 11.2663, 'Segment_06', '2025-05-15', 'Feature_02_042', 1, 244, 12.9805, 'Segment_00', '2025-11-21', 'Feature_02_048', 1, 250, 14.6948, 'Segment_06', '2025-05-27', 'Feature_02_054', 1, 256, 16.4091, 'Segment_00', '2025-11-05', 'Feature_02_060', 1, 262, 18.1234, 'Segment_06', '2025-05-11', 'Feature_02_066', 1, 268, 19.8377, 'Segment_00', '2025-11-17', 'Feature_02_072', 1, 274, 21.5520, 'Segment_06', '2025-05-23', 'Feature_02_078', 1, 280, 23.2663, 'Segment_00', '2025-11-01', 'Feature_02_084', 1, 286, 24.9805, 'Segment_06', '2025-05-07', 'Feature_02_090', 1, 292, 26.6948, 'Segment_00', '2025-11-13', 'Feature_02_096', 1, 298, 28.4091, 'Segment_06', '2025-05-19', 'Feature_02_102', 1, 304, 30.1234, 'Segment_00', '2025-11-25', 'Feature_02_108', 1, 310, 31.8377, 'Segment_06', '2025-05-03', 'Feature_02_114', 1, 316, 33.5520, 'Segment_00', '2025-11-09', 'Feature_02_120', 1, 322, 35.2663, 'Segment_06', '2025-05-15', 'Feature_02_126', 1, 328, 36.9805, 'Segment_00', '2025-11-21', 'Feature_02_132', 1, 334, 38.6948, 'Segment_06', '2025-05-27', 'Feature_02_138', 1, 340, 40.4091, 'Segment_00', '2025-11-05', 'Feature_02_144', 1, 346, 42.1234, 'Segment_06', '2025-05-11', 'Feature_02_150', 1, 352, 43.8377, 'Segment_00', '2025-11-17', 'Feature_02_156', 1, 358, 45.5520, 'Segment_06', '2025-05-23', 'Feature_02_162', 1, 364, 47.2663, 'Segment_00', '2025-11-01', 'Feature_02_168', 1, 370, 48.9805, 'Segment_06', '2025-05-07', 'Feature_02_174', 1, 376, 50.6948, 'Segment_00', '2025-11-13', 'Feature_02_180', 1, 382, 52.4091, 'Segment_06', '2025-05-19', 'Feature_02_186', 1, 388, 54.1234, 'Segment_00', '2025-11-25', 'Feature_02_192', 1, 394, 55.8377, 'Segment_06', '2025-05-03', 'Feature_02_198', 1, 400, 57.5520, 'Segment_00', '2025-11-09', 'Feature_02_204', 1, 406, 59.2663, 'Segment_06', '2025-05-15', 'Feature_02_210', 1, 412, 60.9805, 'Segment_00', '2025-11-21', 'Feature_02_216', 1, 418, 62.6948, 'Segment_06', '2025-05-27', 'Feature_02_222', 1, 424, 64.4091, 'Segment_00', '2025-11-05', 'Feature_02_228', 1, 430, 66.1234, 'Segment_06', '2025-05-11', 'Feature_02_234', 1, 436, 67.8377, 'Segment_00', '2025-11-17', 'Feature_02_240', 1, 442, 69.5520, 'Segment_06', '2025-05-23', 'Feature_02_246', 1, 448, 71.2663, 'Segment_00', '2025-11-01', 'Feature_02_252', 1, 454, 72.9805, 'Segment_06', '2025-05-07', 'Feature_02_258', 1, 460, 74.6948, 'Segment_00', '2025-11-13', 'Feature_02_264', 1, 466, 76.4091, 'Segment_06', '2025-05-19', 'Feature_02_270', 1, 472, 78.1234, 'Segment_00', '2025-11-25', 'Feature_02_276', 1, 478, 79.8377, 'Segment_06', '2025-05-03', 'Feature_02_282', 1, 484, 81.5520, 'Segment_00', '2025-11-09', 'Feature_02_288', 1, 490, 83.2663, 'Segment_06', '2025-05-15', 'Feature_02_294', 1, 496, 84.9805, 'Segment_00', '2025-11-21', 'Feature_02_300', 1, 502, 86.6948, 'Segment_06', '2025-05-27', 'Feature_02_306', 1, 508, 88.4091, 'Segment_00', '2025-11-05', 'Feature_02_312', 1, 514, 90.1234, 'Segment_06', '2025-05-11', 'Feature_02_318', 1, 520, 91.8377, 'Segment_00', '2025-11-17', 'Feature_02_324', 1, 526, 93.5520, 'Segment_06', '2025-05-23', 'Feature_02_330', 1, 532, 95.2663, 'Segment_00', '2025-11-01', 'Feature_02_336', 1, 538, 96.9805, 'Segment_06', '2025-05-07', 'Feature_02_342', 1, 544, 98.6948, 'Segment_00', '2025-11-13', 'Feature_02_348', 1, 550, 100.4091, 'Segment_06', '2025-05-19', 'Feature_02_354', 1, 556, 102.1234, 'Segment_00', '2025-11-25', 'Feature_02_360', 1, 562, 103.8377, 'Segment_06', '2025-05-03', 'Feature_02_366', 1, 568, 105.5520, 'Segment_00', '2025-11-09', 'Feature_02_372', 1, 574, 107.2663, 'Segment_06', '2025-05-15', 'Feature_02_378', 1, 580, 108.9805, 'Segment_00', '2025-11-21', 'Feature_02_384', 1, 586, 110.6948, 'Segment_06', '2025-05-27', 'Feature_02_390', 1, 592, 112.4091, 'Segment_00', '2025-11-05', 'Feature_02_396', 1, 598, 114.1234, 'Segment_06', '2025-05-11', 'Feature_02_402', 1, 604, 115.8377, 'Segment_00', '2025-11-17', 'Feature_02_408', 1, 610, 117.5520, 'Segment_06', '2025-05-23', 'Feature_02_414', 1, 616, 119.2663, 'Segment_00', '2025-11-01', 'Feature_02_420', 1, 622, 120.9805, 'Segment_06', '2025-05-07', 'Feature_02_426', 1, 628, 122.6948, 'Segment_00', '2025-11-13', 'Feature_02_432', 1, 634, 124.4091, 'Segment_06', '2025-05-19', 'Feature_02_438', 1, 640, 126.1234, 'Segment_00', '2025-11-25', 'Feature_02_444', 1, 646, 127.8377, 'Segment_06', '2025-05-03', 'Feature_02_450', 1, 652, 129.5520, 'Segment_00', '2025-11-09', 'Feature_02_456', 1, 658, 131.2663, 'Segment_06', '2025-05-15', 'Feature_02_462'),
  (10003, '2025-04-03', 'User 3', 'ID000003****', 13800000003, 1, 27, '46-55', 'Shenzhen', 'Guangdong', 4, 'Designer', '2024-03-03', 'Platinum', 137.0368, 65.3333, 29.6666, 22.9999, 37.3332, 9.6665, 1, 1, 0, 5, 621, 'A', 4, 'Web', 9, '2025-04-09', 'Low Active', 'Mature', 0.0600, 1266.6400, '["demo","english","wide-table"]', 0, '2025-04-03 09:03:00', '2025-04-03 10:03:00', 0, 302, 1.4091, 'Segment_07', '2025-05-08', 'Feature_03_006', 0, 308, 3.9805, 'Segment_01', '2025-11-14', 'Feature_03_012', 0, 314, 6.5520, 'Segment_07', '2025-05-20', 'Feature_03_018', 0, 320, 9.1234, 'Segment_01', '2025-11-26', 'Feature_03_024', 0, 326, 11.6948, 'Segment_07', '2025-05-04', 'Feature_03_030', 0, 332, 14.2663, 'Segment_01', '2025-11-10', 'Feature_03_036', 0, 338, 16.8377, 'Segment_07', '2025-05-16', 'Feature_03_042', 0, 344, 19.4091, 'Segment_01', '2025-11-22', 'Feature_03_048', 0, 350, 21.9805, 'Segment_07', '2025-05-28', 'Feature_03_054', 0, 356, 24.5520, 'Segment_01', '2025-11-06', 'Feature_03_060', 0, 362, 27.1234, 'Segment_07', '2025-05-12', 'Feature_03_066', 0, 368, 29.6948, 'Segment_01', '2025-11-18', 'Feature_03_072', 0, 374, 32.2663, 'Segment_07', '2025-05-24', 'Feature_03_078', 0, 380, 34.8377, 'Segment_01', '2025-11-02', 'Feature_03_084', 0, 386, 37.4091, 'Segment_07', '2025-05-08', 'Feature_03_090', 0, 392, 39.9805, 'Segment_01', '2025-11-14', 'Feature_03_096', 0, 398, 42.5520, 'Segment_07', '2025-05-20', 'Feature_03_102', 0, 404, 45.1234, 'Segment_01', '2025-11-26', 'Feature_03_108', 0, 410, 47.6948, 'Segment_07', '2025-05-04', 'Feature_03_114', 0, 416, 50.2663, 'Segment_01', '2025-11-10', 'Feature_03_120', 0, 422, 52.8377, 'Segment_07', '2025-05-16', 'Feature_03_126', 0, 428, 55.4091, 'Segment_01', '2025-11-22', 'Feature_03_132', 0, 434, 57.9805, 'Segment_07', '2025-05-28', 'Feature_03_138', 0, 440, 60.5520, 'Segment_01', '2025-11-06', 'Feature_03_144', 0, 446, 63.1234, 'Segment_07', '2025-05-12', 'Feature_03_150', 0, 452, 65.6948, 'Segment_01', '2025-11-18', 'Feature_03_156', 0, 458, 68.2663, 'Segment_07', '2025-05-24', 'Feature_03_162', 0, 464, 70.8377, 'Segment_01', '2025-11-02', 'Feature_03_168', 0, 470, 73.4091, 'Segment_07', '2025-05-08', 'Feature_03_174', 0, 476, 75.9805, 'Segment_01', '2025-11-14', 'Feature_03_180', 0, 482, 78.5520, 'Segment_07', '2025-05-20', 'Feature_03_186', 0, 488, 81.1234, 'Segment_01', '2025-11-26', 'Feature_03_192', 0, 494, 83.6948, 'Segment_07', '2025-05-04', 'Feature_03_198', 0, 500, 86.2663, 'Segment_01', '2025-11-10', 'Feature_03_204', 0, 506, 88.8377, 'Segment_07', '2025-05-16', 'Feature_03_210', 0, 512, 91.4091, 'Segment_01', '2025-11-22', 'Feature_03_216', 0, 518, 93.9805, 'Segment_07', '2025-05-28', 'Feature_03_222', 0, 524, 96.5520, 'Segment_01', '2025-11-06', 'Feature_03_228', 0, 530, 99.1234, 'Segment_07', '2025-05-12', 'Feature_03_234', 0, 536, 101.6948, 'Segment_01', '2025-11-18', 'Feature_03_240', 0, 542, 104.2663, 'Segment_07', '2025-05-24', 'Feature_03_246', 0, 548, 106.8377, 'Segment_01', '2025-11-02', 'Feature_03_252', 0, 554, 109.4091, 'Segment_07', '2025-05-08', 'Feature_03_258', 0, 560, 111.9805, 'Segment_01', '2025-11-14', 'Feature_03_264', 0, 566, 114.5520, 'Segment_07', '2025-05-20', 'Feature_03_270', 0, 572, 117.1234, 'Segment_01', '2025-11-26', 'Feature_03_276', 0, 578, 119.6948, 'Segment_07', '2025-05-04', 'Feature_03_282', 0, 584, 122.2663, 'Segment_01', '2025-11-10', 'Feature_03_288', 0, 590, 124.8377, 'Segment_07', '2025-05-16', 'Feature_03_294', 0, 596, 127.4091, 'Segment_01', '2025-11-22', 'Feature_03_300', 0, 602, 129.9805, 'Segment_07', '2025-05-28', 'Feature_03_306', 0, 608, 132.5520, 'Segment_01', '2025-11-06', 'Feature_03_312', 0, 614, 135.1234, 'Segment_07', '2025-05-12', 'Feature_03_318', 0, 620, 137.6948, 'Segment_01', '2025-11-18', 'Feature_03_324', 0, 626, 140.2663, 'Segment_07', '2025-05-24', 'Feature_03_330', 0, 632, 142.8377, 'Segment_01', '2025-11-02', 'Feature_03_336', 0, 638, 145.4091, 'Segment_07', '2025-05-08', 'Feature_03_342', 0, 644, 147.9805, 'Segment_01', '2025-11-14', 'Feature_03_348', 0, 650, 150.5520, 'Segment_07', '2025-05-20', 'Feature_03_354', 0, 656, 153.1234, 'Segment_01', '2025-11-26', 'Feature_03_360', 0, 662, 155.6948, 'Segment_07', '2025-05-04', 'Feature_03_366', 0, 668, 158.2663, 'Segment_01', '2025-11-10', 'Feature_03_372', 0, 674, 160.8377, 'Segment_07', '2025-05-16', 'Feature_03_378', 0, 680, 163.4091, 'Segment_01', '2025-11-22', 'Feature_03_384', 0, 686, 165.9805, 'Segment_07', '2025-05-28', 'Feature_03_390', 0, 692, 168.5520, 'Segment_01', '2025-11-06', 'Feature_03_396', 0, 698, 171.1234, 'Segment_07', '2025-05-12', 'Feature_03_402', 0, 704, 173.6948, 'Segment_01', '2025-11-18', 'Feature_03_408', 0, 710, 176.2663, 'Segment_07', '2025-05-24', 'Feature_03_414', 0, 716, 178.8377, 'Segment_01', '2025-11-02', 'Feature_03_420', 0, 722, 181.4091, 'Segment_07', '2025-05-08', 'Feature_03_426', 0, 728, 183.9805, 'Segment_01', '2025-11-14', 'Feature_03_432', 0, 734, 186.5520, 'Segment_07', '2025-05-20', 'Feature_03_438', 0, 740, 189.1234, 'Segment_01', '2025-11-26', 'Feature_03_444', 0, 746, 191.6948, 'Segment_07', '2025-05-04', 'Feature_03_450', 0, 752, 194.2663, 'Segment_01', '2025-11-10', 'Feature_03_456', 0, 758, 196.8377, 'Segment_07', '2025-05-16', 'Feature_03_462'),
  (10004, '2025-04-04', 'User 4', 'ID000004****', 13800000004, 2, 28, '55+', 'Hangzhou', 'Zhejiang', 5, 'Manager', '2024-04-04', 'Gold', 149.3824, 70.4444, 32.8888, 27.3332, 39.7776, 11.2220, 0, 1, 1, 6, 628, 'B', 5, 'Mini Program', 12, '2025-04-10', 'Dormant', 'Dormant', 0.0800, 1355.5200, '["demo","english","wide-table"]', 0, '2025-04-04 09:04:00', '2025-04-04 10:04:00', 1, 402, 1.8377, 'Segment_08', '2025-05-09', 'Feature_04_006', 1, 408, 5.2663, 'Segment_02', '2025-11-15', 'Feature_04_012', 1, 414, 8.6948, 'Segment_08', '2025-05-21', 'Feature_04_018', 1, 420, 12.1234, 'Segment_02', '2025-11-27', 'Feature_04_024', 1, 426, 15.5520, 'Segment_08', '2025-05-05', 'Feature_04_030', 1, 432, 18.9805, 'Segment_02', '2025-11-11', 'Feature_04_036', 1, 438, 22.4091, 'Segment_08', '2025-05-17', 'Feature_04_042', 1, 444, 25.8377, 'Segment_02', '2025-11-23', 'Feature_04_048', 1, 450, 29.2663, 'Segment_08', '2025-05-01', 'Feature_04_054', 1, 456, 32.6948, 'Segment_02', '2025-11-07', 'Feature_04_060', 1, 462, 36.1234, 'Segment_08', '2025-05-13', 'Feature_04_066', 1, 468, 39.5520, 'Segment_02', '2025-11-19', 'Feature_04_072', 1, 474, 42.9805, 'Segment_08', '2025-05-25', 'Feature_04_078', 1, 480, 46.4091, 'Segment_02', '2025-11-03', 'Feature_04_084', 1, 486, 49.8377, 'Segment_08', '2025-05-09', 'Feature_04_090', 1, 492, 53.2663, 'Segment_02', '2025-11-15', 'Feature_04_096', 1, 498, 56.6948, 'Segment_08', '2025-05-21', 'Feature_04_102', 1, 504, 60.1234, 'Segment_02', '2025-11-27', 'Feature_04_108', 1, 510, 63.5520, 'Segment_08', '2025-05-05', 'Feature_04_114', 1, 516, 66.9805, 'Segment_02', '2025-11-11', 'Feature_04_120', 1, 522, 70.4091, 'Segment_08', '2025-05-17', 'Feature_04_126', 1, 528, 73.8377, 'Segment_02', '2025-11-23', 'Feature_04_132', 1, 534, 77.2663, 'Segment_08', '2025-05-01', 'Feature_04_138', 1, 540, 80.6948, 'Segment_02', '2025-11-07', 'Feature_04_144', 1, 546, 84.1234, 'Segment_08', '2025-05-13', 'Feature_04_150', 1, 552, 87.5520, 'Segment_02', '2025-11-19', 'Feature_04_156', 1, 558, 90.9805, 'Segment_08', '2025-05-25', 'Feature_04_162', 1, 564, 94.4091, 'Segment_02', '2025-11-03', 'Feature_04_168', 1, 570, 97.8377, 'Segment_08', '2025-05-09', 'Feature_04_174', 1, 576, 101.2663, 'Segment_02', '2025-11-15', 'Feature_04_180', 1, 582, 104.6948, 'Segment_08', '2025-05-21', 'Feature_04_186', 1, 588, 108.1234, 'Segment_02', '2025-11-27', 'Feature_04_192', 1, 594, 111.5520, 'Segment_08', '2025-05-05', 'Feature_04_198', 1, 600, 114.9805, 'Segment_02', '2025-11-11', 'Feature_04_204', 1, 606, 118.4091, 'Segment_08', '2025-05-17', 'Feature_04_210', 1, 612, 121.8377, 'Segment_02', '2025-11-23', 'Feature_04_216', 1, 618, 125.2663, 'Segment_08', '2025-05-01', 'Feature_04_222', 1, 624, 128.6948, 'Segment_02', '2025-11-07', 'Feature_04_228', 1, 630, 132.1234, 'Segment_08', '2025-05-13', 'Feature_04_234', 1, 636, 135.5520, 'Segment_02', '2025-11-19', 'Feature_04_240', 1, 642, 138.9805, 'Segment_08', '2025-05-25', 'Feature_04_246', 1, 648, 142.4091, 'Segment_02', '2025-11-03', 'Feature_04_252', 1, 654, 145.8377, 'Segment_08', '2025-05-09', 'Feature_04_258', 1, 660, 149.2663, 'Segment_02', '2025-11-15', 'Feature_04_264', 1, 666, 152.6948, 'Segment_08', '2025-05-21', 'Feature_04_270', 1, 672, 156.1234, 'Segment_02', '2025-11-27', 'Feature_04_276', 1, 678, 159.5520, 'Segment_08', '2025-05-05', 'Feature_04_282', 1, 684, 162.9805, 'Segment_02', '2025-11-11', 'Feature_04_288', 1, 690, 166.4091, 'Segment_08', '2025-05-17', 'Feature_04_294', 1, 696, 169.8377, 'Segment_02', '2025-11-23', 'Feature_04_300', 1, 702, 173.2663, 'Segment_08', '2025-05-01', 'Feature_04_306', 1, 708, 176.6948, 'Segment_02', '2025-11-07', 'Feature_04_312', 1, 714, 180.1234, 'Segment_08', '2025-05-13', 'Feature_04_318', 1, 720, 183.5520, 'Segment_02', '2025-11-19', 'Feature_04_324', 1, 726, 186.9805, 'Segment_08', '2025-05-25', 'Feature_04_330', 1, 732, 190.4091, 'Segment_02', '2025-11-03', 'Feature_04_336', 1, 738, 193.8377, 'Segment_08', '2025-05-09', 'Feature_04_342', 1, 744, 197.2663, 'Segment_02', '2025-11-15', 'Feature_04_348', 1, 750, 200.6948, 'Segment_08', '2025-05-21', 'Feature_04_354', 1, 756, 204.1234, 'Segment_02', '2025-11-27', 'Feature_04_360', 1, 762, 207.5520, 'Segment_08', '2025-05-05', 'Feature_04_366', 1, 768, 210.9805, 'Segment_02', '2025-11-11', 'Feature_04_372', 1, 774, 214.4091, 'Segment_08', '2025-05-17', 'Feature_04_378', 1, 780, 217.8377, 'Segment_02', '2025-11-23', 'Feature_04_384', 1, 786, 221.2663, 'Segment_08', '2025-05-01', 'Feature_04_390', 1, 792, 224.6948, 'Segment_02', '2025-11-07', 'Feature_04_396', 1, 798, 228.1234, 'Segment_08', '2025-05-13', 'Feature_04_402', 1, 804, 231.5520, 'Segment_02', '2025-11-19', 'Feature_04_408', 1, 810, 234.9805, 'Segment_08', '2025-05-25', 'Feature_04_414', 1, 816, 238.4091, 'Segment_02', '2025-11-03', 'Feature_04_420', 1, 822, 241.8377, 'Segment_08', '2025-05-09', 'Feature_04_426', 1, 828, 245.2663, 'Segment_02', '2025-11-15', 'Feature_04_432', 1, 834, 248.6948, 'Segment_08', '2025-05-21', 'Feature_04_438', 1, 840, 252.1234, 'Segment_02', '2025-11-27', 'Feature_04_444', 1, 846, 255.5520, 'Segment_08', '2025-05-05', 'Feature_04_450', 1, 852, 258.9805, 'Segment_02', '2025-11-11', 'Feature_04_456', 1, 858, 262.4091, 'Segment_08', '2025-05-17', 'Feature_04_462'),
  (10005, '2025-04-05', 'User 5', 'ID000005****', 13800000005, 1, 29, '18-25', 'Chengdu', 'Sichuan', 6, 'Analyst', '2024-05-05', 'Standard', 161.7280, 75.5555, 36.1110, 31.6665, 42.2220, 12.7775, 1, 1, 0, 7, 635, 'C', 1, 'API', 15, '2025-04-11', 'High Active', 'Churn Risk', 0.1000, 1444.4000, '["demo","english","wide-table"]', 0, '2025-04-05 09:05:00', '2025-04-05 10:05:00', 0, 502, 2.2663, 'Segment_09', '2025-05-10', 'Feature_05_006', 0, 508, 6.5520, 'Segment_03', '2025-11-16', 'Feature_05_012', 0, 514, 10.8377, 'Segment_09', '2025-05-22', 'Feature_05_018', 0, 520, 15.1234, 'Segment_03', '2025-11-28', 'Feature_05_024', 0, 526, 19.4091, 'Segment_09', '2025-05-06', 'Feature_05_030', 0, 532, 23.6948, 'Segment_03', '2025-11-12', 'Feature_05_036', 0, 538, 27.9805, 'Segment_09', '2025-05-18', 'Feature_05_042', 0, 544, 32.2663, 'Segment_03', '2025-11-24', 'Feature_05_048', 0, 550, 36.5520, 'Segment_09', '2025-05-02', 'Feature_05_054', 0, 556, 40.8377, 'Segment_03', '2025-11-08', 'Feature_05_060', 0, 562, 45.1234, 'Segment_09', '2025-05-14', 'Feature_05_066', 0, 568, 49.4091, 'Segment_03', '2025-11-20', 'Feature_05_072', 0, 574, 53.6948, 'Segment_09', '2025-05-26', 'Feature_05_078', 0, 580, 57.9805, 'Segment_03', '2025-11-04', 'Feature_05_084', 0, 586, 62.2663, 'Segment_09', '2025-05-10', 'Feature_05_090', 0, 592, 66.5520, 'Segment_03', '2025-11-16', 'Feature_05_096', 0, 598, 70.8377, 'Segment_09', '2025-05-22', 'Feature_05_102', 0, 604, 75.1234, 'Segment_03', '2025-11-28', 'Feature_05_108', 0, 610, 79.4091, 'Segment_09', '2025-05-06', 'Feature_05_114', 0, 616, 83.6948, 'Segment_03', '2025-11-12', 'Feature_05_120', 0, 622, 87.9805, 'Segment_09', '2025-05-18', 'Feature_05_126', 0, 628, 92.2663, 'Segment_03', '2025-11-24', 'Feature_05_132', 0, 634, 96.5520, 'Segment_09', '2025-05-02', 'Feature_05_138', 0, 640, 100.8377, 'Segment_03', '2025-11-08', 'Feature_05_144', 0, 646, 105.1234, 'Segment_09', '2025-05-14', 'Feature_05_150', 0, 652, 109.4091, 'Segment_03', '2025-11-20', 'Feature_05_156', 0, 658, 113.6948, 'Segment_09', '2025-05-26', 'Feature_05_162', 0, 664, 117.9805, 'Segment_03', '2025-11-04', 'Feature_05_168', 0, 670, 122.2663, 'Segment_09', '2025-05-10', 'Feature_05_174', 0, 676, 126.5520, 'Segment_03', '2025-11-16', 'Feature_05_180', 0, 682, 130.8377, 'Segment_09', '2025-05-22', 'Feature_05_186', 0, 688, 135.1234, 'Segment_03', '2025-11-28', 'Feature_05_192', 0, 694, 139.4091, 'Segment_09', '2025-05-06', 'Feature_05_198', 0, 700, 143.6948, 'Segment_03', '2025-11-12', 'Feature_05_204', 0, 706, 147.9805, 'Segment_09', '2025-05-18', 'Feature_05_210', 0, 712, 152.2663, 'Segment_03', '2025-11-24', 'Feature_05_216', 0, 718, 156.5520, 'Segment_09', '2025-05-02', 'Feature_05_222', 0, 724, 160.8377, 'Segment_03', '2025-11-08', 'Feature_05_228', 0, 730, 165.1234, 'Segment_09', '2025-05-14', 'Feature_05_234', 0, 736, 169.4091, 'Segment_03', '2025-11-20', 'Feature_05_240', 0, 742, 173.6948, 'Segment_09', '2025-05-26', 'Feature_05_246', 0, 748, 177.9805, 'Segment_03', '2025-11-04', 'Feature_05_252', 0, 754, 182.2663, 'Segment_09', '2025-05-10', 'Feature_05_258', 0, 760, 186.5520, 'Segment_03', '2025-11-16', 'Feature_05_264', 0, 766, 190.8377, 'Segment_09', '2025-05-22', 'Feature_05_270', 0, 772, 195.1234, 'Segment_03', '2025-11-28', 'Feature_05_276', 0, 778, 199.4091, 'Segment_09', '2025-05-06', 'Feature_05_282', 0, 784, 203.6948, 'Segment_03', '2025-11-12', 'Feature_05_288', 0, 790, 207.9805, 'Segment_09', '2025-05-18', 'Feature_05_294', 0, 796, 212.2663, 'Segment_03', '2025-11-24', 'Feature_05_300', 0, 802, 216.5520, 'Segment_09', '2025-05-02', 'Feature_05_306', 0, 808, 220.8377, 'Segment_03', '2025-11-08', 'Feature_05_312', 0, 814, 225.1234, 'Segment_09', '2025-05-14', 'Feature_05_318', 0, 820, 229.4091, 'Segment_03', '2025-11-20', 'Feature_05_324', 0, 826, 233.6948, 'Segment_09', '2025-05-26', 'Feature_05_330', 0, 832, 237.9805, 'Segment_03', '2025-11-04', 'Feature_05_336', 0, 838, 242.2663, 'Segment_09', '2025-05-10', 'Feature_05_342', 0, 844, 246.5520, 'Segment_03', '2025-11-16', 'Feature_05_348', 0, 850, 250.8377, 'Segment_09', '2025-05-22', 'Feature_05_354', 0, 856, 255.1234, 'Segment_03', '2025-11-28', 'Feature_05_360', 0, 862, 259.4091, 'Segment_09', '2025-05-06', 'Feature_05_366', 0, 868, 263.6948, 'Segment_03', '2025-11-12', 'Feature_05_372', 0, 874, 267.9805, 'Segment_09', '2025-05-18', 'Feature_05_378', 0, 880, 272.2663, 'Segment_03', '2025-11-24', 'Feature_05_384', 0, 886, 276.5520, 'Segment_09', '2025-05-02', 'Feature_05_390', 0, 892, 280.8377, 'Segment_03', '2025-11-08', 'Feature_05_396', 0, 898, 285.1234, 'Segment_09', '2025-05-14', 'Feature_05_402', 0, 904, 289.4091, 'Segment_03', '2025-11-20', 'Feature_05_408', 0, 910, 293.6948, 'Segment_09', '2025-05-26', 'Feature_05_414', 0, 916, 297.9805, 'Segment_03', '2025-11-04', 'Feature_05_420', 0, 922, 302.2663, 'Segment_09', '2025-05-10', 'Feature_05_426', 0, 928, 306.5520, 'Segment_03', '2025-11-16', 'Feature_05_432', 0, 934, 310.8377, 'Segment_09', '2025-05-22', 'Feature_05_438', 0, 940, 315.1234, 'Segment_03', '2025-11-28', 'Feature_05_444', 0, 946, 319.4091, 'Segment_09', '2025-05-06', 'Feature_05_450', 0, 952, 323.6948, 'Segment_03', '2025-11-12', 'Feature_05_456', 0, 958, 327.9805, 'Segment_09', '2025-05-18', 'Feature_05_462'),
  (10006, '2025-04-06', 'User 6', 'ID000006****', 13800000006, 2, 30, '26-35', 'Nanjing', 'Jiangsu', 7, 'Engineer', '2024-06-06', 'Private Banking', 174.0736, 80.6666, 39.3332, 35.9998, 44.6664, 14.3330, 0, 1, 0, 8, 642, 'AAA', 2, 'Mobile App', 18, '2025-04-12', 'Medium Active', 'New', 0.1200, 1533.2800, '["demo","english","wide-table"]', 0, '2025-04-06 09:06:00', '2025-04-06 10:06:00', 1, 602, 2.6948, 'Segment_10', '2025-05-11', 'Feature_06_006', 1, 608, 7.8377, 'Segment_04', '2025-11-17', 'Feature_06_012', 1, 614, 12.9805, 'Segment_10', '2025-05-23', 'Feature_06_018', 1, 620, 18.1234, 'Segment_04', '2025-11-01', 'Feature_06_024', 1, 626, 23.2663, 'Segment_10', '2025-05-07', 'Feature_06_030', 1, 632, 28.4091, 'Segment_04', '2025-11-13', 'Feature_06_036', 1, 638, 33.5520, 'Segment_10', '2025-05-19', 'Feature_06_042', 1, 644, 38.6948, 'Segment_04', '2025-11-25', 'Feature_06_048', 1, 650, 43.8377, 'Segment_10', '2025-05-03', 'Feature_06_054', 1, 656, 48.9805, 'Segment_04', '2025-11-09', 'Feature_06_060', 1, 662, 54.1234, 'Segment_10', '2025-05-15', 'Feature_06_066', 1, 668, 59.2663, 'Segment_04', '2025-11-21', 'Feature_06_072', 1, 674, 64.4091, 'Segment_10', '2025-05-27', 'Feature_06_078', 1, 680, 69.5520, 'Segment_04', '2025-11-05', 'Feature_06_084', 1, 686, 74.6948, 'Segment_10', '2025-05-11', 'Feature_06_090', 1, 692, 79.8377, 'Segment_04', '2025-11-17', 'Feature_06_096', 1, 698, 84.9805, 'Segment_10', '2025-05-23', 'Feature_06_102', 1, 704, 90.1234, 'Segment_04', '2025-11-01', 'Feature_06_108', 1, 710, 95.2663, 'Segment_10', '2025-05-07', 'Feature_06_114', 1, 716, 100.4091, 'Segment_04', '2025-11-13', 'Feature_06_120', 1, 722, 105.5520, 'Segment_10', '2025-05-19', 'Feature_06_126', 1, 728, 110.6948, 'Segment_04', '2025-11-25', 'Feature_06_132', 1, 734, 115.8377, 'Segment_10', '2025-05-03', 'Feature_06_138', 1, 740, 120.9805, 'Segment_04', '2025-11-09', 'Feature_06_144', 1, 746, 126.1234, 'Segment_10', '2025-05-15', 'Feature_06_150', 1, 752, 131.2663, 'Segment_04', '2025-11-21', 'Feature_06_156', 1, 758, 136.4091, 'Segment_10', '2025-05-27', 'Feature_06_162', 1, 764, 141.5520, 'Segment_04', '2025-11-05', 'Feature_06_168', 1, 770, 146.6948, 'Segment_10', '2025-05-11', 'Feature_06_174', 1, 776, 151.8377, 'Segment_04', '2025-11-17', 'Feature_06_180', 1, 782, 156.9805, 'Segment_10', '2025-05-23', 'Feature_06_186', 1, 788, 162.1234, 'Segment_04', '2025-11-01', 'Feature_06_192', 1, 794, 167.2663, 'Segment_10', '2025-05-07', 'Feature_06_198', 1, 800, 172.4091, 'Segment_04', '2025-11-13', 'Feature_06_204', 1, 806, 177.5520, 'Segment_10', '2025-05-19', 'Feature_06_210', 1, 812, 182.6948, 'Segment_04', '2025-11-25', 'Feature_06_216', 1, 818, 187.8377, 'Segment_10', '2025-05-03', 'Feature_06_222', 1, 824, 192.9805, 'Segment_04', '2025-11-09', 'Feature_06_228', 1, 830, 198.1234, 'Segment_10', '2025-05-15', 'Feature_06_234', 1, 836, 203.2663, 'Segment_04', '2025-11-21', 'Feature_06_240', 1, 842, 208.4091, 'Segment_10', '2025-05-27', 'Feature_06_246', 1, 848, 213.5520, 'Segment_04', '2025-11-05', 'Feature_06_252', 1, 854, 218.6948, 'Segment_10', '2025-05-11', 'Feature_06_258', 1, 860, 223.8377, 'Segment_04', '2025-11-17', 'Feature_06_264', 1, 866, 228.9805, 'Segment_10', '2025-05-23', 'Feature_06_270', 1, 872, 234.1234, 'Segment_04', '2025-11-01', 'Feature_06_276', 1, 878, 239.2663, 'Segment_10', '2025-05-07', 'Feature_06_282', 1, 884, 244.4091, 'Segment_04', '2025-11-13', 'Feature_06_288', 1, 890, 249.5520, 'Segment_10', '2025-05-19', 'Feature_06_294', 1, 896, 254.6948, 'Segment_04', '2025-11-25', 'Feature_06_300', 1, 902, 259.8377, 'Segment_10', '2025-05-03', 'Feature_06_306', 1, 908, 264.9805, 'Segment_04', '2025-11-09', 'Feature_06_312', 1, 914, 270.1234, 'Segment_10', '2025-05-15', 'Feature_06_318', 1, 920, 275.2663, 'Segment_04', '2025-11-21', 'Feature_06_324', 1, 926, 280.4091, 'Segment_10', '2025-05-27', 'Feature_06_330', 1, 932, 285.5520, 'Segment_04', '2025-11-05', 'Feature_06_336', 1, 938, 290.6948, 'Segment_10', '2025-05-11', 'Feature_06_342', 1, 944, 295.8377, 'Segment_04', '2025-11-17', 'Feature_06_348', 1, 950, 300.9805, 'Segment_10', '2025-05-23', 'Feature_06_354', 1, 956, 306.1234, 'Segment_04', '2025-11-01', 'Feature_06_360', 1, 962, 311.2663, 'Segment_10', '2025-05-07', 'Feature_06_366', 1, 968, 316.4091, 'Segment_04', '2025-11-13', 'Feature_06_372', 1, 974, 321.5520, 'Segment_10', '2025-05-19', 'Feature_06_378', 1, 980, 326.6948, 'Segment_04', '2025-11-25', 'Feature_06_384', 1, 986, 331.8377, 'Segment_10', '2025-05-03', 'Feature_06_390', 1, 992, 336.9805, 'Segment_04', '2025-11-09', 'Feature_06_396', 1, 998, 342.1234, 'Segment_10', '2025-05-15', 'Feature_06_402', 1, 1004, 347.2663, 'Segment_04', '2025-11-21', 'Feature_06_408', 1, 1010, 352.4091, 'Segment_10', '2025-05-27', 'Feature_06_414', 1, 1016, 357.5520, 'Segment_04', '2025-11-05', 'Feature_06_420', 1, 1022, 362.6948, 'Segment_10', '2025-05-11', 'Feature_06_426', 1, 1028, 367.8377, 'Segment_04', '2025-11-17', 'Feature_06_432', 1, 1034, 372.9805, 'Segment_10', '2025-05-23', 'Feature_06_438', 1, 1040, 378.1234, 'Segment_04', '2025-11-01', 'Feature_06_444', 1, 1046, 383.2663, 'Segment_10', '2025-05-07', 'Feature_06_450', 1, 1052, 388.4091, 'Segment_04', '2025-11-13', 'Feature_06_456', 1, 1058, 393.5520, 'Segment_10', '2025-05-19', 'Feature_06_462'),
  (10007, '2025-04-07', 'User 7', 'ID000007****', 13800000007, 1, 31, '36-45', 'Wuhan', 'Hubei', 1, 'Teacher', '2024-07-07', 'Diamond', 186.4192, 85.7777, 42.5554, 40.3331, 47.1108, 15.8885, 1, 1, 0, 9, 649, 'AA', 3, 'Branch', 21, '2025-04-13', 'Low Active', 'Growing', 0.1400, 1622.1600, '["demo","english","wide-table"]', 0, '2025-04-07 09:07:00', '2025-04-07 10:07:00', 0, 702, 3.1234, 'Segment_11', '2025-05-12', 'Feature_07_006', 0, 708, 9.1234, 'Segment_05', '2025-11-18', 'Feature_07_012', 0, 714, 15.1234, 'Segment_11', '2025-05-24', 'Feature_07_018', 0, 720, 21.1234, 'Segment_05', '2025-11-02', 'Feature_07_024', 0, 726, 27.1234, 'Segment_11', '2025-05-08', 'Feature_07_030', 0, 732, 33.1234, 'Segment_05', '2025-11-14', 'Feature_07_036', 0, 738, 39.1234, 'Segment_11', '2025-05-20', 'Feature_07_042', 0, 744, 45.1234, 'Segment_05', '2025-11-26', 'Feature_07_048', 0, 750, 51.1234, 'Segment_11', '2025-05-04', 'Feature_07_054', 0, 756, 57.1234, 'Segment_05', '2025-11-10', 'Feature_07_060', 0, 762, 63.1234, 'Segment_11', '2025-05-16', 'Feature_07_066', 0, 768, 69.1234, 'Segment_05', '2025-11-22', 'Feature_07_072', 0, 774, 75.1234, 'Segment_11', '2025-05-28', 'Feature_07_078', 0, 780, 81.1234, 'Segment_05', '2025-11-06', 'Feature_07_084', 0, 786, 87.1234, 'Segment_11', '2025-05-12', 'Feature_07_090', 0, 792, 93.1234, 'Segment_05', '2025-11-18', 'Feature_07_096', 0, 798, 99.1234, 'Segment_11', '2025-05-24', 'Feature_07_102', 0, 804, 105.1234, 'Segment_05', '2025-11-02', 'Feature_07_108', 0, 810, 111.1234, 'Segment_11', '2025-05-08', 'Feature_07_114', 0, 816, 117.1234, 'Segment_05', '2025-11-14', 'Feature_07_120', 0, 822, 123.1234, 'Segment_11', '2025-05-20', 'Feature_07_126', 0, 828, 129.1234, 'Segment_05', '2025-11-26', 'Feature_07_132', 0, 834, 135.1234, 'Segment_11', '2025-05-04', 'Feature_07_138', 0, 840, 141.1234, 'Segment_05', '2025-11-10', 'Feature_07_144', 0, 846, 147.1234, 'Segment_11', '2025-05-16', 'Feature_07_150', 0, 852, 153.1234, 'Segment_05', '2025-11-22', 'Feature_07_156', 0, 858, 159.1234, 'Segment_11', '2025-05-28', 'Feature_07_162', 0, 864, 165.1234, 'Segment_05', '2025-11-06', 'Feature_07_168', 0, 870, 171.1234, 'Segment_11', '2025-05-12', 'Feature_07_174', 0, 876, 177.1234, 'Segment_05', '2025-11-18', 'Feature_07_180', 0, 882, 183.1234, 'Segment_11', '2025-05-24', 'Feature_07_186', 0, 888, 189.1234, 'Segment_05', '2025-11-02', 'Feature_07_192', 0, 894, 195.1234, 'Segment_11', '2025-05-08', 'Feature_07_198', 0, 900, 201.1234, 'Segment_05', '2025-11-14', 'Feature_07_204', 0, 906, 207.1234, 'Segment_11', '2025-05-20', 'Feature_07_210', 0, 912, 213.1234, 'Segment_05', '2025-11-26', 'Feature_07_216', 0, 918, 219.1234, 'Segment_11', '2025-05-04', 'Feature_07_222', 0, 924, 225.1234, 'Segment_05', '2025-11-10', 'Feature_07_228', 0, 930, 231.1234, 'Segment_11', '2025-05-16', 'Feature_07_234', 0, 936, 237.1234, 'Segment_05', '2025-11-22', 'Feature_07_240', 0, 942, 243.1234, 'Segment_11', '2025-05-28', 'Feature_07_246', 0, 948, 249.1234, 'Segment_05', '2025-11-06', 'Feature_07_252', 0, 954, 255.1234, 'Segment_11', '2025-05-12', 'Feature_07_258', 0, 960, 261.1234, 'Segment_05', '2025-11-18', 'Feature_07_264', 0, 966, 267.1234, 'Segment_11', '2025-05-24', 'Feature_07_270', 0, 972, 273.1234, 'Segment_05', '2025-11-02', 'Feature_07_276', 0, 978, 279.1234, 'Segment_11', '2025-05-08', 'Feature_07_282', 0, 984, 285.1234, 'Segment_05', '2025-11-14', 'Feature_07_288', 0, 990, 291.1234, 'Segment_11', '2025-05-20', 'Feature_07_294', 0, 996, 297.1234, 'Segment_05', '2025-11-26', 'Feature_07_300', 0, 1002, 303.1234, 'Segment_11', '2025-05-04', 'Feature_07_306', 0, 1008, 309.1234, 'Segment_05', '2025-11-10', 'Feature_07_312', 0, 1014, 315.1234, 'Segment_11', '2025-05-16', 'Feature_07_318', 0, 1020, 321.1234, 'Segment_05', '2025-11-22', 'Feature_07_324', 0, 1026, 327.1234, 'Segment_11', '2025-05-28', 'Feature_07_330', 0, 1032, 333.1234, 'Segment_05', '2025-11-06', 'Feature_07_336', 0, 1038, 339.1234, 'Segment_11', '2025-05-12', 'Feature_07_342', 0, 1044, 345.1234, 'Segment_05', '2025-11-18', 'Feature_07_348', 0, 1050, 351.1234, 'Segment_11', '2025-05-24', 'Feature_07_354', 0, 1056, 357.1234, 'Segment_05', '2025-11-02', 'Feature_07_360', 0, 1062, 363.1234, 'Segment_11', '2025-05-08', 'Feature_07_366', 0, 1068, 369.1234, 'Segment_05', '2025-11-14', 'Feature_07_372', 0, 1074, 375.1234, 'Segment_11', '2025-05-20', 'Feature_07_378', 0, 1080, 381.1234, 'Segment_05', '2025-11-26', 'Feature_07_384', 0, 1086, 387.1234, 'Segment_11', '2025-05-04', 'Feature_07_390', 0, 1092, 393.1234, 'Segment_05', '2025-11-10', 'Feature_07_396', 0, 1098, 399.1234, 'Segment_11', '2025-05-16', 'Feature_07_402', 0, 1104, 405.1234, 'Segment_05', '2025-11-22', 'Feature_07_408', 0, 1110, 411.1234, 'Segment_11', '2025-05-28', 'Feature_07_414', 0, 1116, 417.1234, 'Segment_05', '2025-11-06', 'Feature_07_420', 0, 1122, 423.1234, 'Segment_11', '2025-05-12', 'Feature_07_426', 0, 1128, 429.1234, 'Segment_05', '2025-11-18', 'Feature_07_432', 0, 1134, 435.1234, 'Segment_11', '2025-05-24', 'Feature_07_438', 0, 1140, 441.1234, 'Segment_05', '2025-11-02', 'Feature_07_444', 0, 1146, 447.1234, 'Segment_11', '2025-05-08', 'Feature_07_450', 0, 1152, 453.1234, 'Segment_05', '2025-11-14', 'Feature_07_456', 0, 1158, 459.1234, 'Segment_11', '2025-05-20', 'Feature_07_462'),
  (10008, '2025-04-08', 'User 8', 'ID000008****', 13800000008, 2, 32, '46-55', 'Xian', 'Shaanxi', 2, 'Doctor', '2024-08-08', 'Platinum', 198.7648, 90.8888, 45.7776, 44.6664, 49.5552, 17.4440, 0, 1, 1, 10, 656, 'A', 4, 'Web', 24, '2025-04-14', 'Dormant', 'Mature', 0.1600, 1711.0400, '["demo","english","wide-table"]', 0, '2025-04-08 09:08:00', '2025-04-08 10:08:00', 1, 802, 3.5520, 'Segment_00', '2025-05-13', 'Feature_08_006', 1, 808, 10.4091, 'Segment_06', '2025-11-19', 'Feature_08_012', 1, 814, 17.2663, 'Segment_00', '2025-05-25', 'Feature_08_018', 1, 820, 24.1234, 'Segment_06', '2025-11-03', 'Feature_08_024', 1, 826, 30.9805, 'Segment_00', '2025-05-09', 'Feature_08_030', 1, 832, 37.8377, 'Segment_06', '2025-11-15', 'Feature_08_036', 1, 838, 44.6948, 'Segment_00', '2025-05-21', 'Feature_08_042', 1, 844, 51.5520, 'Segment_06', '2025-11-27', 'Feature_08_048', 1, 850, 58.4091, 'Segment_00', '2025-05-05', 'Feature_08_054', 1, 856, 65.2663, 'Segment_06', '2025-11-11', 'Feature_08_060', 1, 862, 72.1234, 'Segment_00', '2025-05-17', 'Feature_08_066', 1, 868, 78.9805, 'Segment_06', '2025-11-23', 'Feature_08_072', 1, 874, 85.8377, 'Segment_00', '2025-05-01', 'Feature_08_078', 1, 880, 92.6948, 'Segment_06', '2025-11-07', 'Feature_08_084', 1, 886, 99.5520, 'Segment_00', '2025-05-13', 'Feature_08_090', 1, 892, 106.4091, 'Segment_06', '2025-11-19', 'Feature_08_096', 1, 898, 113.2663, 'Segment_00', '2025-05-25', 'Feature_08_102', 1, 904, 120.1234, 'Segment_06', '2025-11-03', 'Feature_08_108', 1, 910, 126.9805, 'Segment_00', '2025-05-09', 'Feature_08_114', 1, 916, 133.8377, 'Segment_06', '2025-11-15', 'Feature_08_120', 1, 922, 140.6948, 'Segment_00', '2025-05-21', 'Feature_08_126', 1, 928, 147.5520, 'Segment_06', '2025-11-27', 'Feature_08_132', 1, 934, 154.4091, 'Segment_00', '2025-05-05', 'Feature_08_138', 1, 940, 161.2663, 'Segment_06', '2025-11-11', 'Feature_08_144', 1, 946, 168.1234, 'Segment_00', '2025-05-17', 'Feature_08_150', 1, 952, 174.9805, 'Segment_06', '2025-11-23', 'Feature_08_156', 1, 958, 181.8377, 'Segment_00', '2025-05-01', 'Feature_08_162', 1, 964, 188.6948, 'Segment_06', '2025-11-07', 'Feature_08_168', 1, 970, 195.5520, 'Segment_00', '2025-05-13', 'Feature_08_174', 1, 976, 202.4091, 'Segment_06', '2025-11-19', 'Feature_08_180', 1, 982, 209.2663, 'Segment_00', '2025-05-25', 'Feature_08_186', 1, 988, 216.1234, 'Segment_06', '2025-11-03', 'Feature_08_192', 1, 994, 222.9805, 'Segment_00', '2025-05-09', 'Feature_08_198', 1, 1000, 229.8377, 'Segment_06', '2025-11-15', 'Feature_08_204', 1, 1006, 236.6948, 'Segment_00', '2025-05-21', 'Feature_08_210', 1, 1012, 243.5520, 'Segment_06', '2025-11-27', 'Feature_08_216', 1, 1018, 250.4091, 'Segment_00', '2025-05-05', 'Feature_08_222', 1, 1024, 257.2663, 'Segment_06', '2025-11-11', 'Feature_08_228', 1, 1030, 264.1234, 'Segment_00', '2025-05-17', 'Feature_08_234', 1, 1036, 270.9805, 'Segment_06', '2025-11-23', 'Feature_08_240', 1, 1042, 277.8377, 'Segment_00', '2025-05-01', 'Feature_08_246', 1, 1048, 284.6948, 'Segment_06', '2025-11-07', 'Feature_08_252', 1, 1054, 291.5520, 'Segment_00', '2025-05-13', 'Feature_08_258', 1, 1060, 298.4091, 'Segment_06', '2025-11-19', 'Feature_08_264', 1, 1066, 305.2663, 'Segment_00', '2025-05-25', 'Feature_08_270', 1, 1072, 312.1234, 'Segment_06', '2025-11-03', 'Feature_08_276', 1, 1078, 318.9805, 'Segment_00', '2025-05-09', 'Feature_08_282', 1, 1084, 325.8377, 'Segment_06', '2025-11-15', 'Feature_08_288', 1, 1090, 332.6948, 'Segment_00', '2025-05-21', 'Feature_08_294', 1, 1096, 339.5520, 'Segment_06', '2025-11-27', 'Feature_08_300', 1, 1102, 346.4091, 'Segment_00', '2025-05-05', 'Feature_08_306', 1, 1108, 353.2663, 'Segment_06', '2025-11-11', 'Feature_08_312', 1, 1114, 360.1234, 'Segment_00', '2025-05-17', 'Feature_08_318', 1, 1120, 366.9805, 'Segment_06', '2025-11-23', 'Feature_08_324', 1, 1126, 373.8377, 'Segment_00', '2025-05-01', 'Feature_08_330', 1, 1132, 380.6948, 'Segment_06', '2025-11-07', 'Feature_08_336', 1, 1138, 387.5520, 'Segment_00', '2025-05-13', 'Feature_08_342', 1, 1144, 394.4091, 'Segment_06', '2025-11-19', 'Feature_08_348', 1, 1150, 401.2663, 'Segment_00', '2025-05-25', 'Feature_08_354', 1, 1156, 408.1234, 'Segment_06', '2025-11-03', 'Feature_08_360', 1, 1162, 414.9805, 'Segment_00', '2025-05-09', 'Feature_08_366', 1, 1168, 421.8377, 'Segment_06', '2025-11-15', 'Feature_08_372', 1, 1174, 428.6948, 'Segment_00', '2025-05-21', 'Feature_08_378', 1, 1180, 435.5520, 'Segment_06', '2025-11-27', 'Feature_08_384', 1, 1186, 442.4091, 'Segment_00', '2025-05-05', 'Feature_08_390', 1, 1192, 449.2663, 'Segment_06', '2025-11-11', 'Feature_08_396', 1, 1198, 456.1234, 'Segment_00', '2025-05-17', 'Feature_08_402', 1, 1204, 462.9805, 'Segment_06', '2025-11-23', 'Feature_08_408', 1, 1210, 469.8377, 'Segment_00', '2025-05-01', 'Feature_08_414', 1, 1216, 476.6948, 'Segment_06', '2025-11-07', 'Feature_08_420', 1, 1222, 483.5520, 'Segment_00', '2025-05-13', 'Feature_08_426', 1, 1228, 490.4091, 'Segment_06', '2025-11-19', 'Feature_08_432', 1, 1234, 497.2663, 'Segment_00', '2025-05-25', 'Feature_08_438', 1, 1240, 504.1234, 'Segment_06', '2025-11-03', 'Feature_08_444', 1, 1246, 510.9805, 'Segment_00', '2025-05-09', 'Feature_08_450', 1, 1252, 517.8377, 'Segment_06', '2025-11-15', 'Feature_08_456', 1, 1258, 524.6948, 'Segment_00', '2025-05-21', 'Feature_08_462'),
  (10009, '2025-04-09', 'User 9', 'ID000009****', 13800000009, 1, 33, '55+', 'Suzhou', 'Jiangsu', 3, 'Designer', '2024-09-09', 'Gold', 211.1104, 95.9999, 48.9998, 48.9997, 51.9996, 18.9995, 1, 1, 0, 11, 663, 'B', 5, 'Mini Program', 27, '2025-04-15', 'High Active', 'Dormant', 0.1800, 1799.9200, '["demo","english","wide-table"]', 1, '2025-04-09 09:09:00', '2025-04-09 10:09:00', 0, 902, 3.9805, 'Segment_01', '2025-05-14', 'Feature_09_006', 0, 908, 11.6948, 'Segment_07', '2025-11-20', 'Feature_09_012', 0, 914, 19.4091, 'Segment_01', '2025-05-26', 'Feature_09_018', 0, 920, 27.1234, 'Segment_07', '2025-11-04', 'Feature_09_024', 0, 926, 34.8377, 'Segment_01', '2025-05-10', 'Feature_09_030', 0, 932, 42.5520, 'Segment_07', '2025-11-16', 'Feature_09_036', 0, 938, 50.2663, 'Segment_01', '2025-05-22', 'Feature_09_042', 0, 944, 57.9805, 'Segment_07', '2025-11-28', 'Feature_09_048', 0, 950, 65.6948, 'Segment_01', '2025-05-06', 'Feature_09_054', 0, 956, 73.4091, 'Segment_07', '2025-11-12', 'Feature_09_060', 0, 962, 81.1234, 'Segment_01', '2025-05-18', 'Feature_09_066', 0, 968, 88.8377, 'Segment_07', '2025-11-24', 'Feature_09_072', 0, 974, 96.5520, 'Segment_01', '2025-05-02', 'Feature_09_078', 0, 980, 104.2663, 'Segment_07', '2025-11-08', 'Feature_09_084', 0, 986, 111.9805, 'Segment_01', '2025-05-14', 'Feature_09_090', 0, 992, 119.6948, 'Segment_07', '2025-11-20', 'Feature_09_096', 0, 998, 127.4091, 'Segment_01', '2025-05-26', 'Feature_09_102', 0, 1004, 135.1234, 'Segment_07', '2025-11-04', 'Feature_09_108', 0, 1010, 142.8377, 'Segment_01', '2025-05-10', 'Feature_09_114', 0, 1016, 150.5520, 'Segment_07', '2025-11-16', 'Feature_09_120', 0, 1022, 158.2663, 'Segment_01', '2025-05-22', 'Feature_09_126', 0, 1028, 165.9805, 'Segment_07', '2025-11-28', 'Feature_09_132', 0, 1034, 173.6948, 'Segment_01', '2025-05-06', 'Feature_09_138', 0, 1040, 181.4091, 'Segment_07', '2025-11-12', 'Feature_09_144', 0, 1046, 189.1234, 'Segment_01', '2025-05-18', 'Feature_09_150', 0, 1052, 196.8377, 'Segment_07', '2025-11-24', 'Feature_09_156', 0, 1058, 204.5520, 'Segment_01', '2025-05-02', 'Feature_09_162', 0, 1064, 212.2663, 'Segment_07', '2025-11-08', 'Feature_09_168', 0, 1070, 219.9805, 'Segment_01', '2025-05-14', 'Feature_09_174', 0, 1076, 227.6948, 'Segment_07', '2025-11-20', 'Feature_09_180', 0, 1082, 235.4091, 'Segment_01', '2025-05-26', 'Feature_09_186', 0, 1088, 243.1234, 'Segment_07', '2025-11-04', 'Feature_09_192', 0, 1094, 250.8377, 'Segment_01', '2025-05-10', 'Feature_09_198', 0, 1100, 258.5520, 'Segment_07', '2025-11-16', 'Feature_09_204', 0, 1106, 266.2663, 'Segment_01', '2025-05-22', 'Feature_09_210', 0, 1112, 273.9805, 'Segment_07', '2025-11-28', 'Feature_09_216', 0, 1118, 281.6948, 'Segment_01', '2025-05-06', 'Feature_09_222', 0, 1124, 289.4091, 'Segment_07', '2025-11-12', 'Feature_09_228', 0, 1130, 297.1234, 'Segment_01', '2025-05-18', 'Feature_09_234', 0, 1136, 304.8377, 'Segment_07', '2025-11-24', 'Feature_09_240', 0, 1142, 312.5520, 'Segment_01', '2025-05-02', 'Feature_09_246', 0, 1148, 320.2663, 'Segment_07', '2025-11-08', 'Feature_09_252', 0, 1154, 327.9805, 'Segment_01', '2025-05-14', 'Feature_09_258', 0, 1160, 335.6948, 'Segment_07', '2025-11-20', 'Feature_09_264', 0, 1166, 343.4091, 'Segment_01', '2025-05-26', 'Feature_09_270', 0, 1172, 351.1234, 'Segment_07', '2025-11-04', 'Feature_09_276', 0, 1178, 358.8377, 'Segment_01', '2025-05-10', 'Feature_09_282', 0, 1184, 366.5520, 'Segment_07', '2025-11-16', 'Feature_09_288', 0, 1190, 374.2663, 'Segment_01', '2025-05-22', 'Feature_09_294', 0, 1196, 381.9805, 'Segment_07', '2025-11-28', 'Feature_09_300', 0, 1202, 389.6948, 'Segment_01', '2025-05-06', 'Feature_09_306', 0, 1208, 397.4091, 'Segment_07', '2025-11-12', 'Feature_09_312', 0, 1214, 405.1234, 'Segment_01', '2025-05-18', 'Feature_09_318', 0, 1220, 412.8377, 'Segment_07', '2025-11-24', 'Feature_09_324', 0, 1226, 420.5520, 'Segment_01', '2025-05-02', 'Feature_09_330', 0, 1232, 428.2663, 'Segment_07', '2025-11-08', 'Feature_09_336', 0, 1238, 435.9805, 'Segment_01', '2025-05-14', 'Feature_09_342', 0, 1244, 443.6948, 'Segment_07', '2025-11-20', 'Feature_09_348', 0, 1250, 451.4091, 'Segment_01', '2025-05-26', 'Feature_09_354', 0, 1256, 459.1234, 'Segment_07', '2025-11-04', 'Feature_09_360', 0, 1262, 466.8377, 'Segment_01', '2025-05-10', 'Feature_09_366', 0, 1268, 474.5520, 'Segment_07', '2025-11-16', 'Feature_09_372', 0, 1274, 482.2663, 'Segment_01', '2025-05-22', 'Feature_09_378', 0, 1280, 489.9805, 'Segment_07', '2025-11-28', 'Feature_09_384', 0, 1286, 497.6948, 'Segment_01', '2025-05-06', 'Feature_09_390', 0, 1292, 505.4091, 'Segment_07', '2025-11-12', 'Feature_09_396', 0, 1298, 513.1234, 'Segment_01', '2025-05-18', 'Feature_09_402', 0, 1304, 520.8377, 'Segment_07', '2025-11-24', 'Feature_09_408', 0, 1310, 528.5520, 'Segment_01', '2025-05-02', 'Feature_09_414', 0, 1316, 536.2663, 'Segment_07', '2025-11-08', 'Feature_09_420', 0, 1322, 543.9805, 'Segment_01', '2025-05-14', 'Feature_09_426', 0, 1328, 551.6948, 'Segment_07', '2025-11-20', 'Feature_09_432', 0, 1334, 559.4091, 'Segment_01', '2025-05-26', 'Feature_09_438', 0, 1340, 567.1234, 'Segment_07', '2025-11-04', 'Feature_09_444', 0, 1346, 574.8377, 'Segment_01', '2025-05-10', 'Feature_09_450', 0, 1352, 582.5520, 'Segment_07', '2025-11-16', 'Feature_09_456', 0, 1358, 590.2663, 'Segment_01', '2025-05-22', 'Feature_09_462'),
  (10010, '2025-04-10', 'User 10', 'ID000010****', 13800000010, 2, 34, '18-25', 'Guangzhou', 'Guangdong', 4, 'Manager', '2024-10-10', 'Standard', 223.4560, 101.1110, 52.2220, 53.3330, 54.4440, 20.5550, 0, 1, 0, 12, 670, 'C', 1, 'API', 30, '2025-04-16', 'Medium Active', 'Churn Risk', 0.2000, 1888.8000, '["demo","english","wide-table"]', 0, '2025-04-10 09:10:00', '2025-04-10 10:10:00', 1, 1002, 4.4091, 'Segment_02', '2025-05-15', 'Feature_10_006', 1, 1008, 12.9805, 'Segment_08', '2025-11-21', 'Feature_10_012', 1, 1014, 21.5520, 'Segment_02', '2025-05-27', 'Feature_10_018', 1, 1020, 30.1234, 'Segment_08', '2025-11-05', 'Feature_10_024', 1, 1026, 38.6948, 'Segment_02', '2025-05-11', 'Feature_10_030', 1, 1032, 47.2663, 'Segment_08', '2025-11-17', 'Feature_10_036', 1, 1038, 55.8377, 'Segment_02', '2025-05-23', 'Feature_10_042', 1, 1044, 64.4091, 'Segment_08', '2025-11-01', 'Feature_10_048', 1, 1050, 72.9805, 'Segment_02', '2025-05-07', 'Feature_10_054', 1, 1056, 81.5520, 'Segment_08', '2025-11-13', 'Feature_10_060', 1, 1062, 90.1234, 'Segment_02', '2025-05-19', 'Feature_10_066', 1, 1068, 98.6948, 'Segment_08', '2025-11-25', 'Feature_10_072', 1, 1074, 107.2663, 'Segment_02', '2025-05-03', 'Feature_10_078', 1, 1080, 115.8377, 'Segment_08', '2025-11-09', 'Feature_10_084', 1, 1086, 124.4091, 'Segment_02', '2025-05-15', 'Feature_10_090', 1, 1092, 132.9805, 'Segment_08', '2025-11-21', 'Feature_10_096', 1, 1098, 141.5520, 'Segment_02', '2025-05-27', 'Feature_10_102', 1, 1104, 150.1234, 'Segment_08', '2025-11-05', 'Feature_10_108', 1, 1110, 158.6948, 'Segment_02', '2025-05-11', 'Feature_10_114', 1, 1116, 167.2663, 'Segment_08', '2025-11-17', 'Feature_10_120', 1, 1122, 175.8377, 'Segment_02', '2025-05-23', 'Feature_10_126', 1, 1128, 184.4091, 'Segment_08', '2025-11-01', 'Feature_10_132', 1, 1134, 192.9805, 'Segment_02', '2025-05-07', 'Feature_10_138', 1, 1140, 201.5520, 'Segment_08', '2025-11-13', 'Feature_10_144', 1, 1146, 210.1234, 'Segment_02', '2025-05-19', 'Feature_10_150', 1, 1152, 218.6948, 'Segment_08', '2025-11-25', 'Feature_10_156', 1, 1158, 227.2663, 'Segment_02', '2025-05-03', 'Feature_10_162', 1, 1164, 235.8377, 'Segment_08', '2025-11-09', 'Feature_10_168', 1, 1170, 244.4091, 'Segment_02', '2025-05-15', 'Feature_10_174', 1, 1176, 252.9805, 'Segment_08', '2025-11-21', 'Feature_10_180', 1, 1182, 261.5520, 'Segment_02', '2025-05-27', 'Feature_10_186', 1, 1188, 270.1234, 'Segment_08', '2025-11-05', 'Feature_10_192', 1, 1194, 278.6948, 'Segment_02', '2025-05-11', 'Feature_10_198', 1, 1200, 287.2663, 'Segment_08', '2025-11-17', 'Feature_10_204', 1, 1206, 295.8377, 'Segment_02', '2025-05-23', 'Feature_10_210', 1, 1212, 304.4091, 'Segment_08', '2025-11-01', 'Feature_10_216', 1, 1218, 312.9805, 'Segment_02', '2025-05-07', 'Feature_10_222', 1, 1224, 321.5520, 'Segment_08', '2025-11-13', 'Feature_10_228', 1, 1230, 330.1234, 'Segment_02', '2025-05-19', 'Feature_10_234', 1, 1236, 338.6948, 'Segment_08', '2025-11-25', 'Feature_10_240', 1, 1242, 347.2663, 'Segment_02', '2025-05-03', 'Feature_10_246', 1, 1248, 355.8377, 'Segment_08', '2025-11-09', 'Feature_10_252', 1, 1254, 364.4091, 'Segment_02', '2025-05-15', 'Feature_10_258', 1, 1260, 372.9805, 'Segment_08', '2025-11-21', 'Feature_10_264', 1, 1266, 381.5520, 'Segment_02', '2025-05-27', 'Feature_10_270', 1, 1272, 390.1234, 'Segment_08', '2025-11-05', 'Feature_10_276', 1, 1278, 398.6948, 'Segment_02', '2025-05-11', 'Feature_10_282', 1, 1284, 407.2663, 'Segment_08', '2025-11-17', 'Feature_10_288', 1, 1290, 415.8377, 'Segment_02', '2025-05-23', 'Feature_10_294', 1, 1296, 424.4091, 'Segment_08', '2025-11-01', 'Feature_10_300', 1, 1302, 432.9805, 'Segment_02', '2025-05-07', 'Feature_10_306', 1, 1308, 441.5520, 'Segment_08', '2025-11-13', 'Feature_10_312', 1, 1314, 450.1234, 'Segment_02', '2025-05-19', 'Feature_10_318', 1, 1320, 458.6948, 'Segment_08', '2025-11-25', 'Feature_10_324', 1, 1326, 467.2663, 'Segment_02', '2025-05-03', 'Feature_10_330', 1, 1332, 475.8377, 'Segment_08', '2025-11-09', 'Feature_10_336', 1, 1338, 484.4091, 'Segment_02', '2025-05-15', 'Feature_10_342', 1, 1344, 492.9805, 'Segment_08', '2025-11-21', 'Feature_10_348', 1, 1350, 501.5520, 'Segment_02', '2025-05-27', 'Feature_10_354', 1, 1356, 510.1234, 'Segment_08', '2025-11-05', 'Feature_10_360', 1, 1362, 518.6948, 'Segment_02', '2025-05-11', 'Feature_10_366', 1, 1368, 527.2663, 'Segment_08', '2025-11-17', 'Feature_10_372', 1, 1374, 535.8377, 'Segment_02', '2025-05-23', 'Feature_10_378', 1, 1380, 544.4091, 'Segment_08', '2025-11-01', 'Feature_10_384', 1, 1386, 552.9805, 'Segment_02', '2025-05-07', 'Feature_10_390', 1, 1392, 561.5520, 'Segment_08', '2025-11-13', 'Feature_10_396', 1, 1398, 570.1234, 'Segment_02', '2025-05-19', 'Feature_10_402', 1, 1404, 578.6948, 'Segment_08', '2025-11-25', 'Feature_10_408', 1, 1410, 587.2663, 'Segment_02', '2025-05-03', 'Feature_10_414', 1, 1416, 595.8377, 'Segment_08', '2025-11-09', 'Feature_10_420', 1, 1422, 604.4091, 'Segment_02', '2025-05-15', 'Feature_10_426', 1, 1428, 612.9805, 'Segment_08', '2025-11-21', 'Feature_10_432', 1, 1434, 621.5520, 'Segment_02', '2025-05-27', 'Feature_10_438', 1, 1440, 630.1234, 'Segment_08', '2025-11-05', 'Feature_10_444', 1, 1446, 638.6948, 'Segment_02', '2025-05-11', 'Feature_10_450', 1, 1452, 647.2663, 'Segment_08', '2025-11-17', 'Feature_10_456', 1, 1458, 655.8377, 'Segment_02', '2025-05-23', 'Feature_10_462'),
  (10011, '2025-04-11', 'User 11', 'ID000011****', 13800000011, 1, 35, '26-35', 'Beijing', 'Beijing', 5, 'Analyst', '2024-11-11', 'Private Banking', 235.8016, 106.2221, 55.4442, 57.6663, 56.8884, 22.1105, 1, 1, 0, 13, 677, 'AAA', 2, 'Mobile App', 33, '2025-04-17', 'Low Active', 'New', 0.2200, 1977.6800, '["demo","english","wide-table"]', 0, '2025-04-11 09:11:00', '2025-04-11 10:11:00', 0, 1102, 4.8377, 'Segment_03', '2025-05-16', 'Feature_11_006', 0, 1108, 14.2663, 'Segment_09', '2025-11-22', 'Feature_11_012', 0, 1114, 23.6948, 'Segment_03', '2025-05-28', 'Feature_11_018', 0, 1120, 33.1234, 'Segment_09', '2025-11-06', 'Feature_11_024', 0, 1126, 42.5520, 'Segment_03', '2025-05-12', 'Feature_11_030', 0, 1132, 51.9805, 'Segment_09', '2025-11-18', 'Feature_11_036', 0, 1138, 61.4091, 'Segment_03', '2025-05-24', 'Feature_11_042', 0, 1144, 70.8377, 'Segment_09', '2025-11-02', 'Feature_11_048', 0, 1150, 80.2663, 'Segment_03', '2025-05-08', 'Feature_11_054', 0, 1156, 89.6948, 'Segment_09', '2025-11-14', 'Feature_11_060', 0, 1162, 99.1234, 'Segment_03', '2025-05-20', 'Feature_11_066', 0, 1168, 108.5520, 'Segment_09', '2025-11-26', 'Feature_11_072', 0, 1174, 117.9805, 'Segment_03', '2025-05-04', 'Feature_11_078', 0, 1180, 127.4091, 'Segment_09', '2025-11-10', 'Feature_11_084', 0, 1186, 136.8377, 'Segment_03', '2025-05-16', 'Feature_11_090', 0, 1192, 146.2663, 'Segment_09', '2025-11-22', 'Feature_11_096', 0, 1198, 155.6948, 'Segment_03', '2025-05-28', 'Feature_11_102', 0, 1204, 165.1234, 'Segment_09', '2025-11-06', 'Feature_11_108', 0, 1210, 174.5520, 'Segment_03', '2025-05-12', 'Feature_11_114', 0, 1216, 183.9805, 'Segment_09', '2025-11-18', 'Feature_11_120', 0, 1222, 193.4091, 'Segment_03', '2025-05-24', 'Feature_11_126', 0, 1228, 202.8377, 'Segment_09', '2025-11-02', 'Feature_11_132', 0, 1234, 212.2663, 'Segment_03', '2025-05-08', 'Feature_11_138', 0, 1240, 221.6948, 'Segment_09', '2025-11-14', 'Feature_11_144', 0, 1246, 231.1234, 'Segment_03', '2025-05-20', 'Feature_11_150', 0, 1252, 240.5520, 'Segment_09', '2025-11-26', 'Feature_11_156', 0, 1258, 249.9805, 'Segment_03', '2025-05-04', 'Feature_11_162', 0, 1264, 259.4091, 'Segment_09', '2025-11-10', 'Feature_11_168', 0, 1270, 268.8377, 'Segment_03', '2025-05-16', 'Feature_11_174', 0, 1276, 278.2663, 'Segment_09', '2025-11-22', 'Feature_11_180', 0, 1282, 287.6948, 'Segment_03', '2025-05-28', 'Feature_11_186', 0, 1288, 297.1234, 'Segment_09', '2025-11-06', 'Feature_11_192', 0, 1294, 306.5520, 'Segment_03', '2025-05-12', 'Feature_11_198', 0, 1300, 315.9805, 'Segment_09', '2025-11-18', 'Feature_11_204', 0, 1306, 325.4091, 'Segment_03', '2025-05-24', 'Feature_11_210', 0, 1312, 334.8377, 'Segment_09', '2025-11-02', 'Feature_11_216', 0, 1318, 344.2663, 'Segment_03', '2025-05-08', 'Feature_11_222', 0, 1324, 353.6948, 'Segment_09', '2025-11-14', 'Feature_11_228', 0, 1330, 363.1234, 'Segment_03', '2025-05-20', 'Feature_11_234', 0, 1336, 372.5520, 'Segment_09', '2025-11-26', 'Feature_11_240', 0, 1342, 381.9805, 'Segment_03', '2025-05-04', 'Feature_11_246', 0, 1348, 391.4091, 'Segment_09', '2025-11-10', 'Feature_11_252', 0, 1354, 400.8377, 'Segment_03', '2025-05-16', 'Feature_11_258', 0, 1360, 410.2663, 'Segment_09', '2025-11-22', 'Feature_11_264', 0, 1366, 419.6948, 'Segment_03', '2025-05-28', 'Feature_11_270', 0, 1372, 429.1234, 'Segment_09', '2025-11-06', 'Feature_11_276', 0, 1378, 438.5520, 'Segment_03', '2025-05-12', 'Feature_11_282', 0, 1384, 447.9805, 'Segment_09', '2025-11-18', 'Feature_11_288', 0, 1390, 457.4091, 'Segment_03', '2025-05-24', 'Feature_11_294', 0, 1396, 466.8377, 'Segment_09', '2025-11-02', 'Feature_11_300', 0, 1402, 476.2663, 'Segment_03', '2025-05-08', 'Feature_11_306', 0, 1408, 485.6948, 'Segment_09', '2025-11-14', 'Feature_11_312', 0, 1414, 495.1234, 'Segment_03', '2025-05-20', 'Feature_11_318', 0, 1420, 504.5520, 'Segment_09', '2025-11-26', 'Feature_11_324', 0, 1426, 513.9805, 'Segment_03', '2025-05-04', 'Feature_11_330', 0, 1432, 523.4091, 'Segment_09', '2025-11-10', 'Feature_11_336', 0, 1438, 532.8377, 'Segment_03', '2025-05-16', 'Feature_11_342', 0, 1444, 542.2663, 'Segment_09', '2025-11-22', 'Feature_11_348', 0, 1450, 551.6948, 'Segment_03', '2025-05-28', 'Feature_11_354', 0, 1456, 561.1234, 'Segment_09', '2025-11-06', 'Feature_11_360', 0, 1462, 570.5520, 'Segment_03', '2025-05-12', 'Feature_11_366', 0, 1468, 579.9805, 'Segment_09', '2025-11-18', 'Feature_11_372', 0, 1474, 589.4091, 'Segment_03', '2025-05-24', 'Feature_11_378', 0, 1480, 598.8377, 'Segment_09', '2025-11-02', 'Feature_11_384', 0, 1486, 608.2663, 'Segment_03', '2025-05-08', 'Feature_11_390', 0, 1492, 617.6948, 'Segment_09', '2025-11-14', 'Feature_11_396', 0, 1498, 627.1234, 'Segment_03', '2025-05-20', 'Feature_11_402', 0, 1504, 636.5520, 'Segment_09', '2025-11-26', 'Feature_11_408', 0, 1510, 645.9805, 'Segment_03', '2025-05-04', 'Feature_11_414', 0, 1516, 655.4091, 'Segment_09', '2025-11-10', 'Feature_11_420', 0, 1522, 664.8377, 'Segment_03', '2025-05-16', 'Feature_11_426', 0, 1528, 674.2663, 'Segment_09', '2025-11-22', 'Feature_11_432', 0, 1534, 683.6948, 'Segment_03', '2025-05-28', 'Feature_11_438', 0, 1540, 693.1234, 'Segment_09', '2025-11-06', 'Feature_11_444', 0, 1546, 702.5520, 'Segment_03', '2025-05-12', 'Feature_11_450', 0, 1552, 711.9805, 'Segment_09', '2025-11-18', 'Feature_11_456', 0, 1558, 721.4091, 'Segment_03', '2025-05-24', 'Feature_11_462'),
  (10012, '2025-04-12', 'User 12', 'ID000012****', 13800000012, 2, 36, '36-45', 'Shanghai', 'Shanghai', 6, 'Engineer', '2024-12-12', 'Diamond', 248.1472, 111.3332, 58.6664, 61.9996, 59.3328, 23.6660, 0, 1, 1, 2, 684, 'AA', 3, 'Branch', 36, '2025-04-18', 'Dormant', 'Growing', 0.2400, 2066.5600, '["demo","english","wide-table"]', 0, '2025-04-12 09:12:00', '2025-04-12 10:12:00', 1, 1202, 5.2663, 'Segment_04', '2025-05-17', 'Feature_12_006', 1, 1208, 15.5520, 'Segment_10', '2025-11-23', 'Feature_12_012', 1, 1214, 25.8377, 'Segment_04', '2025-05-01', 'Feature_12_018', 1, 1220, 36.1234, 'Segment_10', '2025-11-07', 'Feature_12_024', 1, 1226, 46.4091, 'Segment_04', '2025-05-13', 'Feature_12_030', 1, 1232, 56.6948, 'Segment_10', '2025-11-19', 'Feature_12_036', 1, 1238, 66.9805, 'Segment_04', '2025-05-25', 'Feature_12_042', 1, 1244, 77.2663, 'Segment_10', '2025-11-03', 'Feature_12_048', 1, 1250, 87.5520, 'Segment_04', '2025-05-09', 'Feature_12_054', 1, 1256, 97.8377, 'Segment_10', '2025-11-15', 'Feature_12_060', 1, 1262, 108.1234, 'Segment_04', '2025-05-21', 'Feature_12_066', 1, 1268, 118.4091, 'Segment_10', '2025-11-27', 'Feature_12_072', 1, 1274, 128.6948, 'Segment_04', '2025-05-05', 'Feature_12_078', 1, 1280, 138.9805, 'Segment_10', '2025-11-11', 'Feature_12_084', 1, 1286, 149.2663, 'Segment_04', '2025-05-17', 'Feature_12_090', 1, 1292, 159.5520, 'Segment_10', '2025-11-23', 'Feature_12_096', 1, 1298, 169.8377, 'Segment_04', '2025-05-01', 'Feature_12_102', 1, 1304, 180.1234, 'Segment_10', '2025-11-07', 'Feature_12_108', 1, 1310, 190.4091, 'Segment_04', '2025-05-13', 'Feature_12_114', 1, 1316, 200.6948, 'Segment_10', '2025-11-19', 'Feature_12_120', 1, 1322, 210.9805, 'Segment_04', '2025-05-25', 'Feature_12_126', 1, 1328, 221.2663, 'Segment_10', '2025-11-03', 'Feature_12_132', 1, 1334, 231.5520, 'Segment_04', '2025-05-09', 'Feature_12_138', 1, 1340, 241.8377, 'Segment_10', '2025-11-15', 'Feature_12_144', 1, 1346, 252.1234, 'Segment_04', '2025-05-21', 'Feature_12_150', 1, 1352, 262.4091, 'Segment_10', '2025-11-27', 'Feature_12_156', 1, 1358, 272.6948, 'Segment_04', '2025-05-05', 'Feature_12_162', 1, 1364, 282.9805, 'Segment_10', '2025-11-11', 'Feature_12_168', 1, 1370, 293.2663, 'Segment_04', '2025-05-17', 'Feature_12_174', 1, 1376, 303.5520, 'Segment_10', '2025-11-23', 'Feature_12_180', 1, 1382, 313.8377, 'Segment_04', '2025-05-01', 'Feature_12_186', 1, 1388, 324.1234, 'Segment_10', '2025-11-07', 'Feature_12_192', 1, 1394, 334.4091, 'Segment_04', '2025-05-13', 'Feature_12_198', 1, 1400, 344.6948, 'Segment_10', '2025-11-19', 'Feature_12_204', 1, 1406, 354.9805, 'Segment_04', '2025-05-25', 'Feature_12_210', 1, 1412, 365.2663, 'Segment_10', '2025-11-03', 'Feature_12_216', 1, 1418, 375.5520, 'Segment_04', '2025-05-09', 'Feature_12_222', 1, 1424, 385.8377, 'Segment_10', '2025-11-15', 'Feature_12_228', 1, 1430, 396.1234, 'Segment_04', '2025-05-21', 'Feature_12_234', 1, 1436, 406.4091, 'Segment_10', '2025-11-27', 'Feature_12_240', 1, 1442, 416.6948, 'Segment_04', '2025-05-05', 'Feature_12_246', 1, 1448, 426.9805, 'Segment_10', '2025-11-11', 'Feature_12_252', 1, 1454, 437.2663, 'Segment_04', '2025-05-17', 'Feature_12_258', 1, 1460, 447.5520, 'Segment_10', '2025-11-23', 'Feature_12_264', 1, 1466, 457.8377, 'Segment_04', '2025-05-01', 'Feature_12_270', 1, 1472, 468.1234, 'Segment_10', '2025-11-07', 'Feature_12_276', 1, 1478, 478.4091, 'Segment_04', '2025-05-13', 'Feature_12_282', 1, 1484, 488.6948, 'Segment_10', '2025-11-19', 'Feature_12_288', 1, 1490, 498.9805, 'Segment_04', '2025-05-25', 'Feature_12_294', 1, 1496, 509.2663, 'Segment_10', '2025-11-03', 'Feature_12_300', 1, 1502, 519.5520, 'Segment_04', '2025-05-09', 'Feature_12_306', 1, 1508, 529.8377, 'Segment_10', '2025-11-15', 'Feature_12_312', 1, 1514, 540.1234, 'Segment_04', '2025-05-21', 'Feature_12_318', 1, 1520, 550.4091, 'Segment_10', '2025-11-27', 'Feature_12_324', 1, 1526, 560.6948, 'Segment_04', '2025-05-05', 'Feature_12_330', 1, 1532, 570.9805, 'Segment_10', '2025-11-11', 'Feature_12_336', 1, 1538, 581.2663, 'Segment_04', '2025-05-17', 'Feature_12_342', 1, 1544, 591.5520, 'Segment_10', '2025-11-23', 'Feature_12_348', 1, 1550, 601.8377, 'Segment_04', '2025-05-01', 'Feature_12_354', 1, 1556, 612.1234, 'Segment_10', '2025-11-07', 'Feature_12_360', 1, 1562, 622.4091, 'Segment_04', '2025-05-13', 'Feature_12_366', 1, 1568, 632.6948, 'Segment_10', '2025-11-19', 'Feature_12_372', 1, 1574, 642.9805, 'Segment_04', '2025-05-25', 'Feature_12_378', 1, 1580, 653.2663, 'Segment_10', '2025-11-03', 'Feature_12_384', 1, 1586, 663.5520, 'Segment_04', '2025-05-09', 'Feature_12_390', 1, 1592, 673.8377, 'Segment_10', '2025-11-15', 'Feature_12_396', 1, 1598, 684.1234, 'Segment_04', '2025-05-21', 'Feature_12_402', 1, 1604, 694.4091, 'Segment_10', '2025-11-27', 'Feature_12_408', 1, 1610, 704.6948, 'Segment_04', '2025-05-05', 'Feature_12_414', 1, 1616, 714.9805, 'Segment_10', '2025-11-11', 'Feature_12_420', 1, 1622, 725.2663, 'Segment_04', '2025-05-17', 'Feature_12_426', 1, 1628, 735.5520, 'Segment_10', '2025-11-23', 'Feature_12_432', 1, 1634, 745.8377, 'Segment_04', '2025-05-01', 'Feature_12_438', 1, 1640, 756.1234, 'Segment_10', '2025-11-07', 'Feature_12_444', 1, 1646, 766.4091, 'Segment_04', '2025-05-13', 'Feature_12_450', 1, 1652, 776.6948, 'Segment_10', '2025-11-19', 'Feature_12_456', 1, 1658, 786.9805, 'Segment_04', '2025-05-25', 'Feature_12_462'),
  (10013, '2025-04-13', 'User 13', 'ID000013****', 13800000013, 1, 37, '46-55', 'Shenzhen', 'Guangdong', 7, 'Teacher', '2024-01-13', 'Platinum', 260.4928, 116.4443, 61.8886, 66.3329, 61.7772, 25.2215, 1, 1, 0, 3, 691, 'A', 4, 'Web', 39, '2025-04-19', 'High Active', 'Mature', 0.2600, 2155.4400, '["demo","english","wide-table"]', 0, '2025-04-13 09:13:00', '2025-04-13 10:13:00', 0, 1302, 5.6948, 'Segment_05', '2025-05-18', 'Feature_13_006', 0, 1308, 16.8377, 'Segment_11', '2025-11-24', 'Feature_13_012', 0, 1314, 27.9805, 'Segment_05', '2025-05-02', 'Feature_13_018', 0, 1320, 39.1234, 'Segment_11', '2025-11-08', 'Feature_13_024', 0, 1326, 50.2663, 'Segment_05', '2025-05-14', 'Feature_13_030', 0, 1332, 61.4091, 'Segment_11', '2025-11-20', 'Feature_13_036', 0, 1338, 72.5520, 'Segment_05', '2025-05-26', 'Feature_13_042', 0, 1344, 83.6948, 'Segment_11', '2025-11-04', 'Feature_13_048', 0, 1350, 94.8377, 'Segment_05', '2025-05-10', 'Feature_13_054', 0, 1356, 105.9805, 'Segment_11', '2025-11-16', 'Feature_13_060', 0, 1362, 117.1234, 'Segment_05', '2025-05-22', 'Feature_13_066', 0, 1368, 128.2663, 'Segment_11', '2025-11-28', 'Feature_13_072', 0, 1374, 139.4091, 'Segment_05', '2025-05-06', 'Feature_13_078', 0, 1380, 150.5520, 'Segment_11', '2025-11-12', 'Feature_13_084', 0, 1386, 161.6948, 'Segment_05', '2025-05-18', 'Feature_13_090', 0, 1392, 172.8377, 'Segment_11', '2025-11-24', 'Feature_13_096', 0, 1398, 183.9805, 'Segment_05', '2025-05-02', 'Feature_13_102', 0, 1404, 195.1234, 'Segment_11', '2025-11-08', 'Feature_13_108', 0, 1410, 206.2663, 'Segment_05', '2025-05-14', 'Feature_13_114', 0, 1416, 217.4091, 'Segment_11', '2025-11-20', 'Feature_13_120', 0, 1422, 228.5520, 'Segment_05', '2025-05-26', 'Feature_13_126', 0, 1428, 239.6948, 'Segment_11', '2025-11-04', 'Feature_13_132', 0, 1434, 250.8377, 'Segment_05', '2025-05-10', 'Feature_13_138', 0, 1440, 261.9805, 'Segment_11', '2025-11-16', 'Feature_13_144', 0, 1446, 273.1234, 'Segment_05', '2025-05-22', 'Feature_13_150', 0, 1452, 284.2663, 'Segment_11', '2025-11-28', 'Feature_13_156', 0, 1458, 295.4091, 'Segment_05', '2025-05-06', 'Feature_13_162', 0, 1464, 306.5520, 'Segment_11', '2025-11-12', 'Feature_13_168', 0, 1470, 317.6948, 'Segment_05', '2025-05-18', 'Feature_13_174', 0, 1476, 328.8377, 'Segment_11', '2025-11-24', 'Feature_13_180', 0, 1482, 339.9805, 'Segment_05', '2025-05-02', 'Feature_13_186', 0, 1488, 351.1234, 'Segment_11', '2025-11-08', 'Feature_13_192', 0, 1494, 362.2663, 'Segment_05', '2025-05-14', 'Feature_13_198', 0, 1500, 373.4091, 'Segment_11', '2025-11-20', 'Feature_13_204', 0, 1506, 384.5520, 'Segment_05', '2025-05-26', 'Feature_13_210', 0, 1512, 395.6948, 'Segment_11', '2025-11-04', 'Feature_13_216', 0, 1518, 406.8377, 'Segment_05', '2025-05-10', 'Feature_13_222', 0, 1524, 417.9805, 'Segment_11', '2025-11-16', 'Feature_13_228', 0, 1530, 429.1234, 'Segment_05', '2025-05-22', 'Feature_13_234', 0, 1536, 440.2663, 'Segment_11', '2025-11-28', 'Feature_13_240', 0, 1542, 451.4091, 'Segment_05', '2025-05-06', 'Feature_13_246', 0, 1548, 462.5520, 'Segment_11', '2025-11-12', 'Feature_13_252', 0, 1554, 473.6948, 'Segment_05', '2025-05-18', 'Feature_13_258', 0, 1560, 484.8377, 'Segment_11', '2025-11-24', 'Feature_13_264', 0, 1566, 495.9805, 'Segment_05', '2025-05-02', 'Feature_13_270', 0, 1572, 507.1234, 'Segment_11', '2025-11-08', 'Feature_13_276', 0, 1578, 518.2663, 'Segment_05', '2025-05-14', 'Feature_13_282', 0, 1584, 529.4091, 'Segment_11', '2025-11-20', 'Feature_13_288', 0, 1590, 540.5520, 'Segment_05', '2025-05-26', 'Feature_13_294', 0, 1596, 551.6948, 'Segment_11', '2025-11-04', 'Feature_13_300', 0, 1602, 562.8377, 'Segment_05', '2025-05-10', 'Feature_13_306', 0, 1608, 573.9805, 'Segment_11', '2025-11-16', 'Feature_13_312', 0, 1614, 585.1234, 'Segment_05', '2025-05-22', 'Feature_13_318', 0, 1620, 596.2663, 'Segment_11', '2025-11-28', 'Feature_13_324', 0, 1626, 607.4091, 'Segment_05', '2025-05-06', 'Feature_13_330', 0, 1632, 618.5520, 'Segment_11', '2025-11-12', 'Feature_13_336', 0, 1638, 629.6948, 'Segment_05', '2025-05-18', 'Feature_13_342', 0, 1644, 640.8377, 'Segment_11', '2025-11-24', 'Feature_13_348', 0, 1650, 651.9805, 'Segment_05', '2025-05-02', 'Feature_13_354', 0, 1656, 663.1234, 'Segment_11', '2025-11-08', 'Feature_13_360', 0, 1662, 674.2663, 'Segment_05', '2025-05-14', 'Feature_13_366', 0, 1668, 685.4091, 'Segment_11', '2025-11-20', 'Feature_13_372', 0, 1674, 696.5520, 'Segment_05', '2025-05-26', 'Feature_13_378', 0, 1680, 707.6948, 'Segment_11', '2025-11-04', 'Feature_13_384', 0, 1686, 718.8377, 'Segment_05', '2025-05-10', 'Feature_13_390', 0, 1692, 729.9805, 'Segment_11', '2025-11-16', 'Feature_13_396', 0, 1698, 741.1234, 'Segment_05', '2025-05-22', 'Feature_13_402', 0, 1704, 752.2663, 'Segment_11', '2025-11-28', 'Feature_13_408', 0, 1710, 763.4091, 'Segment_05', '2025-05-06', 'Feature_13_414', 0, 1716, 774.5520, 'Segment_11', '2025-11-12', 'Feature_13_420', 0, 1722, 785.6948, 'Segment_05', '2025-05-18', 'Feature_13_426', 0, 1728, 796.8377, 'Segment_11', '2025-11-24', 'Feature_13_432', 0, 1734, 807.9805, 'Segment_05', '2025-05-02', 'Feature_13_438', 0, 1740, 819.1234, 'Segment_11', '2025-11-08', 'Feature_13_444', 0, 1746, 830.2663, 'Segment_05', '2025-05-14', 'Feature_13_450', 0, 1752, 841.4091, 'Segment_11', '2025-11-20', 'Feature_13_456', 0, 1758, 852.5520, 'Segment_05', '2025-05-26', 'Feature_13_462'),
  (10014, '2025-04-14', 'User 14', 'ID000014****', 13800000014, 2, 38, '55+', 'Hangzhou', 'Zhejiang', 1, 'Doctor', '2024-02-14', 'Gold', 272.8384, 121.5554, 65.1108, 70.6662, 64.2216, 26.7770, 0, 1, 0, 4, 698, 'B', 5, 'Mini Program', 42, '2025-04-20', 'Medium Active', 'Dormant', 0.2800, 2244.3200, '["demo","english","wide-table"]', 0, '2025-04-14 09:14:00', '2025-04-14 10:14:00', 1, 1402, 6.1234, 'Segment_06', '2025-05-19', 'Feature_14_006', 1, 1408, 18.1234, 'Segment_00', '2025-11-25', 'Feature_14_012', 1, 1414, 30.1234, 'Segment_06', '2025-05-03', 'Feature_14_018', 1, 1420, 42.1234, 'Segment_00', '2025-11-09', 'Feature_14_024', 1, 1426, 54.1234, 'Segment_06', '2025-05-15', 'Feature_14_030', 1, 1432, 66.1234, 'Segment_00', '2025-11-21', 'Feature_14_036', 1, 1438, 78.1234, 'Segment_06', '2025-05-27', 'Feature_14_042', 1, 1444, 90.1234, 'Segment_00', '2025-11-05', 'Feature_14_048', 1, 1450, 102.1234, 'Segment_06', '2025-05-11', 'Feature_14_054', 1, 1456, 114.1234, 'Segment_00', '2025-11-17', 'Feature_14_060', 1, 1462, 126.1234, 'Segment_06', '2025-05-23', 'Feature_14_066', 1, 1468, 138.1234, 'Segment_00', '2025-11-01', 'Feature_14_072', 1, 1474, 150.1234, 'Segment_06', '2025-05-07', 'Feature_14_078', 1, 1480, 162.1234, 'Segment_00', '2025-11-13', 'Feature_14_084', 1, 1486, 174.1234, 'Segment_06', '2025-05-19', 'Feature_14_090', 1, 1492, 186.1234, 'Segment_00', '2025-11-25', 'Feature_14_096', 1, 1498, 198.1234, 'Segment_06', '2025-05-03', 'Feature_14_102', 1, 1504, 210.1234, 'Segment_00', '2025-11-09', 'Feature_14_108', 1, 1510, 222.1234, 'Segment_06', '2025-05-15', 'Feature_14_114', 1, 1516, 234.1234, 'Segment_00', '2025-11-21', 'Feature_14_120', 1, 1522, 246.1234, 'Segment_06', '2025-05-27', 'Feature_14_126', 1, 1528, 258.1234, 'Segment_00', '2025-11-05', 'Feature_14_132', 1, 1534, 270.1234, 'Segment_06', '2025-05-11', 'Feature_14_138', 1, 1540, 282.1234, 'Segment_00', '2025-11-17', 'Feature_14_144', 1, 1546, 294.1234, 'Segment_06', '2025-05-23', 'Feature_14_150', 1, 1552, 306.1234, 'Segment_00', '2025-11-01', 'Feature_14_156', 1, 1558, 318.1234, 'Segment_06', '2025-05-07', 'Feature_14_162', 1, 1564, 330.1234, 'Segment_00', '2025-11-13', 'Feature_14_168', 1, 1570, 342.1234, 'Segment_06', '2025-05-19', 'Feature_14_174', 1, 1576, 354.1234, 'Segment_00', '2025-11-25', 'Feature_14_180', 1, 1582, 366.1234, 'Segment_06', '2025-05-03', 'Feature_14_186', 1, 1588, 378.1234, 'Segment_00', '2025-11-09', 'Feature_14_192', 1, 1594, 390.1234, 'Segment_06', '2025-05-15', 'Feature_14_198', 1, 1600, 402.1234, 'Segment_00', '2025-11-21', 'Feature_14_204', 1, 1606, 414.1234, 'Segment_06', '2025-05-27', 'Feature_14_210', 1, 1612, 426.1234, 'Segment_00', '2025-11-05', 'Feature_14_216', 1, 1618, 438.1234, 'Segment_06', '2025-05-11', 'Feature_14_222', 1, 1624, 450.1234, 'Segment_00', '2025-11-17', 'Feature_14_228', 1, 1630, 462.1234, 'Segment_06', '2025-05-23', 'Feature_14_234', 1, 1636, 474.1234, 'Segment_00', '2025-11-01', 'Feature_14_240', 1, 1642, 486.1234, 'Segment_06', '2025-05-07', 'Feature_14_246', 1, 1648, 498.1234, 'Segment_00', '2025-11-13', 'Feature_14_252', 1, 1654, 510.1234, 'Segment_06', '2025-05-19', 'Feature_14_258', 1, 1660, 522.1234, 'Segment_00', '2025-11-25', 'Feature_14_264', 1, 1666, 534.1234, 'Segment_06', '2025-05-03', 'Feature_14_270', 1, 1672, 546.1234, 'Segment_00', '2025-11-09', 'Feature_14_276', 1, 1678, 558.1234, 'Segment_06', '2025-05-15', 'Feature_14_282', 1, 1684, 570.1234, 'Segment_00', '2025-11-21', 'Feature_14_288', 1, 1690, 582.1234, 'Segment_06', '2025-05-27', 'Feature_14_294', 1, 1696, 594.1234, 'Segment_00', '2025-11-05', 'Feature_14_300', 1, 1702, 606.1234, 'Segment_06', '2025-05-11', 'Feature_14_306', 1, 1708, 618.1234, 'Segment_00', '2025-11-17', 'Feature_14_312', 1, 1714, 630.1234, 'Segment_06', '2025-05-23', 'Feature_14_318', 1, 1720, 642.1234, 'Segment_00', '2025-11-01', 'Feature_14_324', 1, 1726, 654.1234, 'Segment_06', '2025-05-07', 'Feature_14_330', 1, 1732, 666.1234, 'Segment_00', '2025-11-13', 'Feature_14_336', 1, 1738, 678.1234, 'Segment_06', '2025-05-19', 'Feature_14_342', 1, 1744, 690.1234, 'Segment_00', '2025-11-25', 'Feature_14_348', 1, 1750, 702.1234, 'Segment_06', '2025-05-03', 'Feature_14_354', 1, 1756, 714.1234, 'Segment_00', '2025-11-09', 'Feature_14_360', 1, 1762, 726.1234, 'Segment_06', '2025-05-15', 'Feature_14_366', 1, 1768, 738.1234, 'Segment_00', '2025-11-21', 'Feature_14_372', 1, 1774, 750.1234, 'Segment_06', '2025-05-27', 'Feature_14_378', 1, 1780, 762.1234, 'Segment_00', '2025-11-05', 'Feature_14_384', 1, 1786, 774.1234, 'Segment_06', '2025-05-11', 'Feature_14_390', 1, 1792, 786.1234, 'Segment_00', '2025-11-17', 'Feature_14_396', 1, 1798, 798.1234, 'Segment_06', '2025-05-23', 'Feature_14_402', 1, 1804, 810.1234, 'Segment_00', '2025-11-01', 'Feature_14_408', 1, 1810, 822.1234, 'Segment_06', '2025-05-07', 'Feature_14_414', 1, 1816, 834.1234, 'Segment_00', '2025-11-13', 'Feature_14_420', 1, 1822, 846.1234, 'Segment_06', '2025-05-19', 'Feature_14_426', 1, 1828, 858.1234, 'Segment_00', '2025-11-25', 'Feature_14_432', 1, 1834, 870.1234, 'Segment_06', '2025-05-03', 'Feature_14_438', 1, 1840, 882.1234, 'Segment_00', '2025-11-09', 'Feature_14_444', 1, 1846, 894.1234, 'Segment_06', '2025-05-15', 'Feature_14_450', 1, 1852, 906.1234, 'Segment_00', '2025-11-21', 'Feature_14_456', 1, 1858, 918.1234, 'Segment_06', '2025-05-27', 'Feature_14_462'),
  (10015, '2025-04-15', 'User 15', 'ID000015****', 13800000015, 1, 39, '18-25', 'Chengdu', 'Sichuan', 2, 'Designer', '2024-03-15', 'Standard', 285.1840, 126.6665, 68.3330, 74.9995, 66.6660, 28.3325, 1, 1, 0, 5, 705, 'C', 1, 'API', 45, '2025-04-21', 'Low Active', 'Churn Risk', 0.3000, 2333.2000, '["demo","english","wide-table"]', 0, '2025-04-15 09:15:00', '2025-04-15 10:15:00', 0, 1502, 6.5520, 'Segment_07', '2025-05-20', 'Feature_15_006', 0, 1508, 19.4091, 'Segment_01', '2025-11-26', 'Feature_15_012', 0, 1514, 32.2663, 'Segment_07', '2025-05-04', 'Feature_15_018', 0, 1520, 45.1234, 'Segment_01', '2025-11-10', 'Feature_15_024', 0, 1526, 57.9805, 'Segment_07', '2025-05-16', 'Feature_15_030', 0, 1532, 70.8377, 'Segment_01', '2025-11-22', 'Feature_15_036', 0, 1538, 83.6948, 'Segment_07', '2025-05-28', 'Feature_15_042', 0, 1544, 96.5520, 'Segment_01', '2025-11-06', 'Feature_15_048', 0, 1550, 109.4091, 'Segment_07', '2025-05-12', 'Feature_15_054', 0, 1556, 122.2663, 'Segment_01', '2025-11-18', 'Feature_15_060', 0, 1562, 135.1234, 'Segment_07', '2025-05-24', 'Feature_15_066', 0, 1568, 147.9805, 'Segment_01', '2025-11-02', 'Feature_15_072', 0, 1574, 160.8377, 'Segment_07', '2025-05-08', 'Feature_15_078', 0, 1580, 173.6948, 'Segment_01', '2025-11-14', 'Feature_15_084', 0, 1586, 186.5520, 'Segment_07', '2025-05-20', 'Feature_15_090', 0, 1592, 199.4091, 'Segment_01', '2025-11-26', 'Feature_15_096', 0, 1598, 212.2663, 'Segment_07', '2025-05-04', 'Feature_15_102', 0, 1604, 225.1234, 'Segment_01', '2025-11-10', 'Feature_15_108', 0, 1610, 237.9805, 'Segment_07', '2025-05-16', 'Feature_15_114', 0, 1616, 250.8377, 'Segment_01', '2025-11-22', 'Feature_15_120', 0, 1622, 263.6948, 'Segment_07', '2025-05-28', 'Feature_15_126', 0, 1628, 276.5520, 'Segment_01', '2025-11-06', 'Feature_15_132', 0, 1634, 289.4091, 'Segment_07', '2025-05-12', 'Feature_15_138', 0, 1640, 302.2663, 'Segment_01', '2025-11-18', 'Feature_15_144', 0, 1646, 315.1234, 'Segment_07', '2025-05-24', 'Feature_15_150', 0, 1652, 327.9805, 'Segment_01', '2025-11-02', 'Feature_15_156', 0, 1658, 340.8377, 'Segment_07', '2025-05-08', 'Feature_15_162', 0, 1664, 353.6948, 'Segment_01', '2025-11-14', 'Feature_15_168', 0, 1670, 366.5520, 'Segment_07', '2025-05-20', 'Feature_15_174', 0, 1676, 379.4091, 'Segment_01', '2025-11-26', 'Feature_15_180', 0, 1682, 392.2663, 'Segment_07', '2025-05-04', 'Feature_15_186', 0, 1688, 405.1234, 'Segment_01', '2025-11-10', 'Feature_15_192', 0, 1694, 417.9805, 'Segment_07', '2025-05-16', 'Feature_15_198', 0, 1700, 430.8377, 'Segment_01', '2025-11-22', 'Feature_15_204', 0, 1706, 443.6948, 'Segment_07', '2025-05-28', 'Feature_15_210', 0, 1712, 456.5520, 'Segment_01', '2025-11-06', 'Feature_15_216', 0, 1718, 469.4091, 'Segment_07', '2025-05-12', 'Feature_15_222', 0, 1724, 482.2663, 'Segment_01', '2025-11-18', 'Feature_15_228', 0, 1730, 495.1234, 'Segment_07', '2025-05-24', 'Feature_15_234', 0, 1736, 507.9805, 'Segment_01', '2025-11-02', 'Feature_15_240', 0, 1742, 520.8377, 'Segment_07', '2025-05-08', 'Feature_15_246', 0, 1748, 533.6948, 'Segment_01', '2025-11-14', 'Feature_15_252', 0, 1754, 546.5520, 'Segment_07', '2025-05-20', 'Feature_15_258', 0, 1760, 559.4091, 'Segment_01', '2025-11-26', 'Feature_15_264', 0, 1766, 572.2663, 'Segment_07', '2025-05-04', 'Feature_15_270', 0, 1772, 585.1234, 'Segment_01', '2025-11-10', 'Feature_15_276', 0, 1778, 597.9805, 'Segment_07', '2025-05-16', 'Feature_15_282', 0, 1784, 610.8377, 'Segment_01', '2025-11-22', 'Feature_15_288', 0, 1790, 623.6948, 'Segment_07', '2025-05-28', 'Feature_15_294', 0, 1796, 636.5520, 'Segment_01', '2025-11-06', 'Feature_15_300', 0, 1802, 649.4091, 'Segment_07', '2025-05-12', 'Feature_15_306', 0, 1808, 662.2663, 'Segment_01', '2025-11-18', 'Feature_15_312', 0, 1814, 675.1234, 'Segment_07', '2025-05-24', 'Feature_15_318', 0, 1820, 687.9805, 'Segment_01', '2025-11-02', 'Feature_15_324', 0, 1826, 700.8377, 'Segment_07', '2025-05-08', 'Feature_15_330', 0, 1832, 713.6948, 'Segment_01', '2025-11-14', 'Feature_15_336', 0, 1838, 726.5520, 'Segment_07', '2025-05-20', 'Feature_15_342', 0, 1844, 739.4091, 'Segment_01', '2025-11-26', 'Feature_15_348', 0, 1850, 752.2663, 'Segment_07', '2025-05-04', 'Feature_15_354', 0, 1856, 765.1234, 'Segment_01', '2025-11-10', 'Feature_15_360', 0, 1862, 777.9805, 'Segment_07', '2025-05-16', 'Feature_15_366', 0, 1868, 790.8377, 'Segment_01', '2025-11-22', 'Feature_15_372', 0, 1874, 803.6948, 'Segment_07', '2025-05-28', 'Feature_15_378', 0, 1880, 816.5520, 'Segment_01', '2025-11-06', 'Feature_15_384', 0, 1886, 829.4091, 'Segment_07', '2025-05-12', 'Feature_15_390', 0, 1892, 842.2663, 'Segment_01', '2025-11-18', 'Feature_15_396', 0, 1898, 855.1234, 'Segment_07', '2025-05-24', 'Feature_15_402', 0, 1904, 867.9805, 'Segment_01', '2025-11-02', 'Feature_15_408', 0, 1910, 880.8377, 'Segment_07', '2025-05-08', 'Feature_15_414', 0, 1916, 893.6948, 'Segment_01', '2025-11-14', 'Feature_15_420', 0, 1922, 906.5520, 'Segment_07', '2025-05-20', 'Feature_15_426', 0, 1928, 919.4091, 'Segment_01', '2025-11-26', 'Feature_15_432', 0, 1934, 932.2663, 'Segment_07', '2025-05-04', 'Feature_15_438', 0, 1940, 945.1234, 'Segment_01', '2025-11-10', 'Feature_15_444', 0, 1946, 957.9805, 'Segment_07', '2025-05-16', 'Feature_15_450', 0, 1952, 970.8377, 'Segment_01', '2025-11-22', 'Feature_15_456', 0, 1958, 983.6948, 'Segment_07', '2025-05-28', 'Feature_15_462'),
  (10016, '2025-04-16', 'User 16', 'ID000016****', 13800000016, 2, 40, '26-35', 'Nanjing', 'Jiangsu', 3, 'Manager', '2024-04-16', 'Private Banking', 297.5296, 131.7776, 71.5552, 79.3328, 69.1104, 29.8880, 0, 1, 1, 6, 712, 'AAA', 2, 'Mobile App', 48, '2025-04-22', 'Dormant', 'New', 0.3200, 2422.0800, '["demo","english","wide-table"]', 0, '2025-04-16 09:16:00', '2025-04-16 10:16:00', 1, 1602, 6.9805, 'Segment_08', '2025-05-21', 'Feature_16_006', 1, 1608, 20.6948, 'Segment_02', '2025-11-27', 'Feature_16_012', 1, 1614, 34.4091, 'Segment_08', '2025-05-05', 'Feature_16_018', 1, 1620, 48.1234, 'Segment_02', '2025-11-11', 'Feature_16_024', 1, 1626, 61.8377, 'Segment_08', '2025-05-17', 'Feature_16_030', 1, 1632, 75.5520, 'Segment_02', '2025-11-23', 'Feature_16_036', 1, 1638, 89.2663, 'Segment_08', '2025-05-01', 'Feature_16_042', 1, 1644, 102.9805, 'Segment_02', '2025-11-07', 'Feature_16_048', 1, 1650, 116.6948, 'Segment_08', '2025-05-13', 'Feature_16_054', 1, 1656, 130.4091, 'Segment_02', '2025-11-19', 'Feature_16_060', 1, 1662, 144.1234, 'Segment_08', '2025-05-25', 'Feature_16_066', 1, 1668, 157.8377, 'Segment_02', '2025-11-03', 'Feature_16_072', 1, 1674, 171.5520, 'Segment_08', '2025-05-09', 'Feature_16_078', 1, 1680, 185.2663, 'Segment_02', '2025-11-15', 'Feature_16_084', 1, 1686, 198.9805, 'Segment_08', '2025-05-21', 'Feature_16_090', 1, 1692, 212.6948, 'Segment_02', '2025-11-27', 'Feature_16_096', 1, 1698, 226.4091, 'Segment_08', '2025-05-05', 'Feature_16_102', 1, 1704, 240.1234, 'Segment_02', '2025-11-11', 'Feature_16_108', 1, 1710, 253.8377, 'Segment_08', '2025-05-17', 'Feature_16_114', 1, 1716, 267.5520, 'Segment_02', '2025-11-23', 'Feature_16_120', 1, 1722, 281.2663, 'Segment_08', '2025-05-01', 'Feature_16_126', 1, 1728, 294.9805, 'Segment_02', '2025-11-07', 'Feature_16_132', 1, 1734, 308.6948, 'Segment_08', '2025-05-13', 'Feature_16_138', 1, 1740, 322.4091, 'Segment_02', '2025-11-19', 'Feature_16_144', 1, 1746, 336.1234, 'Segment_08', '2025-05-25', 'Feature_16_150', 1, 1752, 349.8377, 'Segment_02', '2025-11-03', 'Feature_16_156', 1, 1758, 363.5520, 'Segment_08', '2025-05-09', 'Feature_16_162', 1, 1764, 377.2663, 'Segment_02', '2025-11-15', 'Feature_16_168', 1, 1770, 390.9805, 'Segment_08', '2025-05-21', 'Feature_16_174', 1, 1776, 404.6948, 'Segment_02', '2025-11-27', 'Feature_16_180', 1, 1782, 418.4091, 'Segment_08', '2025-05-05', 'Feature_16_186', 1, 1788, 432.1234, 'Segment_02', '2025-11-11', 'Feature_16_192', 1, 1794, 445.8377, 'Segment_08', '2025-05-17', 'Feature_16_198', 1, 1800, 459.5520, 'Segment_02', '2025-11-23', 'Feature_16_204', 1, 1806, 473.2663, 'Segment_08', '2025-05-01', 'Feature_16_210', 1, 1812, 486.9805, 'Segment_02', '2025-11-07', 'Feature_16_216', 1, 1818, 500.6948, 'Segment_08', '2025-05-13', 'Feature_16_222', 1, 1824, 514.4091, 'Segment_02', '2025-11-19', 'Feature_16_228', 1, 1830, 528.1234, 'Segment_08', '2025-05-25', 'Feature_16_234', 1, 1836, 541.8377, 'Segment_02', '2025-11-03', 'Feature_16_240', 1, 1842, 555.5520, 'Segment_08', '2025-05-09', 'Feature_16_246', 1, 1848, 569.2663, 'Segment_02', '2025-11-15', 'Feature_16_252', 1, 1854, 582.9805, 'Segment_08', '2025-05-21', 'Feature_16_258', 1, 1860, 596.6948, 'Segment_02', '2025-11-27', 'Feature_16_264', 1, 1866, 610.4091, 'Segment_08', '2025-05-05', 'Feature_16_270', 1, 1872, 624.1234, 'Segment_02', '2025-11-11', 'Feature_16_276', 1, 1878, 637.8377, 'Segment_08', '2025-05-17', 'Feature_16_282', 1, 1884, 651.5520, 'Segment_02', '2025-11-23', 'Feature_16_288', 1, 1890, 665.2663, 'Segment_08', '2025-05-01', 'Feature_16_294', 1, 1896, 678.9805, 'Segment_02', '2025-11-07', 'Feature_16_300', 1, 1902, 692.6948, 'Segment_08', '2025-05-13', 'Feature_16_306', 1, 1908, 706.4091, 'Segment_02', '2025-11-19', 'Feature_16_312', 1, 1914, 720.1234, 'Segment_08', '2025-05-25', 'Feature_16_318', 1, 1920, 733.8377, 'Segment_02', '2025-11-03', 'Feature_16_324', 1, 1926, 747.5520, 'Segment_08', '2025-05-09', 'Feature_16_330', 1, 1932, 761.2663, 'Segment_02', '2025-11-15', 'Feature_16_336', 1, 1938, 774.9805, 'Segment_08', '2025-05-21', 'Feature_16_342', 1, 1944, 788.6948, 'Segment_02', '2025-11-27', 'Feature_16_348', 1, 1950, 802.4091, 'Segment_08', '2025-05-05', 'Feature_16_354', 1, 1956, 816.1234, 'Segment_02', '2025-11-11', 'Feature_16_360', 1, 1962, 829.8377, 'Segment_08', '2025-05-17', 'Feature_16_366', 1, 1968, 843.5520, 'Segment_02', '2025-11-23', 'Feature_16_372', 1, 1974, 857.2663, 'Segment_08', '2025-05-01', 'Feature_16_378', 1, 1980, 870.9805, 'Segment_02', '2025-11-07', 'Feature_16_384', 1, 1986, 884.6948, 'Segment_08', '2025-05-13', 'Feature_16_390', 1, 1992, 898.4091, 'Segment_02', '2025-11-19', 'Feature_16_396', 1, 1998, 912.1234, 'Segment_08', '2025-05-25', 'Feature_16_402', 1, 2004, 925.8377, 'Segment_02', '2025-11-03', 'Feature_16_408', 1, 2010, 939.5520, 'Segment_08', '2025-05-09', 'Feature_16_414', 1, 2016, 953.2663, 'Segment_02', '2025-11-15', 'Feature_16_420', 1, 2022, 966.9805, 'Segment_08', '2025-05-21', 'Feature_16_426', 1, 2028, 980.6948, 'Segment_02', '2025-11-27', 'Feature_16_432', 1, 2034, 994.4091, 'Segment_08', '2025-05-05', 'Feature_16_438', 1, 2040, 1008.1234, 'Segment_02', '2025-11-11', 'Feature_16_444', 1, 2046, 1021.8377, 'Segment_08', '2025-05-17', 'Feature_16_450', 1, 2052, 1035.5520, 'Segment_02', '2025-11-23', 'Feature_16_456', 1, 2058, 1049.2663, 'Segment_08', '2025-05-01', 'Feature_16_462'),
  (10017, '2025-04-17', 'User 17', 'ID000017****', 13800000017, 1, 41, '36-45', 'Wuhan', 'Hubei', 4, 'Analyst', '2024-05-17', 'Diamond', 309.8752, 136.8887, 74.7774, 83.6661, 71.5548, 31.4435, 1, 1, 0, 7, 719, 'AA', 3, 'Branch', 51, '2025-04-23', 'High Active', 'Growing', 0.3400, 2510.9600, '["demo","english","wide-table"]', 0, '2025-04-17 09:17:00', '2025-04-17 10:17:00', 0, 1702, 7.4091, 'Segment_09', '2025-05-22', 'Feature_17_006', 0, 1708, 21.9805, 'Segment_03', '2025-11-28', 'Feature_17_012', 0, 1714, 36.5520, 'Segment_09', '2025-05-06', 'Feature_17_018', 0, 1720, 51.1234, 'Segment_03', '2025-11-12', 'Feature_17_024', 0, 1726, 65.6948, 'Segment_09', '2025-05-18', 'Feature_17_030', 0, 1732, 80.2663, 'Segment_03', '2025-11-24', 'Feature_17_036', 0, 1738, 94.8377, 'Segment_09', '2025-05-02', 'Feature_17_042', 0, 1744, 109.4091, 'Segment_03', '2025-11-08', 'Feature_17_048', 0, 1750, 123.9805, 'Segment_09', '2025-05-14', 'Feature_17_054', 0, 1756, 138.5520, 'Segment_03', '2025-11-20', 'Feature_17_060', 0, 1762, 153.1234, 'Segment_09', '2025-05-26', 'Feature_17_066', 0, 1768, 167.6948, 'Segment_03', '2025-11-04', 'Feature_17_072', 0, 1774, 182.2663, 'Segment_09', '2025-05-10', 'Feature_17_078', 0, 1780, 196.8377, 'Segment_03', '2025-11-16', 'Feature_17_084', 0, 1786, 211.4091, 'Segment_09', '2025-05-22', 'Feature_17_090', 0, 1792, 225.9805, 'Segment_03', '2025-11-28', 'Feature_17_096', 0, 1798, 240.5520, 'Segment_09', '2025-05-06', 'Feature_17_102', 0, 1804, 255.1234, 'Segment_03', '2025-11-12', 'Feature_17_108', 0, 1810, 269.6948, 'Segment_09', '2025-05-18', 'Feature_17_114', 0, 1816, 284.2663, 'Segment_03', '2025-11-24', 'Feature_17_120', 0, 1822, 298.8377, 'Segment_09', '2025-05-02', 'Feature_17_126', 0, 1828, 313.4091, 'Segment_03', '2025-11-08', 'Feature_17_132', 0, 1834, 327.9805, 'Segment_09', '2025-05-14', 'Feature_17_138', 0, 1840, 342.5520, 'Segment_03', '2025-11-20', 'Feature_17_144', 0, 1846, 357.1234, 'Segment_09', '2025-05-26', 'Feature_17_150', 0, 1852, 371.6948, 'Segment_03', '2025-11-04', 'Feature_17_156', 0, 1858, 386.2663, 'Segment_09', '2025-05-10', 'Feature_17_162', 0, 1864, 400.8377, 'Segment_03', '2025-11-16', 'Feature_17_168', 0, 1870, 415.4091, 'Segment_09', '2025-05-22', 'Feature_17_174', 0, 1876, 429.9805, 'Segment_03', '2025-11-28', 'Feature_17_180', 0, 1882, 444.5520, 'Segment_09', '2025-05-06', 'Feature_17_186', 0, 1888, 459.1234, 'Segment_03', '2025-11-12', 'Feature_17_192', 0, 1894, 473.6948, 'Segment_09', '2025-05-18', 'Feature_17_198', 0, 1900, 488.2663, 'Segment_03', '2025-11-24', 'Feature_17_204', 0, 1906, 502.8377, 'Segment_09', '2025-05-02', 'Feature_17_210', 0, 1912, 517.4091, 'Segment_03', '2025-11-08', 'Feature_17_216', 0, 1918, 531.9805, 'Segment_09', '2025-05-14', 'Feature_17_222', 0, 1924, 546.5520, 'Segment_03', '2025-11-20', 'Feature_17_228', 0, 1930, 561.1234, 'Segment_09', '2025-05-26', 'Feature_17_234', 0, 1936, 575.6948, 'Segment_03', '2025-11-04', 'Feature_17_240', 0, 1942, 590.2663, 'Segment_09', '2025-05-10', 'Feature_17_246', 0, 1948, 604.8377, 'Segment_03', '2025-11-16', 'Feature_17_252', 0, 1954, 619.4091, 'Segment_09', '2025-05-22', 'Feature_17_258', 0, 1960, 633.9805, 'Segment_03', '2025-11-28', 'Feature_17_264', 0, 1966, 648.5520, 'Segment_09', '2025-05-06', 'Feature_17_270', 0, 1972, 663.1234, 'Segment_03', '2025-11-12', 'Feature_17_276', 0, 1978, 677.6948, 'Segment_09', '2025-05-18', 'Feature_17_282', 0, 1984, 692.2663, 'Segment_03', '2025-11-24', 'Feature_17_288', 0, 1990, 706.8377, 'Segment_09', '2025-05-02', 'Feature_17_294', 0, 1996, 721.4091, 'Segment_03', '2025-11-08', 'Feature_17_300', 0, 2002, 735.9805, 'Segment_09', '2025-05-14', 'Feature_17_306', 0, 2008, 750.5520, 'Segment_03', '2025-11-20', 'Feature_17_312', 0, 2014, 765.1234, 'Segment_09', '2025-05-26', 'Feature_17_318', 0, 2020, 779.6948, 'Segment_03', '2025-11-04', 'Feature_17_324', 0, 2026, 794.2663, 'Segment_09', '2025-05-10', 'Feature_17_330', 0, 2032, 808.8377, 'Segment_03', '2025-11-16', 'Feature_17_336', 0, 2038, 823.4091, 'Segment_09', '2025-05-22', 'Feature_17_342', 0, 2044, 837.9805, 'Segment_03', '2025-11-28', 'Feature_17_348', 0, 2050, 852.5520, 'Segment_09', '2025-05-06', 'Feature_17_354', 0, 2056, 867.1234, 'Segment_03', '2025-11-12', 'Feature_17_360', 0, 2062, 881.6948, 'Segment_09', '2025-05-18', 'Feature_17_366', 0, 2068, 896.2663, 'Segment_03', '2025-11-24', 'Feature_17_372', 0, 2074, 910.8377, 'Segment_09', '2025-05-02', 'Feature_17_378', 0, 2080, 925.4091, 'Segment_03', '2025-11-08', 'Feature_17_384', 0, 2086, 939.9805, 'Segment_09', '2025-05-14', 'Feature_17_390', 0, 2092, 954.5520, 'Segment_03', '2025-11-20', 'Feature_17_396', 0, 2098, 969.1234, 'Segment_09', '2025-05-26', 'Feature_17_402', 0, 2104, 983.6948, 'Segment_03', '2025-11-04', 'Feature_17_408', 0, 2110, 998.2663, 'Segment_09', '2025-05-10', 'Feature_17_414', 0, 2116, 1012.8377, 'Segment_03', '2025-11-16', 'Feature_17_420', 0, 2122, 1027.4091, 'Segment_09', '2025-05-22', 'Feature_17_426', 0, 2128, 1041.9805, 'Segment_03', '2025-11-28', 'Feature_17_432', 0, 2134, 1056.5520, 'Segment_09', '2025-05-06', 'Feature_17_438', 0, 2140, 1071.1234, 'Segment_03', '2025-11-12', 'Feature_17_444', 0, 2146, 1085.6948, 'Segment_09', '2025-05-18', 'Feature_17_450', 0, 2152, 1100.2663, 'Segment_03', '2025-11-24', 'Feature_17_456', 0, 2158, 1114.8377, 'Segment_09', '2025-05-02', 'Feature_17_462'),
  (10018, '2025-04-18', 'User 18', 'ID000018****', 13800000018, 2, 42, '46-55', 'Xian', 'Shaanxi', 5, 'Engineer', '2024-06-18', 'Platinum', 322.2208, 141.9998, 77.9996, 87.9994, 73.9992, 32.9990, 0, 1, 0, 8, 726, 'A', 4, 'Web', 54, '2025-04-24', 'Medium Active', 'Mature', 0.3600, 2599.8400, '["demo","english","wide-table"]', 1, '2025-04-18 09:18:00', '2025-04-18 10:18:00', 1, 1802, 7.8377, 'Segment_10', '2025-05-23', 'Feature_18_006', 1, 1808, 23.2663, 'Segment_04', '2025-11-01', 'Feature_18_012', 1, 1814, 38.6948, 'Segment_10', '2025-05-07', 'Feature_18_018', 1, 1820, 54.1234, 'Segment_04', '2025-11-13', 'Feature_18_024', 1, 1826, 69.5520, 'Segment_10', '2025-05-19', 'Feature_18_030', 1, 1832, 84.9805, 'Segment_04', '2025-11-25', 'Feature_18_036', 1, 1838, 100.4091, 'Segment_10', '2025-05-03', 'Feature_18_042', 1, 1844, 115.8377, 'Segment_04', '2025-11-09', 'Feature_18_048', 1, 1850, 131.2663, 'Segment_10', '2025-05-15', 'Feature_18_054', 1, 1856, 146.6948, 'Segment_04', '2025-11-21', 'Feature_18_060', 1, 1862, 162.1234, 'Segment_10', '2025-05-27', 'Feature_18_066', 1, 1868, 177.5520, 'Segment_04', '2025-11-05', 'Feature_18_072', 1, 1874, 192.9805, 'Segment_10', '2025-05-11', 'Feature_18_078', 1, 1880, 208.4091, 'Segment_04', '2025-11-17', 'Feature_18_084', 1, 1886, 223.8377, 'Segment_10', '2025-05-23', 'Feature_18_090', 1, 1892, 239.2663, 'Segment_04', '2025-11-01', 'Feature_18_096', 1, 1898, 254.6948, 'Segment_10', '2025-05-07', 'Feature_18_102', 1, 1904, 270.1234, 'Segment_04', '2025-11-13', 'Feature_18_108', 1, 1910, 285.5520, 'Segment_10', '2025-05-19', 'Feature_18_114', 1, 1916, 300.9805, 'Segment_04', '2025-11-25', 'Feature_18_120', 1, 1922, 316.4091, 'Segment_10', '2025-05-03', 'Feature_18_126', 1, 1928, 331.8377, 'Segment_04', '2025-11-09', 'Feature_18_132', 1, 1934, 347.2663, 'Segment_10', '2025-05-15', 'Feature_18_138', 1, 1940, 362.6948, 'Segment_04', '2025-11-21', 'Feature_18_144', 1, 1946, 378.1234, 'Segment_10', '2025-05-27', 'Feature_18_150', 1, 1952, 393.5520, 'Segment_04', '2025-11-05', 'Feature_18_156', 1, 1958, 408.9805, 'Segment_10', '2025-05-11', 'Feature_18_162', 1, 1964, 424.4091, 'Segment_04', '2025-11-17', 'Feature_18_168', 1, 1970, 439.8377, 'Segment_10', '2025-05-23', 'Feature_18_174', 1, 1976, 455.2663, 'Segment_04', '2025-11-01', 'Feature_18_180', 1, 1982, 470.6948, 'Segment_10', '2025-05-07', 'Feature_18_186', 1, 1988, 486.1234, 'Segment_04', '2025-11-13', 'Feature_18_192', 1, 1994, 501.5520, 'Segment_10', '2025-05-19', 'Feature_18_198', 1, 2000, 516.9805, 'Segment_04', '2025-11-25', 'Feature_18_204', 1, 2006, 532.4091, 'Segment_10', '2025-05-03', 'Feature_18_210', 1, 2012, 547.8377, 'Segment_04', '2025-11-09', 'Feature_18_216', 1, 2018, 563.2663, 'Segment_10', '2025-05-15', 'Feature_18_222', 1, 2024, 578.6948, 'Segment_04', '2025-11-21', 'Feature_18_228', 1, 2030, 594.1234, 'Segment_10', '2025-05-27', 'Feature_18_234', 1, 2036, 609.5520, 'Segment_04', '2025-11-05', 'Feature_18_240', 1, 2042, 624.9805, 'Segment_10', '2025-05-11', 'Feature_18_246', 1, 2048, 640.4091, 'Segment_04', '2025-11-17', 'Feature_18_252', 1, 2054, 655.8377, 'Segment_10', '2025-05-23', 'Feature_18_258', 1, 2060, 671.2663, 'Segment_04', '2025-11-01', 'Feature_18_264', 1, 2066, 686.6948, 'Segment_10', '2025-05-07', 'Feature_18_270', 1, 2072, 702.1234, 'Segment_04', '2025-11-13', 'Feature_18_276', 1, 2078, 717.5520, 'Segment_10', '2025-05-19', 'Feature_18_282', 1, 2084, 732.9805, 'Segment_04', '2025-11-25', 'Feature_18_288', 1, 2090, 748.4091, 'Segment_10', '2025-05-03', 'Feature_18_294', 1, 2096, 763.8377, 'Segment_04', '2025-11-09', 'Feature_18_300', 1, 2102, 779.2663, 'Segment_10', '2025-05-15', 'Feature_18_306', 1, 2108, 794.6948, 'Segment_04', '2025-11-21', 'Feature_18_312', 1, 2114, 810.1234, 'Segment_10', '2025-05-27', 'Feature_18_318', 1, 2120, 825.5520, 'Segment_04', '2025-11-05', 'Feature_18_324', 1, 2126, 840.9805, 'Segment_10', '2025-05-11', 'Feature_18_330', 1, 2132, 856.4091, 'Segment_04', '2025-11-17', 'Feature_18_336', 1, 2138, 871.8377, 'Segment_10', '2025-05-23', 'Feature_18_342', 1, 2144, 887.2663, 'Segment_04', '2025-11-01', 'Feature_18_348', 1, 2150, 902.6948, 'Segment_10', '2025-05-07', 'Feature_18_354', 1, 2156, 918.1234, 'Segment_04', '2025-11-13', 'Feature_18_360', 1, 2162, 933.5520, 'Segment_10', '2025-05-19', 'Feature_18_366', 1, 2168, 948.9805, 'Segment_04', '2025-11-25', 'Feature_18_372', 1, 2174, 964.4091, 'Segment_10', '2025-05-03', 'Feature_18_378', 1, 2180, 979.8377, 'Segment_04', '2025-11-09', 'Feature_18_384', 1, 2186, 995.2663, 'Segment_10', '2025-05-15', 'Feature_18_390', 1, 2192, 1010.6948, 'Segment_04', '2025-11-21', 'Feature_18_396', 1, 2198, 1026.1234, 'Segment_10', '2025-05-27', 'Feature_18_402', 1, 2204, 1041.5520, 'Segment_04', '2025-11-05', 'Feature_18_408', 1, 2210, 1056.9805, 'Segment_10', '2025-05-11', 'Feature_18_414', 1, 2216, 1072.4091, 'Segment_04', '2025-11-17', 'Feature_18_420', 1, 2222, 1087.8377, 'Segment_10', '2025-05-23', 'Feature_18_426', 1, 2228, 1103.2663, 'Segment_04', '2025-11-01', 'Feature_18_432', 1, 2234, 1118.6948, 'Segment_10', '2025-05-07', 'Feature_18_438', 1, 2240, 1134.1234, 'Segment_04', '2025-11-13', 'Feature_18_444', 1, 2246, 1149.5520, 'Segment_10', '2025-05-19', 'Feature_18_450', 1, 2252, 1164.9805, 'Segment_04', '2025-11-25', 'Feature_18_456', 1, 2258, 1180.4091, 'Segment_10', '2025-05-03', 'Feature_18_462'),
  (10019, '2025-04-19', 'User 19', 'ID000019****', 13800000019, 1, 43, '55+', 'Suzhou', 'Jiangsu', 6, 'Teacher', '2024-07-19', 'Gold', 334.5664, 147.1109, 81.2218, 92.3327, 76.4436, 34.5545, 1, 1, 0, 9, 733, 'B', 5, 'Mini Program', 57, '2025-04-25', 'Low Active', 'Dormant', 0.3800, 2688.7200, '["demo","english","wide-table"]', 0, '2025-04-19 09:19:00', '2025-04-19 10:19:00', 0, 1902, 8.2663, 'Segment_11', '2025-05-24', 'Feature_19_006', 0, 1908, 24.5520, 'Segment_05', '2025-11-02', 'Feature_19_012', 0, 1914, 40.8377, 'Segment_11', '2025-05-08', 'Feature_19_018', 0, 1920, 57.1234, 'Segment_05', '2025-11-14', 'Feature_19_024', 0, 1926, 73.4091, 'Segment_11', '2025-05-20', 'Feature_19_030', 0, 1932, 89.6948, 'Segment_05', '2025-11-26', 'Feature_19_036', 0, 1938, 105.9805, 'Segment_11', '2025-05-04', 'Feature_19_042', 0, 1944, 122.2663, 'Segment_05', '2025-11-10', 'Feature_19_048', 0, 1950, 138.5520, 'Segment_11', '2025-05-16', 'Feature_19_054', 0, 1956, 154.8377, 'Segment_05', '2025-11-22', 'Feature_19_060', 0, 1962, 171.1234, 'Segment_11', '2025-05-28', 'Feature_19_066', 0, 1968, 187.4091, 'Segment_05', '2025-11-06', 'Feature_19_072', 0, 1974, 203.6948, 'Segment_11', '2025-05-12', 'Feature_19_078', 0, 1980, 219.9805, 'Segment_05', '2025-11-18', 'Feature_19_084', 0, 1986, 236.2663, 'Segment_11', '2025-05-24', 'Feature_19_090', 0, 1992, 252.5520, 'Segment_05', '2025-11-02', 'Feature_19_096', 0, 1998, 268.8377, 'Segment_11', '2025-05-08', 'Feature_19_102', 0, 2004, 285.1234, 'Segment_05', '2025-11-14', 'Feature_19_108', 0, 2010, 301.4091, 'Segment_11', '2025-05-20', 'Feature_19_114', 0, 2016, 317.6948, 'Segment_05', '2025-11-26', 'Feature_19_120', 0, 2022, 333.9805, 'Segment_11', '2025-05-04', 'Feature_19_126', 0, 2028, 350.2663, 'Segment_05', '2025-11-10', 'Feature_19_132', 0, 2034, 366.5520, 'Segment_11', '2025-05-16', 'Feature_19_138', 0, 2040, 382.8377, 'Segment_05', '2025-11-22', 'Feature_19_144', 0, 2046, 399.1234, 'Segment_11', '2025-05-28', 'Feature_19_150', 0, 2052, 415.4091, 'Segment_05', '2025-11-06', 'Feature_19_156', 0, 2058, 431.6948, 'Segment_11', '2025-05-12', 'Feature_19_162', 0, 2064, 447.9805, 'Segment_05', '2025-11-18', 'Feature_19_168', 0, 2070, 464.2663, 'Segment_11', '2025-05-24', 'Feature_19_174', 0, 2076, 480.5520, 'Segment_05', '2025-11-02', 'Feature_19_180', 0, 2082, 496.8377, 'Segment_11', '2025-05-08', 'Feature_19_186', 0, 2088, 513.1234, 'Segment_05', '2025-11-14', 'Feature_19_192', 0, 2094, 529.4091, 'Segment_11', '2025-05-20', 'Feature_19_198', 0, 2100, 545.6948, 'Segment_05', '2025-11-26', 'Feature_19_204', 0, 2106, 561.9805, 'Segment_11', '2025-05-04', 'Feature_19_210', 0, 2112, 578.2663, 'Segment_05', '2025-11-10', 'Feature_19_216', 0, 2118, 594.5520, 'Segment_11', '2025-05-16', 'Feature_19_222', 0, 2124, 610.8377, 'Segment_05', '2025-11-22', 'Feature_19_228', 0, 2130, 627.1234, 'Segment_11', '2025-05-28', 'Feature_19_234', 0, 2136, 643.4091, 'Segment_05', '2025-11-06', 'Feature_19_240', 0, 2142, 659.6948, 'Segment_11', '2025-05-12', 'Feature_19_246', 0, 2148, 675.9805, 'Segment_05', '2025-11-18', 'Feature_19_252', 0, 2154, 692.2663, 'Segment_11', '2025-05-24', 'Feature_19_258', 0, 2160, 708.5520, 'Segment_05', '2025-11-02', 'Feature_19_264', 0, 2166, 724.8377, 'Segment_11', '2025-05-08', 'Feature_19_270', 0, 2172, 741.1234, 'Segment_05', '2025-11-14', 'Feature_19_276', 0, 2178, 757.4091, 'Segment_11', '2025-05-20', 'Feature_19_282', 0, 2184, 773.6948, 'Segment_05', '2025-11-26', 'Feature_19_288', 0, 2190, 789.9805, 'Segment_11', '2025-05-04', 'Feature_19_294', 0, 2196, 806.2663, 'Segment_05', '2025-11-10', 'Feature_19_300', 0, 2202, 822.5520, 'Segment_11', '2025-05-16', 'Feature_19_306', 0, 2208, 838.8377, 'Segment_05', '2025-11-22', 'Feature_19_312', 0, 2214, 855.1234, 'Segment_11', '2025-05-28', 'Feature_19_318', 0, 2220, 871.4091, 'Segment_05', '2025-11-06', 'Feature_19_324', 0, 2226, 887.6948, 'Segment_11', '2025-05-12', 'Feature_19_330', 0, 2232, 903.9805, 'Segment_05', '2025-11-18', 'Feature_19_336', 0, 2238, 920.2663, 'Segment_11', '2025-05-24', 'Feature_19_342', 0, 2244, 936.5520, 'Segment_05', '2025-11-02', 'Feature_19_348', 0, 2250, 952.8377, 'Segment_11', '2025-05-08', 'Feature_19_354', 0, 2256, 969.1234, 'Segment_05', '2025-11-14', 'Feature_19_360', 0, 2262, 985.4091, 'Segment_11', '2025-05-20', 'Feature_19_366', 0, 2268, 1001.6948, 'Segment_05', '2025-11-26', 'Feature_19_372', 0, 2274, 1017.9805, 'Segment_11', '2025-05-04', 'Feature_19_378', 0, 2280, 1034.2663, 'Segment_05', '2025-11-10', 'Feature_19_384', 0, 2286, 1050.5520, 'Segment_11', '2025-05-16', 'Feature_19_390', 0, 2292, 1066.8377, 'Segment_05', '2025-11-22', 'Feature_19_396', 0, 2298, 1083.1234, 'Segment_11', '2025-05-28', 'Feature_19_402', 0, 2304, 1099.4091, 'Segment_05', '2025-11-06', 'Feature_19_408', 0, 2310, 1115.6948, 'Segment_11', '2025-05-12', 'Feature_19_414', 0, 2316, 1131.9805, 'Segment_05', '2025-11-18', 'Feature_19_420', 0, 2322, 1148.2663, 'Segment_11', '2025-05-24', 'Feature_19_426', 0, 2328, 1164.5520, 'Segment_05', '2025-11-02', 'Feature_19_432', 0, 2334, 1180.8377, 'Segment_11', '2025-05-08', 'Feature_19_438', 0, 2340, 1197.1234, 'Segment_05', '2025-11-14', 'Feature_19_444', 0, 2346, 1213.4091, 'Segment_11', '2025-05-20', 'Feature_19_450', 0, 2352, 1229.6948, 'Segment_05', '2025-11-26', 'Feature_19_456', 0, 2358, 1245.9805, 'Segment_11', '2025-05-04', 'Feature_19_462'),
  (10020, '2025-04-20', 'User 20', 'ID000020****', 13800000020, 2, 44, '18-25', 'Guangzhou', 'Guangdong', 7, 'Doctor', '2024-08-20', 'Standard', 346.9120, 152.2220, 84.4440, 96.6660, 78.8880, 36.1100, 0, 1, 1, 10, 740, 'C', 1, 'API', 0, '2025-04-26', 'Dormant', 'Churn Risk', 0.0000, 2777.6000, '["demo","english","wide-table"]', 0, '2025-04-20 09:20:00', '2025-04-20 10:20:00', 1, 2002, 8.6948, 'Segment_00', '2025-05-25', 'Feature_20_006', 1, 2008, 25.8377, 'Segment_06', '2025-11-03', 'Feature_20_012', 1, 2014, 42.9805, 'Segment_00', '2025-05-09', 'Feature_20_018', 1, 2020, 60.1234, 'Segment_06', '2025-11-15', 'Feature_20_024', 1, 2026, 77.2663, 'Segment_00', '2025-05-21', 'Feature_20_030', 1, 2032, 94.4091, 'Segment_06', '2025-11-27', 'Feature_20_036', 1, 2038, 111.5520, 'Segment_00', '2025-05-05', 'Feature_20_042', 1, 2044, 128.6948, 'Segment_06', '2025-11-11', 'Feature_20_048', 1, 2050, 145.8377, 'Segment_00', '2025-05-17', 'Feature_20_054', 1, 2056, 162.9805, 'Segment_06', '2025-11-23', 'Feature_20_060', 1, 2062, 180.1234, 'Segment_00', '2025-05-01', 'Feature_20_066', 1, 2068, 197.2663, 'Segment_06', '2025-11-07', 'Feature_20_072', 1, 2074, 214.4091, 'Segment_00', '2025-05-13', 'Feature_20_078', 1, 2080, 231.5520, 'Segment_06', '2025-11-19', 'Feature_20_084', 1, 2086, 248.6948, 'Segment_00', '2025-05-25', 'Feature_20_090', 1, 2092, 265.8377, 'Segment_06', '2025-11-03', 'Feature_20_096', 1, 2098, 282.9805, 'Segment_00', '2025-05-09', 'Feature_20_102', 1, 2104, 300.1234, 'Segment_06', '2025-11-15', 'Feature_20_108', 1, 2110, 317.2663, 'Segment_00', '2025-05-21', 'Feature_20_114', 1, 2116, 334.4091, 'Segment_06', '2025-11-27', 'Feature_20_120', 1, 2122, 351.5520, 'Segment_00', '2025-05-05', 'Feature_20_126', 1, 2128, 368.6948, 'Segment_06', '2025-11-11', 'Feature_20_132', 1, 2134, 385.8377, 'Segment_00', '2025-05-17', 'Feature_20_138', 1, 2140, 402.9805, 'Segment_06', '2025-11-23', 'Feature_20_144', 1, 2146, 420.1234, 'Segment_00', '2025-05-01', 'Feature_20_150', 1, 2152, 437.2663, 'Segment_06', '2025-11-07', 'Feature_20_156', 1, 2158, 454.4091, 'Segment_00', '2025-05-13', 'Feature_20_162', 1, 2164, 471.5520, 'Segment_06', '2025-11-19', 'Feature_20_168', 1, 2170, 488.6948, 'Segment_00', '2025-05-25', 'Feature_20_174', 1, 2176, 505.8377, 'Segment_06', '2025-11-03', 'Feature_20_180', 1, 2182, 522.9805, 'Segment_00', '2025-05-09', 'Feature_20_186', 1, 2188, 540.1234, 'Segment_06', '2025-11-15', 'Feature_20_192', 1, 2194, 557.2663, 'Segment_00', '2025-05-21', 'Feature_20_198', 1, 2200, 574.4091, 'Segment_06', '2025-11-27', 'Feature_20_204', 1, 2206, 591.5520, 'Segment_00', '2025-05-05', 'Feature_20_210', 1, 2212, 608.6948, 'Segment_06', '2025-11-11', 'Feature_20_216', 1, 2218, 625.8377, 'Segment_00', '2025-05-17', 'Feature_20_222', 1, 2224, 642.9805, 'Segment_06', '2025-11-23', 'Feature_20_228', 1, 2230, 660.1234, 'Segment_00', '2025-05-01', 'Feature_20_234', 1, 2236, 677.2663, 'Segment_06', '2025-11-07', 'Feature_20_240', 1, 2242, 694.4091, 'Segment_00', '2025-05-13', 'Feature_20_246', 1, 2248, 711.5520, 'Segment_06', '2025-11-19', 'Feature_20_252', 1, 2254, 728.6948, 'Segment_00', '2025-05-25', 'Feature_20_258', 1, 2260, 745.8377, 'Segment_06', '2025-11-03', 'Feature_20_264', 1, 2266, 762.9805, 'Segment_00', '2025-05-09', 'Feature_20_270', 1, 2272, 780.1234, 'Segment_06', '2025-11-15', 'Feature_20_276', 1, 2278, 797.2663, 'Segment_00', '2025-05-21', 'Feature_20_282', 1, 2284, 814.4091, 'Segment_06', '2025-11-27', 'Feature_20_288', 1, 2290, 831.5520, 'Segment_00', '2025-05-05', 'Feature_20_294', 1, 2296, 848.6948, 'Segment_06', '2025-11-11', 'Feature_20_300', 1, 2302, 865.8377, 'Segment_00', '2025-05-17', 'Feature_20_306', 1, 2308, 882.9805, 'Segment_06', '2025-11-23', 'Feature_20_312', 1, 2314, 900.1234, 'Segment_00', '2025-05-01', 'Feature_20_318', 1, 2320, 917.2663, 'Segment_06', '2025-11-07', 'Feature_20_324', 1, 2326, 934.4091, 'Segment_00', '2025-05-13', 'Feature_20_330', 1, 2332, 951.5520, 'Segment_06', '2025-11-19', 'Feature_20_336', 1, 2338, 968.6948, 'Segment_00', '2025-05-25', 'Feature_20_342', 1, 2344, 985.8377, 'Segment_06', '2025-11-03', 'Feature_20_348', 1, 2350, 1002.9805, 'Segment_00', '2025-05-09', 'Feature_20_354', 1, 2356, 1020.1234, 'Segment_06', '2025-11-15', 'Feature_20_360', 1, 2362, 1037.2663, 'Segment_00', '2025-05-21', 'Feature_20_366', 1, 2368, 1054.4091, 'Segment_06', '2025-11-27', 'Feature_20_372', 1, 2374, 1071.5520, 'Segment_00', '2025-05-05', 'Feature_20_378', 1, 2380, 1088.6948, 'Segment_06', '2025-11-11', 'Feature_20_384', 1, 2386, 1105.8377, 'Segment_00', '2025-05-17', 'Feature_20_390', 1, 2392, 1122.9805, 'Segment_06', '2025-11-23', 'Feature_20_396', 1, 2398, 1140.1234, 'Segment_00', '2025-05-01', 'Feature_20_402', 1, 2404, 1157.2663, 'Segment_06', '2025-11-07', 'Feature_20_408', 1, 2410, 1174.4091, 'Segment_00', '2025-05-13', 'Feature_20_414', 1, 2416, 1191.5520, 'Segment_06', '2025-11-19', 'Feature_20_420', 1, 2422, 1208.6948, 'Segment_00', '2025-05-25', 'Feature_20_426', 1, 2428, 1225.8377, 'Segment_06', '2025-11-03', 'Feature_20_432', 1, 2434, 1242.9805, 'Segment_00', '2025-05-09', 'Feature_20_438', 1, 2440, 1260.1234, 'Segment_06', '2025-11-15', 'Feature_20_444', 1, 2446, 1277.2663, 'Segment_00', '2025-05-21', 'Feature_20_450', 1, 2452, 1294.4091, 'Segment_06', '2025-11-27', 'Feature_20_456', 1, 2458, 1311.5520, 'Segment_00', '2025-05-05', 'Feature_20_462');

-- Table: user_wide_point_query
TRUNCATE TABLE `user_wide_point_query`;
INSERT INTO `user_wide_point_query` (`user_id`, `update_date`, `user_name`, `id_card`, `phone`, `gender`, `age`, `age_group`, `city`, `province`, `education`, `occupation`, `register_date`, `asset_level`, `aum_total`, `deposit_amount`, `fund_amount`, `loan_amount`, `wm_amount`, `insurance_amount`, `has_credit_card`, `has_debit_card`, `has_mortgage`, `product_count`, `credit_score`, `credit_grade`, `risk_level`, `preferred_channel`, `app_login_30d`, `app_last_login`, `active_level`, `lifecycle_stage`, `churn_prob`, `clv_score`, `log_tags`, `anomaly_flag`, `created_at`, `updated_at`, `profile_attr_001`, `profile_attr_002`, `profile_attr_003`, `profile_attr_004`, `profile_attr_005`, `profile_attr_006`, `profile_attr_007`, `profile_attr_008`, `profile_attr_009`, `profile_attr_010`, `profile_attr_011`, `profile_attr_012`, `profile_attr_013`, `profile_attr_014`, `profile_attr_015`, `profile_attr_016`, `profile_attr_017`, `profile_attr_018`, `profile_attr_019`, `profile_attr_020`, `profile_attr_021`, `profile_attr_022`, `profile_attr_023`, `profile_attr_024`, `profile_attr_025`, `profile_attr_026`, `profile_attr_027`, `profile_attr_028`, `profile_attr_029`, `profile_attr_030`, `profile_attr_031`, `profile_attr_032`, `profile_attr_033`, `profile_attr_034`, `profile_attr_035`, `profile_attr_036`, `profile_attr_037`, `profile_attr_038`, `profile_attr_039`, `profile_attr_040`, `profile_attr_041`, `profile_attr_042`, `profile_attr_043`, `profile_attr_044`, `profile_attr_045`, `profile_attr_046`, `profile_attr_047`, `profile_attr_048`, `profile_attr_049`, `profile_attr_050`, `profile_attr_051`, `profile_attr_052`, `profile_attr_053`, `profile_attr_054`, `profile_attr_055`, `profile_attr_056`, `profile_attr_057`, `profile_attr_058`, `profile_attr_059`, `profile_attr_060`, `profile_attr_061`, `profile_attr_062`, `profile_attr_063`, `profile_attr_064`, `profile_attr_065`, `profile_attr_066`, `profile_attr_067`, `profile_attr_068`, `profile_attr_069`, `profile_attr_070`, `profile_attr_071`, `profile_attr_072`, `profile_attr_073`, `profile_attr_074`, `profile_attr_075`, `profile_attr_076`, `profile_attr_077`, `profile_attr_078`, `profile_attr_079`, `profile_attr_080`, `profile_attr_081`, `profile_attr_082`, `profile_attr_083`, `profile_attr_084`, `profile_attr_085`, `profile_attr_086`, `profile_attr_087`, `profile_attr_088`, `profile_attr_089`, `profile_attr_090`, `profile_attr_091`, `profile_attr_092`, `profile_attr_093`, `profile_attr_094`, `profile_attr_095`, `profile_attr_096`, `profile_attr_097`, `profile_attr_098`, `profile_attr_099`, `profile_attr_100`, `profile_attr_101`, `profile_attr_102`, `profile_attr_103`, `profile_attr_104`, `profile_attr_105`, `profile_attr_106`, `profile_attr_107`, `profile_attr_108`, `profile_attr_109`, `profile_attr_110`, `profile_attr_111`, `profile_attr_112`, `profile_attr_113`, `profile_attr_114`, `profile_attr_115`, `profile_attr_116`, `profile_attr_117`, `profile_attr_118`, `profile_attr_119`, `profile_attr_120`, `profile_attr_121`, `profile_attr_122`, `profile_attr_123`, `profile_attr_124`, `profile_attr_125`, `profile_attr_126`, `profile_attr_127`, `profile_attr_128`, `profile_attr_129`, `profile_attr_130`, `profile_attr_131`, `profile_attr_132`, `profile_attr_133`, `profile_attr_134`, `profile_attr_135`, `profile_attr_136`, `profile_attr_137`, `profile_attr_138`, `profile_attr_139`, `profile_attr_140`, `profile_attr_141`, `profile_attr_142`, `profile_attr_143`, `profile_attr_144`, `profile_attr_145`, `profile_attr_146`, `profile_attr_147`, `profile_attr_148`, `profile_attr_149`, `profile_attr_150`, `profile_attr_151`, `profile_attr_152`, `profile_attr_153`, `profile_attr_154`, `profile_attr_155`, `profile_attr_156`, `profile_attr_157`, `profile_attr_158`, `profile_attr_159`, `profile_attr_160`, `profile_attr_161`, `profile_attr_162`, `profile_attr_163`, `profile_attr_164`, `profile_attr_165`, `profile_attr_166`, `profile_attr_167`, `profile_attr_168`, `profile_attr_169`, `profile_attr_170`, `profile_attr_171`, `profile_attr_172`, `profile_attr_173`, `profile_attr_174`, `profile_attr_175`, `profile_attr_176`, `profile_attr_177`, `profile_attr_178`, `profile_attr_179`, `profile_attr_180`, `profile_attr_181`, `profile_attr_182`, `profile_attr_183`, `profile_attr_184`, `profile_attr_185`, `profile_attr_186`, `profile_attr_187`, `profile_attr_188`, `profile_attr_189`, `profile_attr_190`, `profile_attr_191`, `profile_attr_192`, `profile_attr_193`, `profile_attr_194`, `profile_attr_195`, `profile_attr_196`, `profile_attr_197`, `profile_attr_198`, `profile_attr_199`, `profile_attr_200`, `profile_attr_201`, `profile_attr_202`, `profile_attr_203`, `profile_attr_204`, `profile_attr_205`, `profile_attr_206`, `profile_attr_207`, `profile_attr_208`, `profile_attr_209`, `profile_attr_210`, `profile_attr_211`, `profile_attr_212`, `profile_attr_213`, `profile_attr_214`, `profile_attr_215`, `profile_attr_216`, `profile_attr_217`, `profile_attr_218`, `profile_attr_219`, `profile_attr_220`, `profile_attr_221`, `profile_attr_222`, `profile_attr_223`, `profile_attr_224`, `profile_attr_225`, `profile_attr_226`, `profile_attr_227`, `profile_attr_228`, `profile_attr_229`, `profile_attr_230`, `profile_attr_231`, `profile_attr_232`, `profile_attr_233`, `profile_attr_234`, `profile_attr_235`, `profile_attr_236`, `profile_attr_237`, `profile_attr_238`, `profile_attr_239`, `profile_attr_240`, `profile_attr_241`, `profile_attr_242`, `profile_attr_243`, `profile_attr_244`, `profile_attr_245`, `profile_attr_246`, `profile_attr_247`, `profile_attr_248`, `profile_attr_249`, `profile_attr_250`, `profile_attr_251`, `profile_attr_252`, `profile_attr_253`, `profile_attr_254`, `profile_attr_255`, `profile_attr_256`, `profile_attr_257`, `profile_attr_258`, `profile_attr_259`, `profile_attr_260`, `profile_attr_261`, `profile_attr_262`, `profile_attr_263`, `profile_attr_264`, `profile_attr_265`, `profile_attr_266`, `profile_attr_267`, `profile_attr_268`, `profile_attr_269`, `profile_attr_270`, `profile_attr_271`, `profile_attr_272`, `profile_attr_273`, `profile_attr_274`, `profile_attr_275`, `profile_attr_276`, `profile_attr_277`, `profile_attr_278`, `profile_attr_279`, `profile_attr_280`, `profile_attr_281`, `profile_attr_282`, `profile_attr_283`, `profile_attr_284`, `profile_attr_285`, `profile_attr_286`, `profile_attr_287`, `profile_attr_288`, `profile_attr_289`, `profile_attr_290`, `profile_attr_291`, `profile_attr_292`, `profile_attr_293`, `profile_attr_294`, `profile_attr_295`, `profile_attr_296`, `profile_attr_297`, `profile_attr_298`, `profile_attr_299`, `profile_attr_300`, `profile_attr_301`, `profile_attr_302`, `profile_attr_303`, `profile_attr_304`, `profile_attr_305`, `profile_attr_306`, `profile_attr_307`, `profile_attr_308`, `profile_attr_309`, `profile_attr_310`, `profile_attr_311`, `profile_attr_312`, `profile_attr_313`, `profile_attr_314`, `profile_attr_315`, `profile_attr_316`, `profile_attr_317`, `profile_attr_318`, `profile_attr_319`, `profile_attr_320`, `profile_attr_321`, `profile_attr_322`, `profile_attr_323`, `profile_attr_324`, `profile_attr_325`, `profile_attr_326`, `profile_attr_327`, `profile_attr_328`, `profile_attr_329`, `profile_attr_330`, `profile_attr_331`, `profile_attr_332`, `profile_attr_333`, `profile_attr_334`, `profile_attr_335`, `profile_attr_336`, `profile_attr_337`, `profile_attr_338`, `profile_attr_339`, `profile_attr_340`, `profile_attr_341`, `profile_attr_342`, `profile_attr_343`, `profile_attr_344`, `profile_attr_345`, `profile_attr_346`, `profile_attr_347`, `profile_attr_348`, `profile_attr_349`, `profile_attr_350`, `profile_attr_351`, `profile_attr_352`, `profile_attr_353`, `profile_attr_354`, `profile_attr_355`, `profile_attr_356`, `profile_attr_357`, `profile_attr_358`, `profile_attr_359`, `profile_attr_360`, `profile_attr_361`, `profile_attr_362`, `profile_attr_363`, `profile_attr_364`, `profile_attr_365`, `profile_attr_366`, `profile_attr_367`, `profile_attr_368`, `profile_attr_369`, `profile_attr_370`, `profile_attr_371`, `profile_attr_372`, `profile_attr_373`, `profile_attr_374`, `profile_attr_375`, `profile_attr_376`, `profile_attr_377`, `profile_attr_378`, `profile_attr_379`, `profile_attr_380`, `profile_attr_381`, `profile_attr_382`, `profile_attr_383`, `profile_attr_384`, `profile_attr_385`, `profile_attr_386`, `profile_attr_387`, `profile_attr_388`, `profile_attr_389`, `profile_attr_390`, `profile_attr_391`, `profile_attr_392`, `profile_attr_393`, `profile_attr_394`, `profile_attr_395`, `profile_attr_396`, `profile_attr_397`, `profile_attr_398`, `profile_attr_399`, `profile_attr_400`, `profile_attr_401`, `profile_attr_402`, `profile_attr_403`, `profile_attr_404`, `profile_attr_405`, `profile_attr_406`, `profile_attr_407`, `profile_attr_408`, `profile_attr_409`, `profile_attr_410`, `profile_attr_411`, `profile_attr_412`, `profile_attr_413`, `profile_attr_414`, `profile_attr_415`, `profile_attr_416`, `profile_attr_417`, `profile_attr_418`, `profile_attr_419`, `profile_attr_420`, `profile_attr_421`, `profile_attr_422`, `profile_attr_423`, `profile_attr_424`, `profile_attr_425`, `profile_attr_426`, `profile_attr_427`, `profile_attr_428`, `profile_attr_429`, `profile_attr_430`, `profile_attr_431`, `profile_attr_432`, `profile_attr_433`, `profile_attr_434`, `profile_attr_435`, `profile_attr_436`, `profile_attr_437`, `profile_attr_438`, `profile_attr_439`, `profile_attr_440`, `profile_attr_441`, `profile_attr_442`, `profile_attr_443`, `profile_attr_444`, `profile_attr_445`, `profile_attr_446`, `profile_attr_447`, `profile_attr_448`, `profile_attr_449`, `profile_attr_450`, `profile_attr_451`, `profile_attr_452`, `profile_attr_453`, `profile_attr_454`, `profile_attr_455`, `profile_attr_456`, `profile_attr_457`, `profile_attr_458`, `profile_attr_459`, `profile_attr_460`, `profile_attr_461`, `profile_attr_462`) VALUES
  (10001, '2025-04-01', 'User 1', 'ID000001****', 13800000001, 1, 25, '26-35', 'Beijing', 'Beijing', 2, 'Teacher', '2024-01-01', 'Private Banking', 112.3456, 55.1111, 23.2222, 14.3333, 32.4444, 6.5555, 1, 1, 0, 3, 607, 'AAA', 2, 'Mobile App', 3, '2025-04-07', 'High Active', 'New', 0.0200, 1088.8800, '["demo","english","wide-table"]', 0, '2025-04-01 09:01:00', '2025-04-01 10:01:00', 0, 102, 0.5520, 'Segment_05', '2025-05-06', 'Feature_01_006', 0, 108, 1.4091, 'Segment_11', '2025-11-12', 'Feature_01_012', 0, 114, 2.2663, 'Segment_05', '2025-05-18', 'Feature_01_018', 0, 120, 3.1234, 'Segment_11', '2025-11-24', 'Feature_01_024', 0, 126, 3.9805, 'Segment_05', '2025-05-02', 'Feature_01_030', 0, 132, 4.8377, 'Segment_11', '2025-11-08', 'Feature_01_036', 0, 138, 5.6948, 'Segment_05', '2025-05-14', 'Feature_01_042', 0, 144, 6.5520, 'Segment_11', '2025-11-20', 'Feature_01_048', 0, 150, 7.4091, 'Segment_05', '2025-05-26', 'Feature_01_054', 0, 156, 8.2663, 'Segment_11', '2025-11-04', 'Feature_01_060', 0, 162, 9.1234, 'Segment_05', '2025-05-10', 'Feature_01_066', 0, 168, 9.9805, 'Segment_11', '2025-11-16', 'Feature_01_072', 0, 174, 10.8377, 'Segment_05', '2025-05-22', 'Feature_01_078', 0, 180, 11.6948, 'Segment_11', '2025-11-28', 'Feature_01_084', 0, 186, 12.5520, 'Segment_05', '2025-05-06', 'Feature_01_090', 0, 192, 13.4091, 'Segment_11', '2025-11-12', 'Feature_01_096', 0, 198, 14.2663, 'Segment_05', '2025-05-18', 'Feature_01_102', 0, 204, 15.1234, 'Segment_11', '2025-11-24', 'Feature_01_108', 0, 210, 15.9805, 'Segment_05', '2025-05-02', 'Feature_01_114', 0, 216, 16.8377, 'Segment_11', '2025-11-08', 'Feature_01_120', 0, 222, 17.6948, 'Segment_05', '2025-05-14', 'Feature_01_126', 0, 228, 18.5520, 'Segment_11', '2025-11-20', 'Feature_01_132', 0, 234, 19.4091, 'Segment_05', '2025-05-26', 'Feature_01_138', 0, 240, 20.2663, 'Segment_11', '2025-11-04', 'Feature_01_144', 0, 246, 21.1234, 'Segment_05', '2025-05-10', 'Feature_01_150', 0, 252, 21.9805, 'Segment_11', '2025-11-16', 'Feature_01_156', 0, 258, 22.8377, 'Segment_05', '2025-05-22', 'Feature_01_162', 0, 264, 23.6948, 'Segment_11', '2025-11-28', 'Feature_01_168', 0, 270, 24.5520, 'Segment_05', '2025-05-06', 'Feature_01_174', 0, 276, 25.4091, 'Segment_11', '2025-11-12', 'Feature_01_180', 0, 282, 26.2663, 'Segment_05', '2025-05-18', 'Feature_01_186', 0, 288, 27.1234, 'Segment_11', '2025-11-24', 'Feature_01_192', 0, 294, 27.9805, 'Segment_05', '2025-05-02', 'Feature_01_198', 0, 300, 28.8377, 'Segment_11', '2025-11-08', 'Feature_01_204', 0, 306, 29.6948, 'Segment_05', '2025-05-14', 'Feature_01_210', 0, 312, 30.5520, 'Segment_11', '2025-11-20', 'Feature_01_216', 0, 318, 31.4091, 'Segment_05', '2025-05-26', 'Feature_01_222', 0, 324, 32.2663, 'Segment_11', '2025-11-04', 'Feature_01_228', 0, 330, 33.1234, 'Segment_05', '2025-05-10', 'Feature_01_234', 0, 336, 33.9805, 'Segment_11', '2025-11-16', 'Feature_01_240', 0, 342, 34.8377, 'Segment_05', '2025-05-22', 'Feature_01_246', 0, 348, 35.6948, 'Segment_11', '2025-11-28', 'Feature_01_252', 0, 354, 36.5520, 'Segment_05', '2025-05-06', 'Feature_01_258', 0, 360, 37.4091, 'Segment_11', '2025-11-12', 'Feature_01_264', 0, 366, 38.2663, 'Segment_05', '2025-05-18', 'Feature_01_270', 0, 372, 39.1234, 'Segment_11', '2025-11-24', 'Feature_01_276', 0, 378, 39.9805, 'Segment_05', '2025-05-02', 'Feature_01_282', 0, 384, 40.8377, 'Segment_11', '2025-11-08', 'Feature_01_288', 0, 390, 41.6948, 'Segment_05', '2025-05-14', 'Feature_01_294', 0, 396, 42.5520, 'Segment_11', '2025-11-20', 'Feature_01_300', 0, 402, 43.4091, 'Segment_05', '2025-05-26', 'Feature_01_306', 0, 408, 44.2663, 'Segment_11', '2025-11-04', 'Feature_01_312', 0, 414, 45.1234, 'Segment_05', '2025-05-10', 'Feature_01_318', 0, 420, 45.9805, 'Segment_11', '2025-11-16', 'Feature_01_324', 0, 426, 46.8377, 'Segment_05', '2025-05-22', 'Feature_01_330', 0, 432, 47.6948, 'Segment_11', '2025-11-28', 'Feature_01_336', 0, 438, 48.5520, 'Segment_05', '2025-05-06', 'Feature_01_342', 0, 444, 49.4091, 'Segment_11', '2025-11-12', 'Feature_01_348', 0, 450, 50.2663, 'Segment_05', '2025-05-18', 'Feature_01_354', 0, 456, 51.1234, 'Segment_11', '2025-11-24', 'Feature_01_360', 0, 462, 51.9805, 'Segment_05', '2025-05-02', 'Feature_01_366', 0, 468, 52.8377, 'Segment_11', '2025-11-08', 'Feature_01_372', 0, 474, 53.6948, 'Segment_05', '2025-05-14', 'Feature_01_378', 0, 480, 54.5520, 'Segment_11', '2025-11-20', 'Feature_01_384', 0, 486, 55.4091, 'Segment_05', '2025-05-26', 'Feature_01_390', 0, 492, 56.2663, 'Segment_11', '2025-11-04', 'Feature_01_396', 0, 498, 57.1234, 'Segment_05', '2025-05-10', 'Feature_01_402', 0, 504, 57.9805, 'Segment_11', '2025-11-16', 'Feature_01_408', 0, 510, 58.8377, 'Segment_05', '2025-05-22', 'Feature_01_414', 0, 516, 59.6948, 'Segment_11', '2025-11-28', 'Feature_01_420', 0, 522, 60.5520, 'Segment_05', '2025-05-06', 'Feature_01_426', 0, 528, 61.4091, 'Segment_11', '2025-11-12', 'Feature_01_432', 0, 534, 62.2663, 'Segment_05', '2025-05-18', 'Feature_01_438', 0, 540, 63.1234, 'Segment_11', '2025-11-24', 'Feature_01_444', 0, 546, 63.9805, 'Segment_05', '2025-05-02', 'Feature_01_450', 0, 552, 64.8377, 'Segment_11', '2025-11-08', 'Feature_01_456', 0, 558, 65.6948, 'Segment_05', '2025-05-14', 'Feature_01_462'),
  (10002, '2025-04-02', 'User 2', 'ID000002****', 13800000002, 2, 26, '36-45', 'Shanghai', 'Shanghai', 3, 'Doctor', '2024-02-02', 'Diamond', 124.6912, 60.2222, 26.4444, 18.6666, 34.8888, 8.1110, 0, 1, 0, 4, 614, 'AA', 3, 'Branch', 6, '2025-04-08', 'Medium Active', 'Growing', 0.0400, 1177.7600, '["demo","english","wide-table"]', 0, '2025-04-02 09:02:00', '2025-04-02 10:02:00', 1, 202, 0.9805, 'Segment_06', '2025-05-07', 'Feature_02_006', 1, 208, 2.6948, 'Segment_00', '2025-11-13', 'Feature_02_012', 1, 214, 4.4091, 'Segment_06', '2025-05-19', 'Feature_02_018', 1, 220, 6.1234, 'Segment_00', '2025-11-25', 'Feature_02_024', 1, 226, 7.8377, 'Segment_06', '2025-05-03', 'Feature_02_030', 1, 232, 9.5520, 'Segment_00', '2025-11-09', 'Feature_02_036', 1, 238, 11.2663, 'Segment_06', '2025-05-15', 'Feature_02_042', 1, 244, 12.9805, 'Segment_00', '2025-11-21', 'Feature_02_048', 1, 250, 14.6948, 'Segment_06', '2025-05-27', 'Feature_02_054', 1, 256, 16.4091, 'Segment_00', '2025-11-05', 'Feature_02_060', 1, 262, 18.1234, 'Segment_06', '2025-05-11', 'Feature_02_066', 1, 268, 19.8377, 'Segment_00', '2025-11-17', 'Feature_02_072', 1, 274, 21.5520, 'Segment_06', '2025-05-23', 'Feature_02_078', 1, 280, 23.2663, 'Segment_00', '2025-11-01', 'Feature_02_084', 1, 286, 24.9805, 'Segment_06', '2025-05-07', 'Feature_02_090', 1, 292, 26.6948, 'Segment_00', '2025-11-13', 'Feature_02_096', 1, 298, 28.4091, 'Segment_06', '2025-05-19', 'Feature_02_102', 1, 304, 30.1234, 'Segment_00', '2025-11-25', 'Feature_02_108', 1, 310, 31.8377, 'Segment_06', '2025-05-03', 'Feature_02_114', 1, 316, 33.5520, 'Segment_00', '2025-11-09', 'Feature_02_120', 1, 322, 35.2663, 'Segment_06', '2025-05-15', 'Feature_02_126', 1, 328, 36.9805, 'Segment_00', '2025-11-21', 'Feature_02_132', 1, 334, 38.6948, 'Segment_06', '2025-05-27', 'Feature_02_138', 1, 340, 40.4091, 'Segment_00', '2025-11-05', 'Feature_02_144', 1, 346, 42.1234, 'Segment_06', '2025-05-11', 'Feature_02_150', 1, 352, 43.8377, 'Segment_00', '2025-11-17', 'Feature_02_156', 1, 358, 45.5520, 'Segment_06', '2025-05-23', 'Feature_02_162', 1, 364, 47.2663, 'Segment_00', '2025-11-01', 'Feature_02_168', 1, 370, 48.9805, 'Segment_06', '2025-05-07', 'Feature_02_174', 1, 376, 50.6948, 'Segment_00', '2025-11-13', 'Feature_02_180', 1, 382, 52.4091, 'Segment_06', '2025-05-19', 'Feature_02_186', 1, 388, 54.1234, 'Segment_00', '2025-11-25', 'Feature_02_192', 1, 394, 55.8377, 'Segment_06', '2025-05-03', 'Feature_02_198', 1, 400, 57.5520, 'Segment_00', '2025-11-09', 'Feature_02_204', 1, 406, 59.2663, 'Segment_06', '2025-05-15', 'Feature_02_210', 1, 412, 60.9805, 'Segment_00', '2025-11-21', 'Feature_02_216', 1, 418, 62.6948, 'Segment_06', '2025-05-27', 'Feature_02_222', 1, 424, 64.4091, 'Segment_00', '2025-11-05', 'Feature_02_228', 1, 430, 66.1234, 'Segment_06', '2025-05-11', 'Feature_02_234', 1, 436, 67.8377, 'Segment_00', '2025-11-17', 'Feature_02_240', 1, 442, 69.5520, 'Segment_06', '2025-05-23', 'Feature_02_246', 1, 448, 71.2663, 'Segment_00', '2025-11-01', 'Feature_02_252', 1, 454, 72.9805, 'Segment_06', '2025-05-07', 'Feature_02_258', 1, 460, 74.6948, 'Segment_00', '2025-11-13', 'Feature_02_264', 1, 466, 76.4091, 'Segment_06', '2025-05-19', 'Feature_02_270', 1, 472, 78.1234, 'Segment_00', '2025-11-25', 'Feature_02_276', 1, 478, 79.8377, 'Segment_06', '2025-05-03', 'Feature_02_282', 1, 484, 81.5520, 'Segment_00', '2025-11-09', 'Feature_02_288', 1, 490, 83.2663, 'Segment_06', '2025-05-15', 'Feature_02_294', 1, 496, 84.9805, 'Segment_00', '2025-11-21', 'Feature_02_300', 1, 502, 86.6948, 'Segment_06', '2025-05-27', 'Feature_02_306', 1, 508, 88.4091, 'Segment_00', '2025-11-05', 'Feature_02_312', 1, 514, 90.1234, 'Segment_06', '2025-05-11', 'Feature_02_318', 1, 520, 91.8377, 'Segment_00', '2025-11-17', 'Feature_02_324', 1, 526, 93.5520, 'Segment_06', '2025-05-23', 'Feature_02_330', 1, 532, 95.2663, 'Segment_00', '2025-11-01', 'Feature_02_336', 1, 538, 96.9805, 'Segment_06', '2025-05-07', 'Feature_02_342', 1, 544, 98.6948, 'Segment_00', '2025-11-13', 'Feature_02_348', 1, 550, 100.4091, 'Segment_06', '2025-05-19', 'Feature_02_354', 1, 556, 102.1234, 'Segment_00', '2025-11-25', 'Feature_02_360', 1, 562, 103.8377, 'Segment_06', '2025-05-03', 'Feature_02_366', 1, 568, 105.5520, 'Segment_00', '2025-11-09', 'Feature_02_372', 1, 574, 107.2663, 'Segment_06', '2025-05-15', 'Feature_02_378', 1, 580, 108.9805, 'Segment_00', '2025-11-21', 'Feature_02_384', 1, 586, 110.6948, 'Segment_06', '2025-05-27', 'Feature_02_390', 1, 592, 112.4091, 'Segment_00', '2025-11-05', 'Feature_02_396', 1, 598, 114.1234, 'Segment_06', '2025-05-11', 'Feature_02_402', 1, 604, 115.8377, 'Segment_00', '2025-11-17', 'Feature_02_408', 1, 610, 117.5520, 'Segment_06', '2025-05-23', 'Feature_02_414', 1, 616, 119.2663, 'Segment_00', '2025-11-01', 'Feature_02_420', 1, 622, 120.9805, 'Segment_06', '2025-05-07', 'Feature_02_426', 1, 628, 122.6948, 'Segment_00', '2025-11-13', 'Feature_02_432', 1, 634, 124.4091, 'Segment_06', '2025-05-19', 'Feature_02_438', 1, 640, 126.1234, 'Segment_00', '2025-11-25', 'Feature_02_444', 1, 646, 127.8377, 'Segment_06', '2025-05-03', 'Feature_02_450', 1, 652, 129.5520, 'Segment_00', '2025-11-09', 'Feature_02_456', 1, 658, 131.2663, 'Segment_06', '2025-05-15', 'Feature_02_462'),
  (10003, '2025-04-03', 'User 3', 'ID000003****', 13800000003, 1, 27, '46-55', 'Shenzhen', 'Guangdong', 4, 'Designer', '2024-03-03', 'Platinum', 137.0368, 65.3333, 29.6666, 22.9999, 37.3332, 9.6665, 1, 1, 0, 5, 621, 'A', 4, 'Web', 9, '2025-04-09', 'Low Active', 'Mature', 0.0600, 1266.6400, '["demo","english","wide-table"]', 0, '2025-04-03 09:03:00', '2025-04-03 10:03:00', 0, 302, 1.4091, 'Segment_07', '2025-05-08', 'Feature_03_006', 0, 308, 3.9805, 'Segment_01', '2025-11-14', 'Feature_03_012', 0, 314, 6.5520, 'Segment_07', '2025-05-20', 'Feature_03_018', 0, 320, 9.1234, 'Segment_01', '2025-11-26', 'Feature_03_024', 0, 326, 11.6948, 'Segment_07', '2025-05-04', 'Feature_03_030', 0, 332, 14.2663, 'Segment_01', '2025-11-10', 'Feature_03_036', 0, 338, 16.8377, 'Segment_07', '2025-05-16', 'Feature_03_042', 0, 344, 19.4091, 'Segment_01', '2025-11-22', 'Feature_03_048', 0, 350, 21.9805, 'Segment_07', '2025-05-28', 'Feature_03_054', 0, 356, 24.5520, 'Segment_01', '2025-11-06', 'Feature_03_060', 0, 362, 27.1234, 'Segment_07', '2025-05-12', 'Feature_03_066', 0, 368, 29.6948, 'Segment_01', '2025-11-18', 'Feature_03_072', 0, 374, 32.2663, 'Segment_07', '2025-05-24', 'Feature_03_078', 0, 380, 34.8377, 'Segment_01', '2025-11-02', 'Feature_03_084', 0, 386, 37.4091, 'Segment_07', '2025-05-08', 'Feature_03_090', 0, 392, 39.9805, 'Segment_01', '2025-11-14', 'Feature_03_096', 0, 398, 42.5520, 'Segment_07', '2025-05-20', 'Feature_03_102', 0, 404, 45.1234, 'Segment_01', '2025-11-26', 'Feature_03_108', 0, 410, 47.6948, 'Segment_07', '2025-05-04', 'Feature_03_114', 0, 416, 50.2663, 'Segment_01', '2025-11-10', 'Feature_03_120', 0, 422, 52.8377, 'Segment_07', '2025-05-16', 'Feature_03_126', 0, 428, 55.4091, 'Segment_01', '2025-11-22', 'Feature_03_132', 0, 434, 57.9805, 'Segment_07', '2025-05-28', 'Feature_03_138', 0, 440, 60.5520, 'Segment_01', '2025-11-06', 'Feature_03_144', 0, 446, 63.1234, 'Segment_07', '2025-05-12', 'Feature_03_150', 0, 452, 65.6948, 'Segment_01', '2025-11-18', 'Feature_03_156', 0, 458, 68.2663, 'Segment_07', '2025-05-24', 'Feature_03_162', 0, 464, 70.8377, 'Segment_01', '2025-11-02', 'Feature_03_168', 0, 470, 73.4091, 'Segment_07', '2025-05-08', 'Feature_03_174', 0, 476, 75.9805, 'Segment_01', '2025-11-14', 'Feature_03_180', 0, 482, 78.5520, 'Segment_07', '2025-05-20', 'Feature_03_186', 0, 488, 81.1234, 'Segment_01', '2025-11-26', 'Feature_03_192', 0, 494, 83.6948, 'Segment_07', '2025-05-04', 'Feature_03_198', 0, 500, 86.2663, 'Segment_01', '2025-11-10', 'Feature_03_204', 0, 506, 88.8377, 'Segment_07', '2025-05-16', 'Feature_03_210', 0, 512, 91.4091, 'Segment_01', '2025-11-22', 'Feature_03_216', 0, 518, 93.9805, 'Segment_07', '2025-05-28', 'Feature_03_222', 0, 524, 96.5520, 'Segment_01', '2025-11-06', 'Feature_03_228', 0, 530, 99.1234, 'Segment_07', '2025-05-12', 'Feature_03_234', 0, 536, 101.6948, 'Segment_01', '2025-11-18', 'Feature_03_240', 0, 542, 104.2663, 'Segment_07', '2025-05-24', 'Feature_03_246', 0, 548, 106.8377, 'Segment_01', '2025-11-02', 'Feature_03_252', 0, 554, 109.4091, 'Segment_07', '2025-05-08', 'Feature_03_258', 0, 560, 111.9805, 'Segment_01', '2025-11-14', 'Feature_03_264', 0, 566, 114.5520, 'Segment_07', '2025-05-20', 'Feature_03_270', 0, 572, 117.1234, 'Segment_01', '2025-11-26', 'Feature_03_276', 0, 578, 119.6948, 'Segment_07', '2025-05-04', 'Feature_03_282', 0, 584, 122.2663, 'Segment_01', '2025-11-10', 'Feature_03_288', 0, 590, 124.8377, 'Segment_07', '2025-05-16', 'Feature_03_294', 0, 596, 127.4091, 'Segment_01', '2025-11-22', 'Feature_03_300', 0, 602, 129.9805, 'Segment_07', '2025-05-28', 'Feature_03_306', 0, 608, 132.5520, 'Segment_01', '2025-11-06', 'Feature_03_312', 0, 614, 135.1234, 'Segment_07', '2025-05-12', 'Feature_03_318', 0, 620, 137.6948, 'Segment_01', '2025-11-18', 'Feature_03_324', 0, 626, 140.2663, 'Segment_07', '2025-05-24', 'Feature_03_330', 0, 632, 142.8377, 'Segment_01', '2025-11-02', 'Feature_03_336', 0, 638, 145.4091, 'Segment_07', '2025-05-08', 'Feature_03_342', 0, 644, 147.9805, 'Segment_01', '2025-11-14', 'Feature_03_348', 0, 650, 150.5520, 'Segment_07', '2025-05-20', 'Feature_03_354', 0, 656, 153.1234, 'Segment_01', '2025-11-26', 'Feature_03_360', 0, 662, 155.6948, 'Segment_07', '2025-05-04', 'Feature_03_366', 0, 668, 158.2663, 'Segment_01', '2025-11-10', 'Feature_03_372', 0, 674, 160.8377, 'Segment_07', '2025-05-16', 'Feature_03_378', 0, 680, 163.4091, 'Segment_01', '2025-11-22', 'Feature_03_384', 0, 686, 165.9805, 'Segment_07', '2025-05-28', 'Feature_03_390', 0, 692, 168.5520, 'Segment_01', '2025-11-06', 'Feature_03_396', 0, 698, 171.1234, 'Segment_07', '2025-05-12', 'Feature_03_402', 0, 704, 173.6948, 'Segment_01', '2025-11-18', 'Feature_03_408', 0, 710, 176.2663, 'Segment_07', '2025-05-24', 'Feature_03_414', 0, 716, 178.8377, 'Segment_01', '2025-11-02', 'Feature_03_420', 0, 722, 181.4091, 'Segment_07', '2025-05-08', 'Feature_03_426', 0, 728, 183.9805, 'Segment_01', '2025-11-14', 'Feature_03_432', 0, 734, 186.5520, 'Segment_07', '2025-05-20', 'Feature_03_438', 0, 740, 189.1234, 'Segment_01', '2025-11-26', 'Feature_03_444', 0, 746, 191.6948, 'Segment_07', '2025-05-04', 'Feature_03_450', 0, 752, 194.2663, 'Segment_01', '2025-11-10', 'Feature_03_456', 0, 758, 196.8377, 'Segment_07', '2025-05-16', 'Feature_03_462'),
  (10004, '2025-04-04', 'User 4', 'ID000004****', 13800000004, 2, 28, '55+', 'Hangzhou', 'Zhejiang', 5, 'Manager', '2024-04-04', 'Gold', 149.3824, 70.4444, 32.8888, 27.3332, 39.7776, 11.2220, 0, 1, 1, 6, 628, 'B', 5, 'Mini Program', 12, '2025-04-10', 'Dormant', 'Dormant', 0.0800, 1355.5200, '["demo","english","wide-table"]', 0, '2025-04-04 09:04:00', '2025-04-04 10:04:00', 1, 402, 1.8377, 'Segment_08', '2025-05-09', 'Feature_04_006', 1, 408, 5.2663, 'Segment_02', '2025-11-15', 'Feature_04_012', 1, 414, 8.6948, 'Segment_08', '2025-05-21', 'Feature_04_018', 1, 420, 12.1234, 'Segment_02', '2025-11-27', 'Feature_04_024', 1, 426, 15.5520, 'Segment_08', '2025-05-05', 'Feature_04_030', 1, 432, 18.9805, 'Segment_02', '2025-11-11', 'Feature_04_036', 1, 438, 22.4091, 'Segment_08', '2025-05-17', 'Feature_04_042', 1, 444, 25.8377, 'Segment_02', '2025-11-23', 'Feature_04_048', 1, 450, 29.2663, 'Segment_08', '2025-05-01', 'Feature_04_054', 1, 456, 32.6948, 'Segment_02', '2025-11-07', 'Feature_04_060', 1, 462, 36.1234, 'Segment_08', '2025-05-13', 'Feature_04_066', 1, 468, 39.5520, 'Segment_02', '2025-11-19', 'Feature_04_072', 1, 474, 42.9805, 'Segment_08', '2025-05-25', 'Feature_04_078', 1, 480, 46.4091, 'Segment_02', '2025-11-03', 'Feature_04_084', 1, 486, 49.8377, 'Segment_08', '2025-05-09', 'Feature_04_090', 1, 492, 53.2663, 'Segment_02', '2025-11-15', 'Feature_04_096', 1, 498, 56.6948, 'Segment_08', '2025-05-21', 'Feature_04_102', 1, 504, 60.1234, 'Segment_02', '2025-11-27', 'Feature_04_108', 1, 510, 63.5520, 'Segment_08', '2025-05-05', 'Feature_04_114', 1, 516, 66.9805, 'Segment_02', '2025-11-11', 'Feature_04_120', 1, 522, 70.4091, 'Segment_08', '2025-05-17', 'Feature_04_126', 1, 528, 73.8377, 'Segment_02', '2025-11-23', 'Feature_04_132', 1, 534, 77.2663, 'Segment_08', '2025-05-01', 'Feature_04_138', 1, 540, 80.6948, 'Segment_02', '2025-11-07', 'Feature_04_144', 1, 546, 84.1234, 'Segment_08', '2025-05-13', 'Feature_04_150', 1, 552, 87.5520, 'Segment_02', '2025-11-19', 'Feature_04_156', 1, 558, 90.9805, 'Segment_08', '2025-05-25', 'Feature_04_162', 1, 564, 94.4091, 'Segment_02', '2025-11-03', 'Feature_04_168', 1, 570, 97.8377, 'Segment_08', '2025-05-09', 'Feature_04_174', 1, 576, 101.2663, 'Segment_02', '2025-11-15', 'Feature_04_180', 1, 582, 104.6948, 'Segment_08', '2025-05-21', 'Feature_04_186', 1, 588, 108.1234, 'Segment_02', '2025-11-27', 'Feature_04_192', 1, 594, 111.5520, 'Segment_08', '2025-05-05', 'Feature_04_198', 1, 600, 114.9805, 'Segment_02', '2025-11-11', 'Feature_04_204', 1, 606, 118.4091, 'Segment_08', '2025-05-17', 'Feature_04_210', 1, 612, 121.8377, 'Segment_02', '2025-11-23', 'Feature_04_216', 1, 618, 125.2663, 'Segment_08', '2025-05-01', 'Feature_04_222', 1, 624, 128.6948, 'Segment_02', '2025-11-07', 'Feature_04_228', 1, 630, 132.1234, 'Segment_08', '2025-05-13', 'Feature_04_234', 1, 636, 135.5520, 'Segment_02', '2025-11-19', 'Feature_04_240', 1, 642, 138.9805, 'Segment_08', '2025-05-25', 'Feature_04_246', 1, 648, 142.4091, 'Segment_02', '2025-11-03', 'Feature_04_252', 1, 654, 145.8377, 'Segment_08', '2025-05-09', 'Feature_04_258', 1, 660, 149.2663, 'Segment_02', '2025-11-15', 'Feature_04_264', 1, 666, 152.6948, 'Segment_08', '2025-05-21', 'Feature_04_270', 1, 672, 156.1234, 'Segment_02', '2025-11-27', 'Feature_04_276', 1, 678, 159.5520, 'Segment_08', '2025-05-05', 'Feature_04_282', 1, 684, 162.9805, 'Segment_02', '2025-11-11', 'Feature_04_288', 1, 690, 166.4091, 'Segment_08', '2025-05-17', 'Feature_04_294', 1, 696, 169.8377, 'Segment_02', '2025-11-23', 'Feature_04_300', 1, 702, 173.2663, 'Segment_08', '2025-05-01', 'Feature_04_306', 1, 708, 176.6948, 'Segment_02', '2025-11-07', 'Feature_04_312', 1, 714, 180.1234, 'Segment_08', '2025-05-13', 'Feature_04_318', 1, 720, 183.5520, 'Segment_02', '2025-11-19', 'Feature_04_324', 1, 726, 186.9805, 'Segment_08', '2025-05-25', 'Feature_04_330', 1, 732, 190.4091, 'Segment_02', '2025-11-03', 'Feature_04_336', 1, 738, 193.8377, 'Segment_08', '2025-05-09', 'Feature_04_342', 1, 744, 197.2663, 'Segment_02', '2025-11-15', 'Feature_04_348', 1, 750, 200.6948, 'Segment_08', '2025-05-21', 'Feature_04_354', 1, 756, 204.1234, 'Segment_02', '2025-11-27', 'Feature_04_360', 1, 762, 207.5520, 'Segment_08', '2025-05-05', 'Feature_04_366', 1, 768, 210.9805, 'Segment_02', '2025-11-11', 'Feature_04_372', 1, 774, 214.4091, 'Segment_08', '2025-05-17', 'Feature_04_378', 1, 780, 217.8377, 'Segment_02', '2025-11-23', 'Feature_04_384', 1, 786, 221.2663, 'Segment_08', '2025-05-01', 'Feature_04_390', 1, 792, 224.6948, 'Segment_02', '2025-11-07', 'Feature_04_396', 1, 798, 228.1234, 'Segment_08', '2025-05-13', 'Feature_04_402', 1, 804, 231.5520, 'Segment_02', '2025-11-19', 'Feature_04_408', 1, 810, 234.9805, 'Segment_08', '2025-05-25', 'Feature_04_414', 1, 816, 238.4091, 'Segment_02', '2025-11-03', 'Feature_04_420', 1, 822, 241.8377, 'Segment_08', '2025-05-09', 'Feature_04_426', 1, 828, 245.2663, 'Segment_02', '2025-11-15', 'Feature_04_432', 1, 834, 248.6948, 'Segment_08', '2025-05-21', 'Feature_04_438', 1, 840, 252.1234, 'Segment_02', '2025-11-27', 'Feature_04_444', 1, 846, 255.5520, 'Segment_08', '2025-05-05', 'Feature_04_450', 1, 852, 258.9805, 'Segment_02', '2025-11-11', 'Feature_04_456', 1, 858, 262.4091, 'Segment_08', '2025-05-17', 'Feature_04_462'),
  (10005, '2025-04-05', 'User 5', 'ID000005****', 13800000005, 1, 29, '18-25', 'Chengdu', 'Sichuan', 6, 'Analyst', '2024-05-05', 'Standard', 161.7280, 75.5555, 36.1110, 31.6665, 42.2220, 12.7775, 1, 1, 0, 7, 635, 'C', 1, 'API', 15, '2025-04-11', 'High Active', 'Churn Risk', 0.1000, 1444.4000, '["demo","english","wide-table"]', 0, '2025-04-05 09:05:00', '2025-04-05 10:05:00', 0, 502, 2.2663, 'Segment_09', '2025-05-10', 'Feature_05_006', 0, 508, 6.5520, 'Segment_03', '2025-11-16', 'Feature_05_012', 0, 514, 10.8377, 'Segment_09', '2025-05-22', 'Feature_05_018', 0, 520, 15.1234, 'Segment_03', '2025-11-28', 'Feature_05_024', 0, 526, 19.4091, 'Segment_09', '2025-05-06', 'Feature_05_030', 0, 532, 23.6948, 'Segment_03', '2025-11-12', 'Feature_05_036', 0, 538, 27.9805, 'Segment_09', '2025-05-18', 'Feature_05_042', 0, 544, 32.2663, 'Segment_03', '2025-11-24', 'Feature_05_048', 0, 550, 36.5520, 'Segment_09', '2025-05-02', 'Feature_05_054', 0, 556, 40.8377, 'Segment_03', '2025-11-08', 'Feature_05_060', 0, 562, 45.1234, 'Segment_09', '2025-05-14', 'Feature_05_066', 0, 568, 49.4091, 'Segment_03', '2025-11-20', 'Feature_05_072', 0, 574, 53.6948, 'Segment_09', '2025-05-26', 'Feature_05_078', 0, 580, 57.9805, 'Segment_03', '2025-11-04', 'Feature_05_084', 0, 586, 62.2663, 'Segment_09', '2025-05-10', 'Feature_05_090', 0, 592, 66.5520, 'Segment_03', '2025-11-16', 'Feature_05_096', 0, 598, 70.8377, 'Segment_09', '2025-05-22', 'Feature_05_102', 0, 604, 75.1234, 'Segment_03', '2025-11-28', 'Feature_05_108', 0, 610, 79.4091, 'Segment_09', '2025-05-06', 'Feature_05_114', 0, 616, 83.6948, 'Segment_03', '2025-11-12', 'Feature_05_120', 0, 622, 87.9805, 'Segment_09', '2025-05-18', 'Feature_05_126', 0, 628, 92.2663, 'Segment_03', '2025-11-24', 'Feature_05_132', 0, 634, 96.5520, 'Segment_09', '2025-05-02', 'Feature_05_138', 0, 640, 100.8377, 'Segment_03', '2025-11-08', 'Feature_05_144', 0, 646, 105.1234, 'Segment_09', '2025-05-14', 'Feature_05_150', 0, 652, 109.4091, 'Segment_03', '2025-11-20', 'Feature_05_156', 0, 658, 113.6948, 'Segment_09', '2025-05-26', 'Feature_05_162', 0, 664, 117.9805, 'Segment_03', '2025-11-04', 'Feature_05_168', 0, 670, 122.2663, 'Segment_09', '2025-05-10', 'Feature_05_174', 0, 676, 126.5520, 'Segment_03', '2025-11-16', 'Feature_05_180', 0, 682, 130.8377, 'Segment_09', '2025-05-22', 'Feature_05_186', 0, 688, 135.1234, 'Segment_03', '2025-11-28', 'Feature_05_192', 0, 694, 139.4091, 'Segment_09', '2025-05-06', 'Feature_05_198', 0, 700, 143.6948, 'Segment_03', '2025-11-12', 'Feature_05_204', 0, 706, 147.9805, 'Segment_09', '2025-05-18', 'Feature_05_210', 0, 712, 152.2663, 'Segment_03', '2025-11-24', 'Feature_05_216', 0, 718, 156.5520, 'Segment_09', '2025-05-02', 'Feature_05_222', 0, 724, 160.8377, 'Segment_03', '2025-11-08', 'Feature_05_228', 0, 730, 165.1234, 'Segment_09', '2025-05-14', 'Feature_05_234', 0, 736, 169.4091, 'Segment_03', '2025-11-20', 'Feature_05_240', 0, 742, 173.6948, 'Segment_09', '2025-05-26', 'Feature_05_246', 0, 748, 177.9805, 'Segment_03', '2025-11-04', 'Feature_05_252', 0, 754, 182.2663, 'Segment_09', '2025-05-10', 'Feature_05_258', 0, 760, 186.5520, 'Segment_03', '2025-11-16', 'Feature_05_264', 0, 766, 190.8377, 'Segment_09', '2025-05-22', 'Feature_05_270', 0, 772, 195.1234, 'Segment_03', '2025-11-28', 'Feature_05_276', 0, 778, 199.4091, 'Segment_09', '2025-05-06', 'Feature_05_282', 0, 784, 203.6948, 'Segment_03', '2025-11-12', 'Feature_05_288', 0, 790, 207.9805, 'Segment_09', '2025-05-18', 'Feature_05_294', 0, 796, 212.2663, 'Segment_03', '2025-11-24', 'Feature_05_300', 0, 802, 216.5520, 'Segment_09', '2025-05-02', 'Feature_05_306', 0, 808, 220.8377, 'Segment_03', '2025-11-08', 'Feature_05_312', 0, 814, 225.1234, 'Segment_09', '2025-05-14', 'Feature_05_318', 0, 820, 229.4091, 'Segment_03', '2025-11-20', 'Feature_05_324', 0, 826, 233.6948, 'Segment_09', '2025-05-26', 'Feature_05_330', 0, 832, 237.9805, 'Segment_03', '2025-11-04', 'Feature_05_336', 0, 838, 242.2663, 'Segment_09', '2025-05-10', 'Feature_05_342', 0, 844, 246.5520, 'Segment_03', '2025-11-16', 'Feature_05_348', 0, 850, 250.8377, 'Segment_09', '2025-05-22', 'Feature_05_354', 0, 856, 255.1234, 'Segment_03', '2025-11-28', 'Feature_05_360', 0, 862, 259.4091, 'Segment_09', '2025-05-06', 'Feature_05_366', 0, 868, 263.6948, 'Segment_03', '2025-11-12', 'Feature_05_372', 0, 874, 267.9805, 'Segment_09', '2025-05-18', 'Feature_05_378', 0, 880, 272.2663, 'Segment_03', '2025-11-24', 'Feature_05_384', 0, 886, 276.5520, 'Segment_09', '2025-05-02', 'Feature_05_390', 0, 892, 280.8377, 'Segment_03', '2025-11-08', 'Feature_05_396', 0, 898, 285.1234, 'Segment_09', '2025-05-14', 'Feature_05_402', 0, 904, 289.4091, 'Segment_03', '2025-11-20', 'Feature_05_408', 0, 910, 293.6948, 'Segment_09', '2025-05-26', 'Feature_05_414', 0, 916, 297.9805, 'Segment_03', '2025-11-04', 'Feature_05_420', 0, 922, 302.2663, 'Segment_09', '2025-05-10', 'Feature_05_426', 0, 928, 306.5520, 'Segment_03', '2025-11-16', 'Feature_05_432', 0, 934, 310.8377, 'Segment_09', '2025-05-22', 'Feature_05_438', 0, 940, 315.1234, 'Segment_03', '2025-11-28', 'Feature_05_444', 0, 946, 319.4091, 'Segment_09', '2025-05-06', 'Feature_05_450', 0, 952, 323.6948, 'Segment_03', '2025-11-12', 'Feature_05_456', 0, 958, 327.9805, 'Segment_09', '2025-05-18', 'Feature_05_462'),
  (10006, '2025-04-06', 'User 6', 'ID000006****', 13800000006, 2, 30, '26-35', 'Nanjing', 'Jiangsu', 7, 'Engineer', '2024-06-06', 'Private Banking', 174.0736, 80.6666, 39.3332, 35.9998, 44.6664, 14.3330, 0, 1, 0, 8, 642, 'AAA', 2, 'Mobile App', 18, '2025-04-12', 'Medium Active', 'New', 0.1200, 1533.2800, '["demo","english","wide-table"]', 0, '2025-04-06 09:06:00', '2025-04-06 10:06:00', 1, 602, 2.6948, 'Segment_10', '2025-05-11', 'Feature_06_006', 1, 608, 7.8377, 'Segment_04', '2025-11-17', 'Feature_06_012', 1, 614, 12.9805, 'Segment_10', '2025-05-23', 'Feature_06_018', 1, 620, 18.1234, 'Segment_04', '2025-11-01', 'Feature_06_024', 1, 626, 23.2663, 'Segment_10', '2025-05-07', 'Feature_06_030', 1, 632, 28.4091, 'Segment_04', '2025-11-13', 'Feature_06_036', 1, 638, 33.5520, 'Segment_10', '2025-05-19', 'Feature_06_042', 1, 644, 38.6948, 'Segment_04', '2025-11-25', 'Feature_06_048', 1, 650, 43.8377, 'Segment_10', '2025-05-03', 'Feature_06_054', 1, 656, 48.9805, 'Segment_04', '2025-11-09', 'Feature_06_060', 1, 662, 54.1234, 'Segment_10', '2025-05-15', 'Feature_06_066', 1, 668, 59.2663, 'Segment_04', '2025-11-21', 'Feature_06_072', 1, 674, 64.4091, 'Segment_10', '2025-05-27', 'Feature_06_078', 1, 680, 69.5520, 'Segment_04', '2025-11-05', 'Feature_06_084', 1, 686, 74.6948, 'Segment_10', '2025-05-11', 'Feature_06_090', 1, 692, 79.8377, 'Segment_04', '2025-11-17', 'Feature_06_096', 1, 698, 84.9805, 'Segment_10', '2025-05-23', 'Feature_06_102', 1, 704, 90.1234, 'Segment_04', '2025-11-01', 'Feature_06_108', 1, 710, 95.2663, 'Segment_10', '2025-05-07', 'Feature_06_114', 1, 716, 100.4091, 'Segment_04', '2025-11-13', 'Feature_06_120', 1, 722, 105.5520, 'Segment_10', '2025-05-19', 'Feature_06_126', 1, 728, 110.6948, 'Segment_04', '2025-11-25', 'Feature_06_132', 1, 734, 115.8377, 'Segment_10', '2025-05-03', 'Feature_06_138', 1, 740, 120.9805, 'Segment_04', '2025-11-09', 'Feature_06_144', 1, 746, 126.1234, 'Segment_10', '2025-05-15', 'Feature_06_150', 1, 752, 131.2663, 'Segment_04', '2025-11-21', 'Feature_06_156', 1, 758, 136.4091, 'Segment_10', '2025-05-27', 'Feature_06_162', 1, 764, 141.5520, 'Segment_04', '2025-11-05', 'Feature_06_168', 1, 770, 146.6948, 'Segment_10', '2025-05-11', 'Feature_06_174', 1, 776, 151.8377, 'Segment_04', '2025-11-17', 'Feature_06_180', 1, 782, 156.9805, 'Segment_10', '2025-05-23', 'Feature_06_186', 1, 788, 162.1234, 'Segment_04', '2025-11-01', 'Feature_06_192', 1, 794, 167.2663, 'Segment_10', '2025-05-07', 'Feature_06_198', 1, 800, 172.4091, 'Segment_04', '2025-11-13', 'Feature_06_204', 1, 806, 177.5520, 'Segment_10', '2025-05-19', 'Feature_06_210', 1, 812, 182.6948, 'Segment_04', '2025-11-25', 'Feature_06_216', 1, 818, 187.8377, 'Segment_10', '2025-05-03', 'Feature_06_222', 1, 824, 192.9805, 'Segment_04', '2025-11-09', 'Feature_06_228', 1, 830, 198.1234, 'Segment_10', '2025-05-15', 'Feature_06_234', 1, 836, 203.2663, 'Segment_04', '2025-11-21', 'Feature_06_240', 1, 842, 208.4091, 'Segment_10', '2025-05-27', 'Feature_06_246', 1, 848, 213.5520, 'Segment_04', '2025-11-05', 'Feature_06_252', 1, 854, 218.6948, 'Segment_10', '2025-05-11', 'Feature_06_258', 1, 860, 223.8377, 'Segment_04', '2025-11-17', 'Feature_06_264', 1, 866, 228.9805, 'Segment_10', '2025-05-23', 'Feature_06_270', 1, 872, 234.1234, 'Segment_04', '2025-11-01', 'Feature_06_276', 1, 878, 239.2663, 'Segment_10', '2025-05-07', 'Feature_06_282', 1, 884, 244.4091, 'Segment_04', '2025-11-13', 'Feature_06_288', 1, 890, 249.5520, 'Segment_10', '2025-05-19', 'Feature_06_294', 1, 896, 254.6948, 'Segment_04', '2025-11-25', 'Feature_06_300', 1, 902, 259.8377, 'Segment_10', '2025-05-03', 'Feature_06_306', 1, 908, 264.9805, 'Segment_04', '2025-11-09', 'Feature_06_312', 1, 914, 270.1234, 'Segment_10', '2025-05-15', 'Feature_06_318', 1, 920, 275.2663, 'Segment_04', '2025-11-21', 'Feature_06_324', 1, 926, 280.4091, 'Segment_10', '2025-05-27', 'Feature_06_330', 1, 932, 285.5520, 'Segment_04', '2025-11-05', 'Feature_06_336', 1, 938, 290.6948, 'Segment_10', '2025-05-11', 'Feature_06_342', 1, 944, 295.8377, 'Segment_04', '2025-11-17', 'Feature_06_348', 1, 950, 300.9805, 'Segment_10', '2025-05-23', 'Feature_06_354', 1, 956, 306.1234, 'Segment_04', '2025-11-01', 'Feature_06_360', 1, 962, 311.2663, 'Segment_10', '2025-05-07', 'Feature_06_366', 1, 968, 316.4091, 'Segment_04', '2025-11-13', 'Feature_06_372', 1, 974, 321.5520, 'Segment_10', '2025-05-19', 'Feature_06_378', 1, 980, 326.6948, 'Segment_04', '2025-11-25', 'Feature_06_384', 1, 986, 331.8377, 'Segment_10', '2025-05-03', 'Feature_06_390', 1, 992, 336.9805, 'Segment_04', '2025-11-09', 'Feature_06_396', 1, 998, 342.1234, 'Segment_10', '2025-05-15', 'Feature_06_402', 1, 1004, 347.2663, 'Segment_04', '2025-11-21', 'Feature_06_408', 1, 1010, 352.4091, 'Segment_10', '2025-05-27', 'Feature_06_414', 1, 1016, 357.5520, 'Segment_04', '2025-11-05', 'Feature_06_420', 1, 1022, 362.6948, 'Segment_10', '2025-05-11', 'Feature_06_426', 1, 1028, 367.8377, 'Segment_04', '2025-11-17', 'Feature_06_432', 1, 1034, 372.9805, 'Segment_10', '2025-05-23', 'Feature_06_438', 1, 1040, 378.1234, 'Segment_04', '2025-11-01', 'Feature_06_444', 1, 1046, 383.2663, 'Segment_10', '2025-05-07', 'Feature_06_450', 1, 1052, 388.4091, 'Segment_04', '2025-11-13', 'Feature_06_456', 1, 1058, 393.5520, 'Segment_10', '2025-05-19', 'Feature_06_462'),
  (10007, '2025-04-07', 'User 7', 'ID000007****', 13800000007, 1, 31, '36-45', 'Wuhan', 'Hubei', 1, 'Teacher', '2024-07-07', 'Diamond', 186.4192, 85.7777, 42.5554, 40.3331, 47.1108, 15.8885, 1, 1, 0, 9, 649, 'AA', 3, 'Branch', 21, '2025-04-13', 'Low Active', 'Growing', 0.1400, 1622.1600, '["demo","english","wide-table"]', 0, '2025-04-07 09:07:00', '2025-04-07 10:07:00', 0, 702, 3.1234, 'Segment_11', '2025-05-12', 'Feature_07_006', 0, 708, 9.1234, 'Segment_05', '2025-11-18', 'Feature_07_012', 0, 714, 15.1234, 'Segment_11', '2025-05-24', 'Feature_07_018', 0, 720, 21.1234, 'Segment_05', '2025-11-02', 'Feature_07_024', 0, 726, 27.1234, 'Segment_11', '2025-05-08', 'Feature_07_030', 0, 732, 33.1234, 'Segment_05', '2025-11-14', 'Feature_07_036', 0, 738, 39.1234, 'Segment_11', '2025-05-20', 'Feature_07_042', 0, 744, 45.1234, 'Segment_05', '2025-11-26', 'Feature_07_048', 0, 750, 51.1234, 'Segment_11', '2025-05-04', 'Feature_07_054', 0, 756, 57.1234, 'Segment_05', '2025-11-10', 'Feature_07_060', 0, 762, 63.1234, 'Segment_11', '2025-05-16', 'Feature_07_066', 0, 768, 69.1234, 'Segment_05', '2025-11-22', 'Feature_07_072', 0, 774, 75.1234, 'Segment_11', '2025-05-28', 'Feature_07_078', 0, 780, 81.1234, 'Segment_05', '2025-11-06', 'Feature_07_084', 0, 786, 87.1234, 'Segment_11', '2025-05-12', 'Feature_07_090', 0, 792, 93.1234, 'Segment_05', '2025-11-18', 'Feature_07_096', 0, 798, 99.1234, 'Segment_11', '2025-05-24', 'Feature_07_102', 0, 804, 105.1234, 'Segment_05', '2025-11-02', 'Feature_07_108', 0, 810, 111.1234, 'Segment_11', '2025-05-08', 'Feature_07_114', 0, 816, 117.1234, 'Segment_05', '2025-11-14', 'Feature_07_120', 0, 822, 123.1234, 'Segment_11', '2025-05-20', 'Feature_07_126', 0, 828, 129.1234, 'Segment_05', '2025-11-26', 'Feature_07_132', 0, 834, 135.1234, 'Segment_11', '2025-05-04', 'Feature_07_138', 0, 840, 141.1234, 'Segment_05', '2025-11-10', 'Feature_07_144', 0, 846, 147.1234, 'Segment_11', '2025-05-16', 'Feature_07_150', 0, 852, 153.1234, 'Segment_05', '2025-11-22', 'Feature_07_156', 0, 858, 159.1234, 'Segment_11', '2025-05-28', 'Feature_07_162', 0, 864, 165.1234, 'Segment_05', '2025-11-06', 'Feature_07_168', 0, 870, 171.1234, 'Segment_11', '2025-05-12', 'Feature_07_174', 0, 876, 177.1234, 'Segment_05', '2025-11-18', 'Feature_07_180', 0, 882, 183.1234, 'Segment_11', '2025-05-24', 'Feature_07_186', 0, 888, 189.1234, 'Segment_05', '2025-11-02', 'Feature_07_192', 0, 894, 195.1234, 'Segment_11', '2025-05-08', 'Feature_07_198', 0, 900, 201.1234, 'Segment_05', '2025-11-14', 'Feature_07_204', 0, 906, 207.1234, 'Segment_11', '2025-05-20', 'Feature_07_210', 0, 912, 213.1234, 'Segment_05', '2025-11-26', 'Feature_07_216', 0, 918, 219.1234, 'Segment_11', '2025-05-04', 'Feature_07_222', 0, 924, 225.1234, 'Segment_05', '2025-11-10', 'Feature_07_228', 0, 930, 231.1234, 'Segment_11', '2025-05-16', 'Feature_07_234', 0, 936, 237.1234, 'Segment_05', '2025-11-22', 'Feature_07_240', 0, 942, 243.1234, 'Segment_11', '2025-05-28', 'Feature_07_246', 0, 948, 249.1234, 'Segment_05', '2025-11-06', 'Feature_07_252', 0, 954, 255.1234, 'Segment_11', '2025-05-12', 'Feature_07_258', 0, 960, 261.1234, 'Segment_05', '2025-11-18', 'Feature_07_264', 0, 966, 267.1234, 'Segment_11', '2025-05-24', 'Feature_07_270', 0, 972, 273.1234, 'Segment_05', '2025-11-02', 'Feature_07_276', 0, 978, 279.1234, 'Segment_11', '2025-05-08', 'Feature_07_282', 0, 984, 285.1234, 'Segment_05', '2025-11-14', 'Feature_07_288', 0, 990, 291.1234, 'Segment_11', '2025-05-20', 'Feature_07_294', 0, 996, 297.1234, 'Segment_05', '2025-11-26', 'Feature_07_300', 0, 1002, 303.1234, 'Segment_11', '2025-05-04', 'Feature_07_306', 0, 1008, 309.1234, 'Segment_05', '2025-11-10', 'Feature_07_312', 0, 1014, 315.1234, 'Segment_11', '2025-05-16', 'Feature_07_318', 0, 1020, 321.1234, 'Segment_05', '2025-11-22', 'Feature_07_324', 0, 1026, 327.1234, 'Segment_11', '2025-05-28', 'Feature_07_330', 0, 1032, 333.1234, 'Segment_05', '2025-11-06', 'Feature_07_336', 0, 1038, 339.1234, 'Segment_11', '2025-05-12', 'Feature_07_342', 0, 1044, 345.1234, 'Segment_05', '2025-11-18', 'Feature_07_348', 0, 1050, 351.1234, 'Segment_11', '2025-05-24', 'Feature_07_354', 0, 1056, 357.1234, 'Segment_05', '2025-11-02', 'Feature_07_360', 0, 1062, 363.1234, 'Segment_11', '2025-05-08', 'Feature_07_366', 0, 1068, 369.1234, 'Segment_05', '2025-11-14', 'Feature_07_372', 0, 1074, 375.1234, 'Segment_11', '2025-05-20', 'Feature_07_378', 0, 1080, 381.1234, 'Segment_05', '2025-11-26', 'Feature_07_384', 0, 1086, 387.1234, 'Segment_11', '2025-05-04', 'Feature_07_390', 0, 1092, 393.1234, 'Segment_05', '2025-11-10', 'Feature_07_396', 0, 1098, 399.1234, 'Segment_11', '2025-05-16', 'Feature_07_402', 0, 1104, 405.1234, 'Segment_05', '2025-11-22', 'Feature_07_408', 0, 1110, 411.1234, 'Segment_11', '2025-05-28', 'Feature_07_414', 0, 1116, 417.1234, 'Segment_05', '2025-11-06', 'Feature_07_420', 0, 1122, 423.1234, 'Segment_11', '2025-05-12', 'Feature_07_426', 0, 1128, 429.1234, 'Segment_05', '2025-11-18', 'Feature_07_432', 0, 1134, 435.1234, 'Segment_11', '2025-05-24', 'Feature_07_438', 0, 1140, 441.1234, 'Segment_05', '2025-11-02', 'Feature_07_444', 0, 1146, 447.1234, 'Segment_11', '2025-05-08', 'Feature_07_450', 0, 1152, 453.1234, 'Segment_05', '2025-11-14', 'Feature_07_456', 0, 1158, 459.1234, 'Segment_11', '2025-05-20', 'Feature_07_462'),
  (10008, '2025-04-08', 'User 8', 'ID000008****', 13800000008, 2, 32, '46-55', 'Xian', 'Shaanxi', 2, 'Doctor', '2024-08-08', 'Platinum', 198.7648, 90.8888, 45.7776, 44.6664, 49.5552, 17.4440, 0, 1, 1, 10, 656, 'A', 4, 'Web', 24, '2025-04-14', 'Dormant', 'Mature', 0.1600, 1711.0400, '["demo","english","wide-table"]', 0, '2025-04-08 09:08:00', '2025-04-08 10:08:00', 1, 802, 3.5520, 'Segment_00', '2025-05-13', 'Feature_08_006', 1, 808, 10.4091, 'Segment_06', '2025-11-19', 'Feature_08_012', 1, 814, 17.2663, 'Segment_00', '2025-05-25', 'Feature_08_018', 1, 820, 24.1234, 'Segment_06', '2025-11-03', 'Feature_08_024', 1, 826, 30.9805, 'Segment_00', '2025-05-09', 'Feature_08_030', 1, 832, 37.8377, 'Segment_06', '2025-11-15', 'Feature_08_036', 1, 838, 44.6948, 'Segment_00', '2025-05-21', 'Feature_08_042', 1, 844, 51.5520, 'Segment_06', '2025-11-27', 'Feature_08_048', 1, 850, 58.4091, 'Segment_00', '2025-05-05', 'Feature_08_054', 1, 856, 65.2663, 'Segment_06', '2025-11-11', 'Feature_08_060', 1, 862, 72.1234, 'Segment_00', '2025-05-17', 'Feature_08_066', 1, 868, 78.9805, 'Segment_06', '2025-11-23', 'Feature_08_072', 1, 874, 85.8377, 'Segment_00', '2025-05-01', 'Feature_08_078', 1, 880, 92.6948, 'Segment_06', '2025-11-07', 'Feature_08_084', 1, 886, 99.5520, 'Segment_00', '2025-05-13', 'Feature_08_090', 1, 892, 106.4091, 'Segment_06', '2025-11-19', 'Feature_08_096', 1, 898, 113.2663, 'Segment_00', '2025-05-25', 'Feature_08_102', 1, 904, 120.1234, 'Segment_06', '2025-11-03', 'Feature_08_108', 1, 910, 126.9805, 'Segment_00', '2025-05-09', 'Feature_08_114', 1, 916, 133.8377, 'Segment_06', '2025-11-15', 'Feature_08_120', 1, 922, 140.6948, 'Segment_00', '2025-05-21', 'Feature_08_126', 1, 928, 147.5520, 'Segment_06', '2025-11-27', 'Feature_08_132', 1, 934, 154.4091, 'Segment_00', '2025-05-05', 'Feature_08_138', 1, 940, 161.2663, 'Segment_06', '2025-11-11', 'Feature_08_144', 1, 946, 168.1234, 'Segment_00', '2025-05-17', 'Feature_08_150', 1, 952, 174.9805, 'Segment_06', '2025-11-23', 'Feature_08_156', 1, 958, 181.8377, 'Segment_00', '2025-05-01', 'Feature_08_162', 1, 964, 188.6948, 'Segment_06', '2025-11-07', 'Feature_08_168', 1, 970, 195.5520, 'Segment_00', '2025-05-13', 'Feature_08_174', 1, 976, 202.4091, 'Segment_06', '2025-11-19', 'Feature_08_180', 1, 982, 209.2663, 'Segment_00', '2025-05-25', 'Feature_08_186', 1, 988, 216.1234, 'Segment_06', '2025-11-03', 'Feature_08_192', 1, 994, 222.9805, 'Segment_00', '2025-05-09', 'Feature_08_198', 1, 1000, 229.8377, 'Segment_06', '2025-11-15', 'Feature_08_204', 1, 1006, 236.6948, 'Segment_00', '2025-05-21', 'Feature_08_210', 1, 1012, 243.5520, 'Segment_06', '2025-11-27', 'Feature_08_216', 1, 1018, 250.4091, 'Segment_00', '2025-05-05', 'Feature_08_222', 1, 1024, 257.2663, 'Segment_06', '2025-11-11', 'Feature_08_228', 1, 1030, 264.1234, 'Segment_00', '2025-05-17', 'Feature_08_234', 1, 1036, 270.9805, 'Segment_06', '2025-11-23', 'Feature_08_240', 1, 1042, 277.8377, 'Segment_00', '2025-05-01', 'Feature_08_246', 1, 1048, 284.6948, 'Segment_06', '2025-11-07', 'Feature_08_252', 1, 1054, 291.5520, 'Segment_00', '2025-05-13', 'Feature_08_258', 1, 1060, 298.4091, 'Segment_06', '2025-11-19', 'Feature_08_264', 1, 1066, 305.2663, 'Segment_00', '2025-05-25', 'Feature_08_270', 1, 1072, 312.1234, 'Segment_06', '2025-11-03', 'Feature_08_276', 1, 1078, 318.9805, 'Segment_00', '2025-05-09', 'Feature_08_282', 1, 1084, 325.8377, 'Segment_06', '2025-11-15', 'Feature_08_288', 1, 1090, 332.6948, 'Segment_00', '2025-05-21', 'Feature_08_294', 1, 1096, 339.5520, 'Segment_06', '2025-11-27', 'Feature_08_300', 1, 1102, 346.4091, 'Segment_00', '2025-05-05', 'Feature_08_306', 1, 1108, 353.2663, 'Segment_06', '2025-11-11', 'Feature_08_312', 1, 1114, 360.1234, 'Segment_00', '2025-05-17', 'Feature_08_318', 1, 1120, 366.9805, 'Segment_06', '2025-11-23', 'Feature_08_324', 1, 1126, 373.8377, 'Segment_00', '2025-05-01', 'Feature_08_330', 1, 1132, 380.6948, 'Segment_06', '2025-11-07', 'Feature_08_336', 1, 1138, 387.5520, 'Segment_00', '2025-05-13', 'Feature_08_342', 1, 1144, 394.4091, 'Segment_06', '2025-11-19', 'Feature_08_348', 1, 1150, 401.2663, 'Segment_00', '2025-05-25', 'Feature_08_354', 1, 1156, 408.1234, 'Segment_06', '2025-11-03', 'Feature_08_360', 1, 1162, 414.9805, 'Segment_00', '2025-05-09', 'Feature_08_366', 1, 1168, 421.8377, 'Segment_06', '2025-11-15', 'Feature_08_372', 1, 1174, 428.6948, 'Segment_00', '2025-05-21', 'Feature_08_378', 1, 1180, 435.5520, 'Segment_06', '2025-11-27', 'Feature_08_384', 1, 1186, 442.4091, 'Segment_00', '2025-05-05', 'Feature_08_390', 1, 1192, 449.2663, 'Segment_06', '2025-11-11', 'Feature_08_396', 1, 1198, 456.1234, 'Segment_00', '2025-05-17', 'Feature_08_402', 1, 1204, 462.9805, 'Segment_06', '2025-11-23', 'Feature_08_408', 1, 1210, 469.8377, 'Segment_00', '2025-05-01', 'Feature_08_414', 1, 1216, 476.6948, 'Segment_06', '2025-11-07', 'Feature_08_420', 1, 1222, 483.5520, 'Segment_00', '2025-05-13', 'Feature_08_426', 1, 1228, 490.4091, 'Segment_06', '2025-11-19', 'Feature_08_432', 1, 1234, 497.2663, 'Segment_00', '2025-05-25', 'Feature_08_438', 1, 1240, 504.1234, 'Segment_06', '2025-11-03', 'Feature_08_444', 1, 1246, 510.9805, 'Segment_00', '2025-05-09', 'Feature_08_450', 1, 1252, 517.8377, 'Segment_06', '2025-11-15', 'Feature_08_456', 1, 1258, 524.6948, 'Segment_00', '2025-05-21', 'Feature_08_462'),
  (10009, '2025-04-09', 'User 9', 'ID000009****', 13800000009, 1, 33, '55+', 'Suzhou', 'Jiangsu', 3, 'Designer', '2024-09-09', 'Gold', 211.1104, 95.9999, 48.9998, 48.9997, 51.9996, 18.9995, 1, 1, 0, 11, 663, 'B', 5, 'Mini Program', 27, '2025-04-15', 'High Active', 'Dormant', 0.1800, 1799.9200, '["demo","english","wide-table"]', 1, '2025-04-09 09:09:00', '2025-04-09 10:09:00', 0, 902, 3.9805, 'Segment_01', '2025-05-14', 'Feature_09_006', 0, 908, 11.6948, 'Segment_07', '2025-11-20', 'Feature_09_012', 0, 914, 19.4091, 'Segment_01', '2025-05-26', 'Feature_09_018', 0, 920, 27.1234, 'Segment_07', '2025-11-04', 'Feature_09_024', 0, 926, 34.8377, 'Segment_01', '2025-05-10', 'Feature_09_030', 0, 932, 42.5520, 'Segment_07', '2025-11-16', 'Feature_09_036', 0, 938, 50.2663, 'Segment_01', '2025-05-22', 'Feature_09_042', 0, 944, 57.9805, 'Segment_07', '2025-11-28', 'Feature_09_048', 0, 950, 65.6948, 'Segment_01', '2025-05-06', 'Feature_09_054', 0, 956, 73.4091, 'Segment_07', '2025-11-12', 'Feature_09_060', 0, 962, 81.1234, 'Segment_01', '2025-05-18', 'Feature_09_066', 0, 968, 88.8377, 'Segment_07', '2025-11-24', 'Feature_09_072', 0, 974, 96.5520, 'Segment_01', '2025-05-02', 'Feature_09_078', 0, 980, 104.2663, 'Segment_07', '2025-11-08', 'Feature_09_084', 0, 986, 111.9805, 'Segment_01', '2025-05-14', 'Feature_09_090', 0, 992, 119.6948, 'Segment_07', '2025-11-20', 'Feature_09_096', 0, 998, 127.4091, 'Segment_01', '2025-05-26', 'Feature_09_102', 0, 1004, 135.1234, 'Segment_07', '2025-11-04', 'Feature_09_108', 0, 1010, 142.8377, 'Segment_01', '2025-05-10', 'Feature_09_114', 0, 1016, 150.5520, 'Segment_07', '2025-11-16', 'Feature_09_120', 0, 1022, 158.2663, 'Segment_01', '2025-05-22', 'Feature_09_126', 0, 1028, 165.9805, 'Segment_07', '2025-11-28', 'Feature_09_132', 0, 1034, 173.6948, 'Segment_01', '2025-05-06', 'Feature_09_138', 0, 1040, 181.4091, 'Segment_07', '2025-11-12', 'Feature_09_144', 0, 1046, 189.1234, 'Segment_01', '2025-05-18', 'Feature_09_150', 0, 1052, 196.8377, 'Segment_07', '2025-11-24', 'Feature_09_156', 0, 1058, 204.5520, 'Segment_01', '2025-05-02', 'Feature_09_162', 0, 1064, 212.2663, 'Segment_07', '2025-11-08', 'Feature_09_168', 0, 1070, 219.9805, 'Segment_01', '2025-05-14', 'Feature_09_174', 0, 1076, 227.6948, 'Segment_07', '2025-11-20', 'Feature_09_180', 0, 1082, 235.4091, 'Segment_01', '2025-05-26', 'Feature_09_186', 0, 1088, 243.1234, 'Segment_07', '2025-11-04', 'Feature_09_192', 0, 1094, 250.8377, 'Segment_01', '2025-05-10', 'Feature_09_198', 0, 1100, 258.5520, 'Segment_07', '2025-11-16', 'Feature_09_204', 0, 1106, 266.2663, 'Segment_01', '2025-05-22', 'Feature_09_210', 0, 1112, 273.9805, 'Segment_07', '2025-11-28', 'Feature_09_216', 0, 1118, 281.6948, 'Segment_01', '2025-05-06', 'Feature_09_222', 0, 1124, 289.4091, 'Segment_07', '2025-11-12', 'Feature_09_228', 0, 1130, 297.1234, 'Segment_01', '2025-05-18', 'Feature_09_234', 0, 1136, 304.8377, 'Segment_07', '2025-11-24', 'Feature_09_240', 0, 1142, 312.5520, 'Segment_01', '2025-05-02', 'Feature_09_246', 0, 1148, 320.2663, 'Segment_07', '2025-11-08', 'Feature_09_252', 0, 1154, 327.9805, 'Segment_01', '2025-05-14', 'Feature_09_258', 0, 1160, 335.6948, 'Segment_07', '2025-11-20', 'Feature_09_264', 0, 1166, 343.4091, 'Segment_01', '2025-05-26', 'Feature_09_270', 0, 1172, 351.1234, 'Segment_07', '2025-11-04', 'Feature_09_276', 0, 1178, 358.8377, 'Segment_01', '2025-05-10', 'Feature_09_282', 0, 1184, 366.5520, 'Segment_07', '2025-11-16', 'Feature_09_288', 0, 1190, 374.2663, 'Segment_01', '2025-05-22', 'Feature_09_294', 0, 1196, 381.9805, 'Segment_07', '2025-11-28', 'Feature_09_300', 0, 1202, 389.6948, 'Segment_01', '2025-05-06', 'Feature_09_306', 0, 1208, 397.4091, 'Segment_07', '2025-11-12', 'Feature_09_312', 0, 1214, 405.1234, 'Segment_01', '2025-05-18', 'Feature_09_318', 0, 1220, 412.8377, 'Segment_07', '2025-11-24', 'Feature_09_324', 0, 1226, 420.5520, 'Segment_01', '2025-05-02', 'Feature_09_330', 0, 1232, 428.2663, 'Segment_07', '2025-11-08', 'Feature_09_336', 0, 1238, 435.9805, 'Segment_01', '2025-05-14', 'Feature_09_342', 0, 1244, 443.6948, 'Segment_07', '2025-11-20', 'Feature_09_348', 0, 1250, 451.4091, 'Segment_01', '2025-05-26', 'Feature_09_354', 0, 1256, 459.1234, 'Segment_07', '2025-11-04', 'Feature_09_360', 0, 1262, 466.8377, 'Segment_01', '2025-05-10', 'Feature_09_366', 0, 1268, 474.5520, 'Segment_07', '2025-11-16', 'Feature_09_372', 0, 1274, 482.2663, 'Segment_01', '2025-05-22', 'Feature_09_378', 0, 1280, 489.9805, 'Segment_07', '2025-11-28', 'Feature_09_384', 0, 1286, 497.6948, 'Segment_01', '2025-05-06', 'Feature_09_390', 0, 1292, 505.4091, 'Segment_07', '2025-11-12', 'Feature_09_396', 0, 1298, 513.1234, 'Segment_01', '2025-05-18', 'Feature_09_402', 0, 1304, 520.8377, 'Segment_07', '2025-11-24', 'Feature_09_408', 0, 1310, 528.5520, 'Segment_01', '2025-05-02', 'Feature_09_414', 0, 1316, 536.2663, 'Segment_07', '2025-11-08', 'Feature_09_420', 0, 1322, 543.9805, 'Segment_01', '2025-05-14', 'Feature_09_426', 0, 1328, 551.6948, 'Segment_07', '2025-11-20', 'Feature_09_432', 0, 1334, 559.4091, 'Segment_01', '2025-05-26', 'Feature_09_438', 0, 1340, 567.1234, 'Segment_07', '2025-11-04', 'Feature_09_444', 0, 1346, 574.8377, 'Segment_01', '2025-05-10', 'Feature_09_450', 0, 1352, 582.5520, 'Segment_07', '2025-11-16', 'Feature_09_456', 0, 1358, 590.2663, 'Segment_01', '2025-05-22', 'Feature_09_462'),
  (10010, '2025-04-10', 'User 10', 'ID000010****', 13800000010, 2, 34, '18-25', 'Guangzhou', 'Guangdong', 4, 'Manager', '2024-10-10', 'Standard', 223.4560, 101.1110, 52.2220, 53.3330, 54.4440, 20.5550, 0, 1, 0, 12, 670, 'C', 1, 'API', 30, '2025-04-16', 'Medium Active', 'Churn Risk', 0.2000, 1888.8000, '["demo","english","wide-table"]', 0, '2025-04-10 09:10:00', '2025-04-10 10:10:00', 1, 1002, 4.4091, 'Segment_02', '2025-05-15', 'Feature_10_006', 1, 1008, 12.9805, 'Segment_08', '2025-11-21', 'Feature_10_012', 1, 1014, 21.5520, 'Segment_02', '2025-05-27', 'Feature_10_018', 1, 1020, 30.1234, 'Segment_08', '2025-11-05', 'Feature_10_024', 1, 1026, 38.6948, 'Segment_02', '2025-05-11', 'Feature_10_030', 1, 1032, 47.2663, 'Segment_08', '2025-11-17', 'Feature_10_036', 1, 1038, 55.8377, 'Segment_02', '2025-05-23', 'Feature_10_042', 1, 1044, 64.4091, 'Segment_08', '2025-11-01', 'Feature_10_048', 1, 1050, 72.9805, 'Segment_02', '2025-05-07', 'Feature_10_054', 1, 1056, 81.5520, 'Segment_08', '2025-11-13', 'Feature_10_060', 1, 1062, 90.1234, 'Segment_02', '2025-05-19', 'Feature_10_066', 1, 1068, 98.6948, 'Segment_08', '2025-11-25', 'Feature_10_072', 1, 1074, 107.2663, 'Segment_02', '2025-05-03', 'Feature_10_078', 1, 1080, 115.8377, 'Segment_08', '2025-11-09', 'Feature_10_084', 1, 1086, 124.4091, 'Segment_02', '2025-05-15', 'Feature_10_090', 1, 1092, 132.9805, 'Segment_08', '2025-11-21', 'Feature_10_096', 1, 1098, 141.5520, 'Segment_02', '2025-05-27', 'Feature_10_102', 1, 1104, 150.1234, 'Segment_08', '2025-11-05', 'Feature_10_108', 1, 1110, 158.6948, 'Segment_02', '2025-05-11', 'Feature_10_114', 1, 1116, 167.2663, 'Segment_08', '2025-11-17', 'Feature_10_120', 1, 1122, 175.8377, 'Segment_02', '2025-05-23', 'Feature_10_126', 1, 1128, 184.4091, 'Segment_08', '2025-11-01', 'Feature_10_132', 1, 1134, 192.9805, 'Segment_02', '2025-05-07', 'Feature_10_138', 1, 1140, 201.5520, 'Segment_08', '2025-11-13', 'Feature_10_144', 1, 1146, 210.1234, 'Segment_02', '2025-05-19', 'Feature_10_150', 1, 1152, 218.6948, 'Segment_08', '2025-11-25', 'Feature_10_156', 1, 1158, 227.2663, 'Segment_02', '2025-05-03', 'Feature_10_162', 1, 1164, 235.8377, 'Segment_08', '2025-11-09', 'Feature_10_168', 1, 1170, 244.4091, 'Segment_02', '2025-05-15', 'Feature_10_174', 1, 1176, 252.9805, 'Segment_08', '2025-11-21', 'Feature_10_180', 1, 1182, 261.5520, 'Segment_02', '2025-05-27', 'Feature_10_186', 1, 1188, 270.1234, 'Segment_08', '2025-11-05', 'Feature_10_192', 1, 1194, 278.6948, 'Segment_02', '2025-05-11', 'Feature_10_198', 1, 1200, 287.2663, 'Segment_08', '2025-11-17', 'Feature_10_204', 1, 1206, 295.8377, 'Segment_02', '2025-05-23', 'Feature_10_210', 1, 1212, 304.4091, 'Segment_08', '2025-11-01', 'Feature_10_216', 1, 1218, 312.9805, 'Segment_02', '2025-05-07', 'Feature_10_222', 1, 1224, 321.5520, 'Segment_08', '2025-11-13', 'Feature_10_228', 1, 1230, 330.1234, 'Segment_02', '2025-05-19', 'Feature_10_234', 1, 1236, 338.6948, 'Segment_08', '2025-11-25', 'Feature_10_240', 1, 1242, 347.2663, 'Segment_02', '2025-05-03', 'Feature_10_246', 1, 1248, 355.8377, 'Segment_08', '2025-11-09', 'Feature_10_252', 1, 1254, 364.4091, 'Segment_02', '2025-05-15', 'Feature_10_258', 1, 1260, 372.9805, 'Segment_08', '2025-11-21', 'Feature_10_264', 1, 1266, 381.5520, 'Segment_02', '2025-05-27', 'Feature_10_270', 1, 1272, 390.1234, 'Segment_08', '2025-11-05', 'Feature_10_276', 1, 1278, 398.6948, 'Segment_02', '2025-05-11', 'Feature_10_282', 1, 1284, 407.2663, 'Segment_08', '2025-11-17', 'Feature_10_288', 1, 1290, 415.8377, 'Segment_02', '2025-05-23', 'Feature_10_294', 1, 1296, 424.4091, 'Segment_08', '2025-11-01', 'Feature_10_300', 1, 1302, 432.9805, 'Segment_02', '2025-05-07', 'Feature_10_306', 1, 1308, 441.5520, 'Segment_08', '2025-11-13', 'Feature_10_312', 1, 1314, 450.1234, 'Segment_02', '2025-05-19', 'Feature_10_318', 1, 1320, 458.6948, 'Segment_08', '2025-11-25', 'Feature_10_324', 1, 1326, 467.2663, 'Segment_02', '2025-05-03', 'Feature_10_330', 1, 1332, 475.8377, 'Segment_08', '2025-11-09', 'Feature_10_336', 1, 1338, 484.4091, 'Segment_02', '2025-05-15', 'Feature_10_342', 1, 1344, 492.9805, 'Segment_08', '2025-11-21', 'Feature_10_348', 1, 1350, 501.5520, 'Segment_02', '2025-05-27', 'Feature_10_354', 1, 1356, 510.1234, 'Segment_08', '2025-11-05', 'Feature_10_360', 1, 1362, 518.6948, 'Segment_02', '2025-05-11', 'Feature_10_366', 1, 1368, 527.2663, 'Segment_08', '2025-11-17', 'Feature_10_372', 1, 1374, 535.8377, 'Segment_02', '2025-05-23', 'Feature_10_378', 1, 1380, 544.4091, 'Segment_08', '2025-11-01', 'Feature_10_384', 1, 1386, 552.9805, 'Segment_02', '2025-05-07', 'Feature_10_390', 1, 1392, 561.5520, 'Segment_08', '2025-11-13', 'Feature_10_396', 1, 1398, 570.1234, 'Segment_02', '2025-05-19', 'Feature_10_402', 1, 1404, 578.6948, 'Segment_08', '2025-11-25', 'Feature_10_408', 1, 1410, 587.2663, 'Segment_02', '2025-05-03', 'Feature_10_414', 1, 1416, 595.8377, 'Segment_08', '2025-11-09', 'Feature_10_420', 1, 1422, 604.4091, 'Segment_02', '2025-05-15', 'Feature_10_426', 1, 1428, 612.9805, 'Segment_08', '2025-11-21', 'Feature_10_432', 1, 1434, 621.5520, 'Segment_02', '2025-05-27', 'Feature_10_438', 1, 1440, 630.1234, 'Segment_08', '2025-11-05', 'Feature_10_444', 1, 1446, 638.6948, 'Segment_02', '2025-05-11', 'Feature_10_450', 1, 1452, 647.2663, 'Segment_08', '2025-11-17', 'Feature_10_456', 1, 1458, 655.8377, 'Segment_02', '2025-05-23', 'Feature_10_462'),
  (10011, '2025-04-11', 'User 11', 'ID000011****', 13800000011, 1, 35, '26-35', 'Beijing', 'Beijing', 5, 'Analyst', '2024-11-11', 'Private Banking', 235.8016, 106.2221, 55.4442, 57.6663, 56.8884, 22.1105, 1, 1, 0, 13, 677, 'AAA', 2, 'Mobile App', 33, '2025-04-17', 'Low Active', 'New', 0.2200, 1977.6800, '["demo","english","wide-table"]', 0, '2025-04-11 09:11:00', '2025-04-11 10:11:00', 0, 1102, 4.8377, 'Segment_03', '2025-05-16', 'Feature_11_006', 0, 1108, 14.2663, 'Segment_09', '2025-11-22', 'Feature_11_012', 0, 1114, 23.6948, 'Segment_03', '2025-05-28', 'Feature_11_018', 0, 1120, 33.1234, 'Segment_09', '2025-11-06', 'Feature_11_024', 0, 1126, 42.5520, 'Segment_03', '2025-05-12', 'Feature_11_030', 0, 1132, 51.9805, 'Segment_09', '2025-11-18', 'Feature_11_036', 0, 1138, 61.4091, 'Segment_03', '2025-05-24', 'Feature_11_042', 0, 1144, 70.8377, 'Segment_09', '2025-11-02', 'Feature_11_048', 0, 1150, 80.2663, 'Segment_03', '2025-05-08', 'Feature_11_054', 0, 1156, 89.6948, 'Segment_09', '2025-11-14', 'Feature_11_060', 0, 1162, 99.1234, 'Segment_03', '2025-05-20', 'Feature_11_066', 0, 1168, 108.5520, 'Segment_09', '2025-11-26', 'Feature_11_072', 0, 1174, 117.9805, 'Segment_03', '2025-05-04', 'Feature_11_078', 0, 1180, 127.4091, 'Segment_09', '2025-11-10', 'Feature_11_084', 0, 1186, 136.8377, 'Segment_03', '2025-05-16', 'Feature_11_090', 0, 1192, 146.2663, 'Segment_09', '2025-11-22', 'Feature_11_096', 0, 1198, 155.6948, 'Segment_03', '2025-05-28', 'Feature_11_102', 0, 1204, 165.1234, 'Segment_09', '2025-11-06', 'Feature_11_108', 0, 1210, 174.5520, 'Segment_03', '2025-05-12', 'Feature_11_114', 0, 1216, 183.9805, 'Segment_09', '2025-11-18', 'Feature_11_120', 0, 1222, 193.4091, 'Segment_03', '2025-05-24', 'Feature_11_126', 0, 1228, 202.8377, 'Segment_09', '2025-11-02', 'Feature_11_132', 0, 1234, 212.2663, 'Segment_03', '2025-05-08', 'Feature_11_138', 0, 1240, 221.6948, 'Segment_09', '2025-11-14', 'Feature_11_144', 0, 1246, 231.1234, 'Segment_03', '2025-05-20', 'Feature_11_150', 0, 1252, 240.5520, 'Segment_09', '2025-11-26', 'Feature_11_156', 0, 1258, 249.9805, 'Segment_03', '2025-05-04', 'Feature_11_162', 0, 1264, 259.4091, 'Segment_09', '2025-11-10', 'Feature_11_168', 0, 1270, 268.8377, 'Segment_03', '2025-05-16', 'Feature_11_174', 0, 1276, 278.2663, 'Segment_09', '2025-11-22', 'Feature_11_180', 0, 1282, 287.6948, 'Segment_03', '2025-05-28', 'Feature_11_186', 0, 1288, 297.1234, 'Segment_09', '2025-11-06', 'Feature_11_192', 0, 1294, 306.5520, 'Segment_03', '2025-05-12', 'Feature_11_198', 0, 1300, 315.9805, 'Segment_09', '2025-11-18', 'Feature_11_204', 0, 1306, 325.4091, 'Segment_03', '2025-05-24', 'Feature_11_210', 0, 1312, 334.8377, 'Segment_09', '2025-11-02', 'Feature_11_216', 0, 1318, 344.2663, 'Segment_03', '2025-05-08', 'Feature_11_222', 0, 1324, 353.6948, 'Segment_09', '2025-11-14', 'Feature_11_228', 0, 1330, 363.1234, 'Segment_03', '2025-05-20', 'Feature_11_234', 0, 1336, 372.5520, 'Segment_09', '2025-11-26', 'Feature_11_240', 0, 1342, 381.9805, 'Segment_03', '2025-05-04', 'Feature_11_246', 0, 1348, 391.4091, 'Segment_09', '2025-11-10', 'Feature_11_252', 0, 1354, 400.8377, 'Segment_03', '2025-05-16', 'Feature_11_258', 0, 1360, 410.2663, 'Segment_09', '2025-11-22', 'Feature_11_264', 0, 1366, 419.6948, 'Segment_03', '2025-05-28', 'Feature_11_270', 0, 1372, 429.1234, 'Segment_09', '2025-11-06', 'Feature_11_276', 0, 1378, 438.5520, 'Segment_03', '2025-05-12', 'Feature_11_282', 0, 1384, 447.9805, 'Segment_09', '2025-11-18', 'Feature_11_288', 0, 1390, 457.4091, 'Segment_03', '2025-05-24', 'Feature_11_294', 0, 1396, 466.8377, 'Segment_09', '2025-11-02', 'Feature_11_300', 0, 1402, 476.2663, 'Segment_03', '2025-05-08', 'Feature_11_306', 0, 1408, 485.6948, 'Segment_09', '2025-11-14', 'Feature_11_312', 0, 1414, 495.1234, 'Segment_03', '2025-05-20', 'Feature_11_318', 0, 1420, 504.5520, 'Segment_09', '2025-11-26', 'Feature_11_324', 0, 1426, 513.9805, 'Segment_03', '2025-05-04', 'Feature_11_330', 0, 1432, 523.4091, 'Segment_09', '2025-11-10', 'Feature_11_336', 0, 1438, 532.8377, 'Segment_03', '2025-05-16', 'Feature_11_342', 0, 1444, 542.2663, 'Segment_09', '2025-11-22', 'Feature_11_348', 0, 1450, 551.6948, 'Segment_03', '2025-05-28', 'Feature_11_354', 0, 1456, 561.1234, 'Segment_09', '2025-11-06', 'Feature_11_360', 0, 1462, 570.5520, 'Segment_03', '2025-05-12', 'Feature_11_366', 0, 1468, 579.9805, 'Segment_09', '2025-11-18', 'Feature_11_372', 0, 1474, 589.4091, 'Segment_03', '2025-05-24', 'Feature_11_378', 0, 1480, 598.8377, 'Segment_09', '2025-11-02', 'Feature_11_384', 0, 1486, 608.2663, 'Segment_03', '2025-05-08', 'Feature_11_390', 0, 1492, 617.6948, 'Segment_09', '2025-11-14', 'Feature_11_396', 0, 1498, 627.1234, 'Segment_03', '2025-05-20', 'Feature_11_402', 0, 1504, 636.5520, 'Segment_09', '2025-11-26', 'Feature_11_408', 0, 1510, 645.9805, 'Segment_03', '2025-05-04', 'Feature_11_414', 0, 1516, 655.4091, 'Segment_09', '2025-11-10', 'Feature_11_420', 0, 1522, 664.8377, 'Segment_03', '2025-05-16', 'Feature_11_426', 0, 1528, 674.2663, 'Segment_09', '2025-11-22', 'Feature_11_432', 0, 1534, 683.6948, 'Segment_03', '2025-05-28', 'Feature_11_438', 0, 1540, 693.1234, 'Segment_09', '2025-11-06', 'Feature_11_444', 0, 1546, 702.5520, 'Segment_03', '2025-05-12', 'Feature_11_450', 0, 1552, 711.9805, 'Segment_09', '2025-11-18', 'Feature_11_456', 0, 1558, 721.4091, 'Segment_03', '2025-05-24', 'Feature_11_462'),
  (10012, '2025-04-12', 'User 12', 'ID000012****', 13800000012, 2, 36, '36-45', 'Shanghai', 'Shanghai', 6, 'Engineer', '2024-12-12', 'Diamond', 248.1472, 111.3332, 58.6664, 61.9996, 59.3328, 23.6660, 0, 1, 1, 2, 684, 'AA', 3, 'Branch', 36, '2025-04-18', 'Dormant', 'Growing', 0.2400, 2066.5600, '["demo","english","wide-table"]', 0, '2025-04-12 09:12:00', '2025-04-12 10:12:00', 1, 1202, 5.2663, 'Segment_04', '2025-05-17', 'Feature_12_006', 1, 1208, 15.5520, 'Segment_10', '2025-11-23', 'Feature_12_012', 1, 1214, 25.8377, 'Segment_04', '2025-05-01', 'Feature_12_018', 1, 1220, 36.1234, 'Segment_10', '2025-11-07', 'Feature_12_024', 1, 1226, 46.4091, 'Segment_04', '2025-05-13', 'Feature_12_030', 1, 1232, 56.6948, 'Segment_10', '2025-11-19', 'Feature_12_036', 1, 1238, 66.9805, 'Segment_04', '2025-05-25', 'Feature_12_042', 1, 1244, 77.2663, 'Segment_10', '2025-11-03', 'Feature_12_048', 1, 1250, 87.5520, 'Segment_04', '2025-05-09', 'Feature_12_054', 1, 1256, 97.8377, 'Segment_10', '2025-11-15', 'Feature_12_060', 1, 1262, 108.1234, 'Segment_04', '2025-05-21', 'Feature_12_066', 1, 1268, 118.4091, 'Segment_10', '2025-11-27', 'Feature_12_072', 1, 1274, 128.6948, 'Segment_04', '2025-05-05', 'Feature_12_078', 1, 1280, 138.9805, 'Segment_10', '2025-11-11', 'Feature_12_084', 1, 1286, 149.2663, 'Segment_04', '2025-05-17', 'Feature_12_090', 1, 1292, 159.5520, 'Segment_10', '2025-11-23', 'Feature_12_096', 1, 1298, 169.8377, 'Segment_04', '2025-05-01', 'Feature_12_102', 1, 1304, 180.1234, 'Segment_10', '2025-11-07', 'Feature_12_108', 1, 1310, 190.4091, 'Segment_04', '2025-05-13', 'Feature_12_114', 1, 1316, 200.6948, 'Segment_10', '2025-11-19', 'Feature_12_120', 1, 1322, 210.9805, 'Segment_04', '2025-05-25', 'Feature_12_126', 1, 1328, 221.2663, 'Segment_10', '2025-11-03', 'Feature_12_132', 1, 1334, 231.5520, 'Segment_04', '2025-05-09', 'Feature_12_138', 1, 1340, 241.8377, 'Segment_10', '2025-11-15', 'Feature_12_144', 1, 1346, 252.1234, 'Segment_04', '2025-05-21', 'Feature_12_150', 1, 1352, 262.4091, 'Segment_10', '2025-11-27', 'Feature_12_156', 1, 1358, 272.6948, 'Segment_04', '2025-05-05', 'Feature_12_162', 1, 1364, 282.9805, 'Segment_10', '2025-11-11', 'Feature_12_168', 1, 1370, 293.2663, 'Segment_04', '2025-05-17', 'Feature_12_174', 1, 1376, 303.5520, 'Segment_10', '2025-11-23', 'Feature_12_180', 1, 1382, 313.8377, 'Segment_04', '2025-05-01', 'Feature_12_186', 1, 1388, 324.1234, 'Segment_10', '2025-11-07', 'Feature_12_192', 1, 1394, 334.4091, 'Segment_04', '2025-05-13', 'Feature_12_198', 1, 1400, 344.6948, 'Segment_10', '2025-11-19', 'Feature_12_204', 1, 1406, 354.9805, 'Segment_04', '2025-05-25', 'Feature_12_210', 1, 1412, 365.2663, 'Segment_10', '2025-11-03', 'Feature_12_216', 1, 1418, 375.5520, 'Segment_04', '2025-05-09', 'Feature_12_222', 1, 1424, 385.8377, 'Segment_10', '2025-11-15', 'Feature_12_228', 1, 1430, 396.1234, 'Segment_04', '2025-05-21', 'Feature_12_234', 1, 1436, 406.4091, 'Segment_10', '2025-11-27', 'Feature_12_240', 1, 1442, 416.6948, 'Segment_04', '2025-05-05', 'Feature_12_246', 1, 1448, 426.9805, 'Segment_10', '2025-11-11', 'Feature_12_252', 1, 1454, 437.2663, 'Segment_04', '2025-05-17', 'Feature_12_258', 1, 1460, 447.5520, 'Segment_10', '2025-11-23', 'Feature_12_264', 1, 1466, 457.8377, 'Segment_04', '2025-05-01', 'Feature_12_270', 1, 1472, 468.1234, 'Segment_10', '2025-11-07', 'Feature_12_276', 1, 1478, 478.4091, 'Segment_04', '2025-05-13', 'Feature_12_282', 1, 1484, 488.6948, 'Segment_10', '2025-11-19', 'Feature_12_288', 1, 1490, 498.9805, 'Segment_04', '2025-05-25', 'Feature_12_294', 1, 1496, 509.2663, 'Segment_10', '2025-11-03', 'Feature_12_300', 1, 1502, 519.5520, 'Segment_04', '2025-05-09', 'Feature_12_306', 1, 1508, 529.8377, 'Segment_10', '2025-11-15', 'Feature_12_312', 1, 1514, 540.1234, 'Segment_04', '2025-05-21', 'Feature_12_318', 1, 1520, 550.4091, 'Segment_10', '2025-11-27', 'Feature_12_324', 1, 1526, 560.6948, 'Segment_04', '2025-05-05', 'Feature_12_330', 1, 1532, 570.9805, 'Segment_10', '2025-11-11', 'Feature_12_336', 1, 1538, 581.2663, 'Segment_04', '2025-05-17', 'Feature_12_342', 1, 1544, 591.5520, 'Segment_10', '2025-11-23', 'Feature_12_348', 1, 1550, 601.8377, 'Segment_04', '2025-05-01', 'Feature_12_354', 1, 1556, 612.1234, 'Segment_10', '2025-11-07', 'Feature_12_360', 1, 1562, 622.4091, 'Segment_04', '2025-05-13', 'Feature_12_366', 1, 1568, 632.6948, 'Segment_10', '2025-11-19', 'Feature_12_372', 1, 1574, 642.9805, 'Segment_04', '2025-05-25', 'Feature_12_378', 1, 1580, 653.2663, 'Segment_10', '2025-11-03', 'Feature_12_384', 1, 1586, 663.5520, 'Segment_04', '2025-05-09', 'Feature_12_390', 1, 1592, 673.8377, 'Segment_10', '2025-11-15', 'Feature_12_396', 1, 1598, 684.1234, 'Segment_04', '2025-05-21', 'Feature_12_402', 1, 1604, 694.4091, 'Segment_10', '2025-11-27', 'Feature_12_408', 1, 1610, 704.6948, 'Segment_04', '2025-05-05', 'Feature_12_414', 1, 1616, 714.9805, 'Segment_10', '2025-11-11', 'Feature_12_420', 1, 1622, 725.2663, 'Segment_04', '2025-05-17', 'Feature_12_426', 1, 1628, 735.5520, 'Segment_10', '2025-11-23', 'Feature_12_432', 1, 1634, 745.8377, 'Segment_04', '2025-05-01', 'Feature_12_438', 1, 1640, 756.1234, 'Segment_10', '2025-11-07', 'Feature_12_444', 1, 1646, 766.4091, 'Segment_04', '2025-05-13', 'Feature_12_450', 1, 1652, 776.6948, 'Segment_10', '2025-11-19', 'Feature_12_456', 1, 1658, 786.9805, 'Segment_04', '2025-05-25', 'Feature_12_462'),
  (10013, '2025-04-13', 'User 13', 'ID000013****', 13800000013, 1, 37, '46-55', 'Shenzhen', 'Guangdong', 7, 'Teacher', '2024-01-13', 'Platinum', 260.4928, 116.4443, 61.8886, 66.3329, 61.7772, 25.2215, 1, 1, 0, 3, 691, 'A', 4, 'Web', 39, '2025-04-19', 'High Active', 'Mature', 0.2600, 2155.4400, '["demo","english","wide-table"]', 0, '2025-04-13 09:13:00', '2025-04-13 10:13:00', 0, 1302, 5.6948, 'Segment_05', '2025-05-18', 'Feature_13_006', 0, 1308, 16.8377, 'Segment_11', '2025-11-24', 'Feature_13_012', 0, 1314, 27.9805, 'Segment_05', '2025-05-02', 'Feature_13_018', 0, 1320, 39.1234, 'Segment_11', '2025-11-08', 'Feature_13_024', 0, 1326, 50.2663, 'Segment_05', '2025-05-14', 'Feature_13_030', 0, 1332, 61.4091, 'Segment_11', '2025-11-20', 'Feature_13_036', 0, 1338, 72.5520, 'Segment_05', '2025-05-26', 'Feature_13_042', 0, 1344, 83.6948, 'Segment_11', '2025-11-04', 'Feature_13_048', 0, 1350, 94.8377, 'Segment_05', '2025-05-10', 'Feature_13_054', 0, 1356, 105.9805, 'Segment_11', '2025-11-16', 'Feature_13_060', 0, 1362, 117.1234, 'Segment_05', '2025-05-22', 'Feature_13_066', 0, 1368, 128.2663, 'Segment_11', '2025-11-28', 'Feature_13_072', 0, 1374, 139.4091, 'Segment_05', '2025-05-06', 'Feature_13_078', 0, 1380, 150.5520, 'Segment_11', '2025-11-12', 'Feature_13_084', 0, 1386, 161.6948, 'Segment_05', '2025-05-18', 'Feature_13_090', 0, 1392, 172.8377, 'Segment_11', '2025-11-24', 'Feature_13_096', 0, 1398, 183.9805, 'Segment_05', '2025-05-02', 'Feature_13_102', 0, 1404, 195.1234, 'Segment_11', '2025-11-08', 'Feature_13_108', 0, 1410, 206.2663, 'Segment_05', '2025-05-14', 'Feature_13_114', 0, 1416, 217.4091, 'Segment_11', '2025-11-20', 'Feature_13_120', 0, 1422, 228.5520, 'Segment_05', '2025-05-26', 'Feature_13_126', 0, 1428, 239.6948, 'Segment_11', '2025-11-04', 'Feature_13_132', 0, 1434, 250.8377, 'Segment_05', '2025-05-10', 'Feature_13_138', 0, 1440, 261.9805, 'Segment_11', '2025-11-16', 'Feature_13_144', 0, 1446, 273.1234, 'Segment_05', '2025-05-22', 'Feature_13_150', 0, 1452, 284.2663, 'Segment_11', '2025-11-28', 'Feature_13_156', 0, 1458, 295.4091, 'Segment_05', '2025-05-06', 'Feature_13_162', 0, 1464, 306.5520, 'Segment_11', '2025-11-12', 'Feature_13_168', 0, 1470, 317.6948, 'Segment_05', '2025-05-18', 'Feature_13_174', 0, 1476, 328.8377, 'Segment_11', '2025-11-24', 'Feature_13_180', 0, 1482, 339.9805, 'Segment_05', '2025-05-02', 'Feature_13_186', 0, 1488, 351.1234, 'Segment_11', '2025-11-08', 'Feature_13_192', 0, 1494, 362.2663, 'Segment_05', '2025-05-14', 'Feature_13_198', 0, 1500, 373.4091, 'Segment_11', '2025-11-20', 'Feature_13_204', 0, 1506, 384.5520, 'Segment_05', '2025-05-26', 'Feature_13_210', 0, 1512, 395.6948, 'Segment_11', '2025-11-04', 'Feature_13_216', 0, 1518, 406.8377, 'Segment_05', '2025-05-10', 'Feature_13_222', 0, 1524, 417.9805, 'Segment_11', '2025-11-16', 'Feature_13_228', 0, 1530, 429.1234, 'Segment_05', '2025-05-22', 'Feature_13_234', 0, 1536, 440.2663, 'Segment_11', '2025-11-28', 'Feature_13_240', 0, 1542, 451.4091, 'Segment_05', '2025-05-06', 'Feature_13_246', 0, 1548, 462.5520, 'Segment_11', '2025-11-12', 'Feature_13_252', 0, 1554, 473.6948, 'Segment_05', '2025-05-18', 'Feature_13_258', 0, 1560, 484.8377, 'Segment_11', '2025-11-24', 'Feature_13_264', 0, 1566, 495.9805, 'Segment_05', '2025-05-02', 'Feature_13_270', 0, 1572, 507.1234, 'Segment_11', '2025-11-08', 'Feature_13_276', 0, 1578, 518.2663, 'Segment_05', '2025-05-14', 'Feature_13_282', 0, 1584, 529.4091, 'Segment_11', '2025-11-20', 'Feature_13_288', 0, 1590, 540.5520, 'Segment_05', '2025-05-26', 'Feature_13_294', 0, 1596, 551.6948, 'Segment_11', '2025-11-04', 'Feature_13_300', 0, 1602, 562.8377, 'Segment_05', '2025-05-10', 'Feature_13_306', 0, 1608, 573.9805, 'Segment_11', '2025-11-16', 'Feature_13_312', 0, 1614, 585.1234, 'Segment_05', '2025-05-22', 'Feature_13_318', 0, 1620, 596.2663, 'Segment_11', '2025-11-28', 'Feature_13_324', 0, 1626, 607.4091, 'Segment_05', '2025-05-06', 'Feature_13_330', 0, 1632, 618.5520, 'Segment_11', '2025-11-12', 'Feature_13_336', 0, 1638, 629.6948, 'Segment_05', '2025-05-18', 'Feature_13_342', 0, 1644, 640.8377, 'Segment_11', '2025-11-24', 'Feature_13_348', 0, 1650, 651.9805, 'Segment_05', '2025-05-02', 'Feature_13_354', 0, 1656, 663.1234, 'Segment_11', '2025-11-08', 'Feature_13_360', 0, 1662, 674.2663, 'Segment_05', '2025-05-14', 'Feature_13_366', 0, 1668, 685.4091, 'Segment_11', '2025-11-20', 'Feature_13_372', 0, 1674, 696.5520, 'Segment_05', '2025-05-26', 'Feature_13_378', 0, 1680, 707.6948, 'Segment_11', '2025-11-04', 'Feature_13_384', 0, 1686, 718.8377, 'Segment_05', '2025-05-10', 'Feature_13_390', 0, 1692, 729.9805, 'Segment_11', '2025-11-16', 'Feature_13_396', 0, 1698, 741.1234, 'Segment_05', '2025-05-22', 'Feature_13_402', 0, 1704, 752.2663, 'Segment_11', '2025-11-28', 'Feature_13_408', 0, 1710, 763.4091, 'Segment_05', '2025-05-06', 'Feature_13_414', 0, 1716, 774.5520, 'Segment_11', '2025-11-12', 'Feature_13_420', 0, 1722, 785.6948, 'Segment_05', '2025-05-18', 'Feature_13_426', 0, 1728, 796.8377, 'Segment_11', '2025-11-24', 'Feature_13_432', 0, 1734, 807.9805, 'Segment_05', '2025-05-02', 'Feature_13_438', 0, 1740, 819.1234, 'Segment_11', '2025-11-08', 'Feature_13_444', 0, 1746, 830.2663, 'Segment_05', '2025-05-14', 'Feature_13_450', 0, 1752, 841.4091, 'Segment_11', '2025-11-20', 'Feature_13_456', 0, 1758, 852.5520, 'Segment_05', '2025-05-26', 'Feature_13_462'),
  (10014, '2025-04-14', 'User 14', 'ID000014****', 13800000014, 2, 38, '55+', 'Hangzhou', 'Zhejiang', 1, 'Doctor', '2024-02-14', 'Gold', 272.8384, 121.5554, 65.1108, 70.6662, 64.2216, 26.7770, 0, 1, 0, 4, 698, 'B', 5, 'Mini Program', 42, '2025-04-20', 'Medium Active', 'Dormant', 0.2800, 2244.3200, '["demo","english","wide-table"]', 0, '2025-04-14 09:14:00', '2025-04-14 10:14:00', 1, 1402, 6.1234, 'Segment_06', '2025-05-19', 'Feature_14_006', 1, 1408, 18.1234, 'Segment_00', '2025-11-25', 'Feature_14_012', 1, 1414, 30.1234, 'Segment_06', '2025-05-03', 'Feature_14_018', 1, 1420, 42.1234, 'Segment_00', '2025-11-09', 'Feature_14_024', 1, 1426, 54.1234, 'Segment_06', '2025-05-15', 'Feature_14_030', 1, 1432, 66.1234, 'Segment_00', '2025-11-21', 'Feature_14_036', 1, 1438, 78.1234, 'Segment_06', '2025-05-27', 'Feature_14_042', 1, 1444, 90.1234, 'Segment_00', '2025-11-05', 'Feature_14_048', 1, 1450, 102.1234, 'Segment_06', '2025-05-11', 'Feature_14_054', 1, 1456, 114.1234, 'Segment_00', '2025-11-17', 'Feature_14_060', 1, 1462, 126.1234, 'Segment_06', '2025-05-23', 'Feature_14_066', 1, 1468, 138.1234, 'Segment_00', '2025-11-01', 'Feature_14_072', 1, 1474, 150.1234, 'Segment_06', '2025-05-07', 'Feature_14_078', 1, 1480, 162.1234, 'Segment_00', '2025-11-13', 'Feature_14_084', 1, 1486, 174.1234, 'Segment_06', '2025-05-19', 'Feature_14_090', 1, 1492, 186.1234, 'Segment_00', '2025-11-25', 'Feature_14_096', 1, 1498, 198.1234, 'Segment_06', '2025-05-03', 'Feature_14_102', 1, 1504, 210.1234, 'Segment_00', '2025-11-09', 'Feature_14_108', 1, 1510, 222.1234, 'Segment_06', '2025-05-15', 'Feature_14_114', 1, 1516, 234.1234, 'Segment_00', '2025-11-21', 'Feature_14_120', 1, 1522, 246.1234, 'Segment_06', '2025-05-27', 'Feature_14_126', 1, 1528, 258.1234, 'Segment_00', '2025-11-05', 'Feature_14_132', 1, 1534, 270.1234, 'Segment_06', '2025-05-11', 'Feature_14_138', 1, 1540, 282.1234, 'Segment_00', '2025-11-17', 'Feature_14_144', 1, 1546, 294.1234, 'Segment_06', '2025-05-23', 'Feature_14_150', 1, 1552, 306.1234, 'Segment_00', '2025-11-01', 'Feature_14_156', 1, 1558, 318.1234, 'Segment_06', '2025-05-07', 'Feature_14_162', 1, 1564, 330.1234, 'Segment_00', '2025-11-13', 'Feature_14_168', 1, 1570, 342.1234, 'Segment_06', '2025-05-19', 'Feature_14_174', 1, 1576, 354.1234, 'Segment_00', '2025-11-25', 'Feature_14_180', 1, 1582, 366.1234, 'Segment_06', '2025-05-03', 'Feature_14_186', 1, 1588, 378.1234, 'Segment_00', '2025-11-09', 'Feature_14_192', 1, 1594, 390.1234, 'Segment_06', '2025-05-15', 'Feature_14_198', 1, 1600, 402.1234, 'Segment_00', '2025-11-21', 'Feature_14_204', 1, 1606, 414.1234, 'Segment_06', '2025-05-27', 'Feature_14_210', 1, 1612, 426.1234, 'Segment_00', '2025-11-05', 'Feature_14_216', 1, 1618, 438.1234, 'Segment_06', '2025-05-11', 'Feature_14_222', 1, 1624, 450.1234, 'Segment_00', '2025-11-17', 'Feature_14_228', 1, 1630, 462.1234, 'Segment_06', '2025-05-23', 'Feature_14_234', 1, 1636, 474.1234, 'Segment_00', '2025-11-01', 'Feature_14_240', 1, 1642, 486.1234, 'Segment_06', '2025-05-07', 'Feature_14_246', 1, 1648, 498.1234, 'Segment_00', '2025-11-13', 'Feature_14_252', 1, 1654, 510.1234, 'Segment_06', '2025-05-19', 'Feature_14_258', 1, 1660, 522.1234, 'Segment_00', '2025-11-25', 'Feature_14_264', 1, 1666, 534.1234, 'Segment_06', '2025-05-03', 'Feature_14_270', 1, 1672, 546.1234, 'Segment_00', '2025-11-09', 'Feature_14_276', 1, 1678, 558.1234, 'Segment_06', '2025-05-15', 'Feature_14_282', 1, 1684, 570.1234, 'Segment_00', '2025-11-21', 'Feature_14_288', 1, 1690, 582.1234, 'Segment_06', '2025-05-27', 'Feature_14_294', 1, 1696, 594.1234, 'Segment_00', '2025-11-05', 'Feature_14_300', 1, 1702, 606.1234, 'Segment_06', '2025-05-11', 'Feature_14_306', 1, 1708, 618.1234, 'Segment_00', '2025-11-17', 'Feature_14_312', 1, 1714, 630.1234, 'Segment_06', '2025-05-23', 'Feature_14_318', 1, 1720, 642.1234, 'Segment_00', '2025-11-01', 'Feature_14_324', 1, 1726, 654.1234, 'Segment_06', '2025-05-07', 'Feature_14_330', 1, 1732, 666.1234, 'Segment_00', '2025-11-13', 'Feature_14_336', 1, 1738, 678.1234, 'Segment_06', '2025-05-19', 'Feature_14_342', 1, 1744, 690.1234, 'Segment_00', '2025-11-25', 'Feature_14_348', 1, 1750, 702.1234, 'Segment_06', '2025-05-03', 'Feature_14_354', 1, 1756, 714.1234, 'Segment_00', '2025-11-09', 'Feature_14_360', 1, 1762, 726.1234, 'Segment_06', '2025-05-15', 'Feature_14_366', 1, 1768, 738.1234, 'Segment_00', '2025-11-21', 'Feature_14_372', 1, 1774, 750.1234, 'Segment_06', '2025-05-27', 'Feature_14_378', 1, 1780, 762.1234, 'Segment_00', '2025-11-05', 'Feature_14_384', 1, 1786, 774.1234, 'Segment_06', '2025-05-11', 'Feature_14_390', 1, 1792, 786.1234, 'Segment_00', '2025-11-17', 'Feature_14_396', 1, 1798, 798.1234, 'Segment_06', '2025-05-23', 'Feature_14_402', 1, 1804, 810.1234, 'Segment_00', '2025-11-01', 'Feature_14_408', 1, 1810, 822.1234, 'Segment_06', '2025-05-07', 'Feature_14_414', 1, 1816, 834.1234, 'Segment_00', '2025-11-13', 'Feature_14_420', 1, 1822, 846.1234, 'Segment_06', '2025-05-19', 'Feature_14_426', 1, 1828, 858.1234, 'Segment_00', '2025-11-25', 'Feature_14_432', 1, 1834, 870.1234, 'Segment_06', '2025-05-03', 'Feature_14_438', 1, 1840, 882.1234, 'Segment_00', '2025-11-09', 'Feature_14_444', 1, 1846, 894.1234, 'Segment_06', '2025-05-15', 'Feature_14_450', 1, 1852, 906.1234, 'Segment_00', '2025-11-21', 'Feature_14_456', 1, 1858, 918.1234, 'Segment_06', '2025-05-27', 'Feature_14_462'),
  (10015, '2025-04-15', 'User 15', 'ID000015****', 13800000015, 1, 39, '18-25', 'Chengdu', 'Sichuan', 2, 'Designer', '2024-03-15', 'Standard', 285.1840, 126.6665, 68.3330, 74.9995, 66.6660, 28.3325, 1, 1, 0, 5, 705, 'C', 1, 'API', 45, '2025-04-21', 'Low Active', 'Churn Risk', 0.3000, 2333.2000, '["demo","english","wide-table"]', 0, '2025-04-15 09:15:00', '2025-04-15 10:15:00', 0, 1502, 6.5520, 'Segment_07', '2025-05-20', 'Feature_15_006', 0, 1508, 19.4091, 'Segment_01', '2025-11-26', 'Feature_15_012', 0, 1514, 32.2663, 'Segment_07', '2025-05-04', 'Feature_15_018', 0, 1520, 45.1234, 'Segment_01', '2025-11-10', 'Feature_15_024', 0, 1526, 57.9805, 'Segment_07', '2025-05-16', 'Feature_15_030', 0, 1532, 70.8377, 'Segment_01', '2025-11-22', 'Feature_15_036', 0, 1538, 83.6948, 'Segment_07', '2025-05-28', 'Feature_15_042', 0, 1544, 96.5520, 'Segment_01', '2025-11-06', 'Feature_15_048', 0, 1550, 109.4091, 'Segment_07', '2025-05-12', 'Feature_15_054', 0, 1556, 122.2663, 'Segment_01', '2025-11-18', 'Feature_15_060', 0, 1562, 135.1234, 'Segment_07', '2025-05-24', 'Feature_15_066', 0, 1568, 147.9805, 'Segment_01', '2025-11-02', 'Feature_15_072', 0, 1574, 160.8377, 'Segment_07', '2025-05-08', 'Feature_15_078', 0, 1580, 173.6948, 'Segment_01', '2025-11-14', 'Feature_15_084', 0, 1586, 186.5520, 'Segment_07', '2025-05-20', 'Feature_15_090', 0, 1592, 199.4091, 'Segment_01', '2025-11-26', 'Feature_15_096', 0, 1598, 212.2663, 'Segment_07', '2025-05-04', 'Feature_15_102', 0, 1604, 225.1234, 'Segment_01', '2025-11-10', 'Feature_15_108', 0, 1610, 237.9805, 'Segment_07', '2025-05-16', 'Feature_15_114', 0, 1616, 250.8377, 'Segment_01', '2025-11-22', 'Feature_15_120', 0, 1622, 263.6948, 'Segment_07', '2025-05-28', 'Feature_15_126', 0, 1628, 276.5520, 'Segment_01', '2025-11-06', 'Feature_15_132', 0, 1634, 289.4091, 'Segment_07', '2025-05-12', 'Feature_15_138', 0, 1640, 302.2663, 'Segment_01', '2025-11-18', 'Feature_15_144', 0, 1646, 315.1234, 'Segment_07', '2025-05-24', 'Feature_15_150', 0, 1652, 327.9805, 'Segment_01', '2025-11-02', 'Feature_15_156', 0, 1658, 340.8377, 'Segment_07', '2025-05-08', 'Feature_15_162', 0, 1664, 353.6948, 'Segment_01', '2025-11-14', 'Feature_15_168', 0, 1670, 366.5520, 'Segment_07', '2025-05-20', 'Feature_15_174', 0, 1676, 379.4091, 'Segment_01', '2025-11-26', 'Feature_15_180', 0, 1682, 392.2663, 'Segment_07', '2025-05-04', 'Feature_15_186', 0, 1688, 405.1234, 'Segment_01', '2025-11-10', 'Feature_15_192', 0, 1694, 417.9805, 'Segment_07', '2025-05-16', 'Feature_15_198', 0, 1700, 430.8377, 'Segment_01', '2025-11-22', 'Feature_15_204', 0, 1706, 443.6948, 'Segment_07', '2025-05-28', 'Feature_15_210', 0, 1712, 456.5520, 'Segment_01', '2025-11-06', 'Feature_15_216', 0, 1718, 469.4091, 'Segment_07', '2025-05-12', 'Feature_15_222', 0, 1724, 482.2663, 'Segment_01', '2025-11-18', 'Feature_15_228', 0, 1730, 495.1234, 'Segment_07', '2025-05-24', 'Feature_15_234', 0, 1736, 507.9805, 'Segment_01', '2025-11-02', 'Feature_15_240', 0, 1742, 520.8377, 'Segment_07', '2025-05-08', 'Feature_15_246', 0, 1748, 533.6948, 'Segment_01', '2025-11-14', 'Feature_15_252', 0, 1754, 546.5520, 'Segment_07', '2025-05-20', 'Feature_15_258', 0, 1760, 559.4091, 'Segment_01', '2025-11-26', 'Feature_15_264', 0, 1766, 572.2663, 'Segment_07', '2025-05-04', 'Feature_15_270', 0, 1772, 585.1234, 'Segment_01', '2025-11-10', 'Feature_15_276', 0, 1778, 597.9805, 'Segment_07', '2025-05-16', 'Feature_15_282', 0, 1784, 610.8377, 'Segment_01', '2025-11-22', 'Feature_15_288', 0, 1790, 623.6948, 'Segment_07', '2025-05-28', 'Feature_15_294', 0, 1796, 636.5520, 'Segment_01', '2025-11-06', 'Feature_15_300', 0, 1802, 649.4091, 'Segment_07', '2025-05-12', 'Feature_15_306', 0, 1808, 662.2663, 'Segment_01', '2025-11-18', 'Feature_15_312', 0, 1814, 675.1234, 'Segment_07', '2025-05-24', 'Feature_15_318', 0, 1820, 687.9805, 'Segment_01', '2025-11-02', 'Feature_15_324', 0, 1826, 700.8377, 'Segment_07', '2025-05-08', 'Feature_15_330', 0, 1832, 713.6948, 'Segment_01', '2025-11-14', 'Feature_15_336', 0, 1838, 726.5520, 'Segment_07', '2025-05-20', 'Feature_15_342', 0, 1844, 739.4091, 'Segment_01', '2025-11-26', 'Feature_15_348', 0, 1850, 752.2663, 'Segment_07', '2025-05-04', 'Feature_15_354', 0, 1856, 765.1234, 'Segment_01', '2025-11-10', 'Feature_15_360', 0, 1862, 777.9805, 'Segment_07', '2025-05-16', 'Feature_15_366', 0, 1868, 790.8377, 'Segment_01', '2025-11-22', 'Feature_15_372', 0, 1874, 803.6948, 'Segment_07', '2025-05-28', 'Feature_15_378', 0, 1880, 816.5520, 'Segment_01', '2025-11-06', 'Feature_15_384', 0, 1886, 829.4091, 'Segment_07', '2025-05-12', 'Feature_15_390', 0, 1892, 842.2663, 'Segment_01', '2025-11-18', 'Feature_15_396', 0, 1898, 855.1234, 'Segment_07', '2025-05-24', 'Feature_15_402', 0, 1904, 867.9805, 'Segment_01', '2025-11-02', 'Feature_15_408', 0, 1910, 880.8377, 'Segment_07', '2025-05-08', 'Feature_15_414', 0, 1916, 893.6948, 'Segment_01', '2025-11-14', 'Feature_15_420', 0, 1922, 906.5520, 'Segment_07', '2025-05-20', 'Feature_15_426', 0, 1928, 919.4091, 'Segment_01', '2025-11-26', 'Feature_15_432', 0, 1934, 932.2663, 'Segment_07', '2025-05-04', 'Feature_15_438', 0, 1940, 945.1234, 'Segment_01', '2025-11-10', 'Feature_15_444', 0, 1946, 957.9805, 'Segment_07', '2025-05-16', 'Feature_15_450', 0, 1952, 970.8377, 'Segment_01', '2025-11-22', 'Feature_15_456', 0, 1958, 983.6948, 'Segment_07', '2025-05-28', 'Feature_15_462'),
  (10016, '2025-04-16', 'User 16', 'ID000016****', 13800000016, 2, 40, '26-35', 'Nanjing', 'Jiangsu', 3, 'Manager', '2024-04-16', 'Private Banking', 297.5296, 131.7776, 71.5552, 79.3328, 69.1104, 29.8880, 0, 1, 1, 6, 712, 'AAA', 2, 'Mobile App', 48, '2025-04-22', 'Dormant', 'New', 0.3200, 2422.0800, '["demo","english","wide-table"]', 0, '2025-04-16 09:16:00', '2025-04-16 10:16:00', 1, 1602, 6.9805, 'Segment_08', '2025-05-21', 'Feature_16_006', 1, 1608, 20.6948, 'Segment_02', '2025-11-27', 'Feature_16_012', 1, 1614, 34.4091, 'Segment_08', '2025-05-05', 'Feature_16_018', 1, 1620, 48.1234, 'Segment_02', '2025-11-11', 'Feature_16_024', 1, 1626, 61.8377, 'Segment_08', '2025-05-17', 'Feature_16_030', 1, 1632, 75.5520, 'Segment_02', '2025-11-23', 'Feature_16_036', 1, 1638, 89.2663, 'Segment_08', '2025-05-01', 'Feature_16_042', 1, 1644, 102.9805, 'Segment_02', '2025-11-07', 'Feature_16_048', 1, 1650, 116.6948, 'Segment_08', '2025-05-13', 'Feature_16_054', 1, 1656, 130.4091, 'Segment_02', '2025-11-19', 'Feature_16_060', 1, 1662, 144.1234, 'Segment_08', '2025-05-25', 'Feature_16_066', 1, 1668, 157.8377, 'Segment_02', '2025-11-03', 'Feature_16_072', 1, 1674, 171.5520, 'Segment_08', '2025-05-09', 'Feature_16_078', 1, 1680, 185.2663, 'Segment_02', '2025-11-15', 'Feature_16_084', 1, 1686, 198.9805, 'Segment_08', '2025-05-21', 'Feature_16_090', 1, 1692, 212.6948, 'Segment_02', '2025-11-27', 'Feature_16_096', 1, 1698, 226.4091, 'Segment_08', '2025-05-05', 'Feature_16_102', 1, 1704, 240.1234, 'Segment_02', '2025-11-11', 'Feature_16_108', 1, 1710, 253.8377, 'Segment_08', '2025-05-17', 'Feature_16_114', 1, 1716, 267.5520, 'Segment_02', '2025-11-23', 'Feature_16_120', 1, 1722, 281.2663, 'Segment_08', '2025-05-01', 'Feature_16_126', 1, 1728, 294.9805, 'Segment_02', '2025-11-07', 'Feature_16_132', 1, 1734, 308.6948, 'Segment_08', '2025-05-13', 'Feature_16_138', 1, 1740, 322.4091, 'Segment_02', '2025-11-19', 'Feature_16_144', 1, 1746, 336.1234, 'Segment_08', '2025-05-25', 'Feature_16_150', 1, 1752, 349.8377, 'Segment_02', '2025-11-03', 'Feature_16_156', 1, 1758, 363.5520, 'Segment_08', '2025-05-09', 'Feature_16_162', 1, 1764, 377.2663, 'Segment_02', '2025-11-15', 'Feature_16_168', 1, 1770, 390.9805, 'Segment_08', '2025-05-21', 'Feature_16_174', 1, 1776, 404.6948, 'Segment_02', '2025-11-27', 'Feature_16_180', 1, 1782, 418.4091, 'Segment_08', '2025-05-05', 'Feature_16_186', 1, 1788, 432.1234, 'Segment_02', '2025-11-11', 'Feature_16_192', 1, 1794, 445.8377, 'Segment_08', '2025-05-17', 'Feature_16_198', 1, 1800, 459.5520, 'Segment_02', '2025-11-23', 'Feature_16_204', 1, 1806, 473.2663, 'Segment_08', '2025-05-01', 'Feature_16_210', 1, 1812, 486.9805, 'Segment_02', '2025-11-07', 'Feature_16_216', 1, 1818, 500.6948, 'Segment_08', '2025-05-13', 'Feature_16_222', 1, 1824, 514.4091, 'Segment_02', '2025-11-19', 'Feature_16_228', 1, 1830, 528.1234, 'Segment_08', '2025-05-25', 'Feature_16_234', 1, 1836, 541.8377, 'Segment_02', '2025-11-03', 'Feature_16_240', 1, 1842, 555.5520, 'Segment_08', '2025-05-09', 'Feature_16_246', 1, 1848, 569.2663, 'Segment_02', '2025-11-15', 'Feature_16_252', 1, 1854, 582.9805, 'Segment_08', '2025-05-21', 'Feature_16_258', 1, 1860, 596.6948, 'Segment_02', '2025-11-27', 'Feature_16_264', 1, 1866, 610.4091, 'Segment_08', '2025-05-05', 'Feature_16_270', 1, 1872, 624.1234, 'Segment_02', '2025-11-11', 'Feature_16_276', 1, 1878, 637.8377, 'Segment_08', '2025-05-17', 'Feature_16_282', 1, 1884, 651.5520, 'Segment_02', '2025-11-23', 'Feature_16_288', 1, 1890, 665.2663, 'Segment_08', '2025-05-01', 'Feature_16_294', 1, 1896, 678.9805, 'Segment_02', '2025-11-07', 'Feature_16_300', 1, 1902, 692.6948, 'Segment_08', '2025-05-13', 'Feature_16_306', 1, 1908, 706.4091, 'Segment_02', '2025-11-19', 'Feature_16_312', 1, 1914, 720.1234, 'Segment_08', '2025-05-25', 'Feature_16_318', 1, 1920, 733.8377, 'Segment_02', '2025-11-03', 'Feature_16_324', 1, 1926, 747.5520, 'Segment_08', '2025-05-09', 'Feature_16_330', 1, 1932, 761.2663, 'Segment_02', '2025-11-15', 'Feature_16_336', 1, 1938, 774.9805, 'Segment_08', '2025-05-21', 'Feature_16_342', 1, 1944, 788.6948, 'Segment_02', '2025-11-27', 'Feature_16_348', 1, 1950, 802.4091, 'Segment_08', '2025-05-05', 'Feature_16_354', 1, 1956, 816.1234, 'Segment_02', '2025-11-11', 'Feature_16_360', 1, 1962, 829.8377, 'Segment_08', '2025-05-17', 'Feature_16_366', 1, 1968, 843.5520, 'Segment_02', '2025-11-23', 'Feature_16_372', 1, 1974, 857.2663, 'Segment_08', '2025-05-01', 'Feature_16_378', 1, 1980, 870.9805, 'Segment_02', '2025-11-07', 'Feature_16_384', 1, 1986, 884.6948, 'Segment_08', '2025-05-13', 'Feature_16_390', 1, 1992, 898.4091, 'Segment_02', '2025-11-19', 'Feature_16_396', 1, 1998, 912.1234, 'Segment_08', '2025-05-25', 'Feature_16_402', 1, 2004, 925.8377, 'Segment_02', '2025-11-03', 'Feature_16_408', 1, 2010, 939.5520, 'Segment_08', '2025-05-09', 'Feature_16_414', 1, 2016, 953.2663, 'Segment_02', '2025-11-15', 'Feature_16_420', 1, 2022, 966.9805, 'Segment_08', '2025-05-21', 'Feature_16_426', 1, 2028, 980.6948, 'Segment_02', '2025-11-27', 'Feature_16_432', 1, 2034, 994.4091, 'Segment_08', '2025-05-05', 'Feature_16_438', 1, 2040, 1008.1234, 'Segment_02', '2025-11-11', 'Feature_16_444', 1, 2046, 1021.8377, 'Segment_08', '2025-05-17', 'Feature_16_450', 1, 2052, 1035.5520, 'Segment_02', '2025-11-23', 'Feature_16_456', 1, 2058, 1049.2663, 'Segment_08', '2025-05-01', 'Feature_16_462'),
  (10017, '2025-04-17', 'User 17', 'ID000017****', 13800000017, 1, 41, '36-45', 'Wuhan', 'Hubei', 4, 'Analyst', '2024-05-17', 'Diamond', 309.8752, 136.8887, 74.7774, 83.6661, 71.5548, 31.4435, 1, 1, 0, 7, 719, 'AA', 3, 'Branch', 51, '2025-04-23', 'High Active', 'Growing', 0.3400, 2510.9600, '["demo","english","wide-table"]', 0, '2025-04-17 09:17:00', '2025-04-17 10:17:00', 0, 1702, 7.4091, 'Segment_09', '2025-05-22', 'Feature_17_006', 0, 1708, 21.9805, 'Segment_03', '2025-11-28', 'Feature_17_012', 0, 1714, 36.5520, 'Segment_09', '2025-05-06', 'Feature_17_018', 0, 1720, 51.1234, 'Segment_03', '2025-11-12', 'Feature_17_024', 0, 1726, 65.6948, 'Segment_09', '2025-05-18', 'Feature_17_030', 0, 1732, 80.2663, 'Segment_03', '2025-11-24', 'Feature_17_036', 0, 1738, 94.8377, 'Segment_09', '2025-05-02', 'Feature_17_042', 0, 1744, 109.4091, 'Segment_03', '2025-11-08', 'Feature_17_048', 0, 1750, 123.9805, 'Segment_09', '2025-05-14', 'Feature_17_054', 0, 1756, 138.5520, 'Segment_03', '2025-11-20', 'Feature_17_060', 0, 1762, 153.1234, 'Segment_09', '2025-05-26', 'Feature_17_066', 0, 1768, 167.6948, 'Segment_03', '2025-11-04', 'Feature_17_072', 0, 1774, 182.2663, 'Segment_09', '2025-05-10', 'Feature_17_078', 0, 1780, 196.8377, 'Segment_03', '2025-11-16', 'Feature_17_084', 0, 1786, 211.4091, 'Segment_09', '2025-05-22', 'Feature_17_090', 0, 1792, 225.9805, 'Segment_03', '2025-11-28', 'Feature_17_096', 0, 1798, 240.5520, 'Segment_09', '2025-05-06', 'Feature_17_102', 0, 1804, 255.1234, 'Segment_03', '2025-11-12', 'Feature_17_108', 0, 1810, 269.6948, 'Segment_09', '2025-05-18', 'Feature_17_114', 0, 1816, 284.2663, 'Segment_03', '2025-11-24', 'Feature_17_120', 0, 1822, 298.8377, 'Segment_09', '2025-05-02', 'Feature_17_126', 0, 1828, 313.4091, 'Segment_03', '2025-11-08', 'Feature_17_132', 0, 1834, 327.9805, 'Segment_09', '2025-05-14', 'Feature_17_138', 0, 1840, 342.5520, 'Segment_03', '2025-11-20', 'Feature_17_144', 0, 1846, 357.1234, 'Segment_09', '2025-05-26', 'Feature_17_150', 0, 1852, 371.6948, 'Segment_03', '2025-11-04', 'Feature_17_156', 0, 1858, 386.2663, 'Segment_09', '2025-05-10', 'Feature_17_162', 0, 1864, 400.8377, 'Segment_03', '2025-11-16', 'Feature_17_168', 0, 1870, 415.4091, 'Segment_09', '2025-05-22', 'Feature_17_174', 0, 1876, 429.9805, 'Segment_03', '2025-11-28', 'Feature_17_180', 0, 1882, 444.5520, 'Segment_09', '2025-05-06', 'Feature_17_186', 0, 1888, 459.1234, 'Segment_03', '2025-11-12', 'Feature_17_192', 0, 1894, 473.6948, 'Segment_09', '2025-05-18', 'Feature_17_198', 0, 1900, 488.2663, 'Segment_03', '2025-11-24', 'Feature_17_204', 0, 1906, 502.8377, 'Segment_09', '2025-05-02', 'Feature_17_210', 0, 1912, 517.4091, 'Segment_03', '2025-11-08', 'Feature_17_216', 0, 1918, 531.9805, 'Segment_09', '2025-05-14', 'Feature_17_222', 0, 1924, 546.5520, 'Segment_03', '2025-11-20', 'Feature_17_228', 0, 1930, 561.1234, 'Segment_09', '2025-05-26', 'Feature_17_234', 0, 1936, 575.6948, 'Segment_03', '2025-11-04', 'Feature_17_240', 0, 1942, 590.2663, 'Segment_09', '2025-05-10', 'Feature_17_246', 0, 1948, 604.8377, 'Segment_03', '2025-11-16', 'Feature_17_252', 0, 1954, 619.4091, 'Segment_09', '2025-05-22', 'Feature_17_258', 0, 1960, 633.9805, 'Segment_03', '2025-11-28', 'Feature_17_264', 0, 1966, 648.5520, 'Segment_09', '2025-05-06', 'Feature_17_270', 0, 1972, 663.1234, 'Segment_03', '2025-11-12', 'Feature_17_276', 0, 1978, 677.6948, 'Segment_09', '2025-05-18', 'Feature_17_282', 0, 1984, 692.2663, 'Segment_03', '2025-11-24', 'Feature_17_288', 0, 1990, 706.8377, 'Segment_09', '2025-05-02', 'Feature_17_294', 0, 1996, 721.4091, 'Segment_03', '2025-11-08', 'Feature_17_300', 0, 2002, 735.9805, 'Segment_09', '2025-05-14', 'Feature_17_306', 0, 2008, 750.5520, 'Segment_03', '2025-11-20', 'Feature_17_312', 0, 2014, 765.1234, 'Segment_09', '2025-05-26', 'Feature_17_318', 0, 2020, 779.6948, 'Segment_03', '2025-11-04', 'Feature_17_324', 0, 2026, 794.2663, 'Segment_09', '2025-05-10', 'Feature_17_330', 0, 2032, 808.8377, 'Segment_03', '2025-11-16', 'Feature_17_336', 0, 2038, 823.4091, 'Segment_09', '2025-05-22', 'Feature_17_342', 0, 2044, 837.9805, 'Segment_03', '2025-11-28', 'Feature_17_348', 0, 2050, 852.5520, 'Segment_09', '2025-05-06', 'Feature_17_354', 0, 2056, 867.1234, 'Segment_03', '2025-11-12', 'Feature_17_360', 0, 2062, 881.6948, 'Segment_09', '2025-05-18', 'Feature_17_366', 0, 2068, 896.2663, 'Segment_03', '2025-11-24', 'Feature_17_372', 0, 2074, 910.8377, 'Segment_09', '2025-05-02', 'Feature_17_378', 0, 2080, 925.4091, 'Segment_03', '2025-11-08', 'Feature_17_384', 0, 2086, 939.9805, 'Segment_09', '2025-05-14', 'Feature_17_390', 0, 2092, 954.5520, 'Segment_03', '2025-11-20', 'Feature_17_396', 0, 2098, 969.1234, 'Segment_09', '2025-05-26', 'Feature_17_402', 0, 2104, 983.6948, 'Segment_03', '2025-11-04', 'Feature_17_408', 0, 2110, 998.2663, 'Segment_09', '2025-05-10', 'Feature_17_414', 0, 2116, 1012.8377, 'Segment_03', '2025-11-16', 'Feature_17_420', 0, 2122, 1027.4091, 'Segment_09', '2025-05-22', 'Feature_17_426', 0, 2128, 1041.9805, 'Segment_03', '2025-11-28', 'Feature_17_432', 0, 2134, 1056.5520, 'Segment_09', '2025-05-06', 'Feature_17_438', 0, 2140, 1071.1234, 'Segment_03', '2025-11-12', 'Feature_17_444', 0, 2146, 1085.6948, 'Segment_09', '2025-05-18', 'Feature_17_450', 0, 2152, 1100.2663, 'Segment_03', '2025-11-24', 'Feature_17_456', 0, 2158, 1114.8377, 'Segment_09', '2025-05-02', 'Feature_17_462'),
  (10018, '2025-04-18', 'User 18', 'ID000018****', 13800000018, 2, 42, '46-55', 'Xian', 'Shaanxi', 5, 'Engineer', '2024-06-18', 'Platinum', 322.2208, 141.9998, 77.9996, 87.9994, 73.9992, 32.9990, 0, 1, 0, 8, 726, 'A', 4, 'Web', 54, '2025-04-24', 'Medium Active', 'Mature', 0.3600, 2599.8400, '["demo","english","wide-table"]', 1, '2025-04-18 09:18:00', '2025-04-18 10:18:00', 1, 1802, 7.8377, 'Segment_10', '2025-05-23', 'Feature_18_006', 1, 1808, 23.2663, 'Segment_04', '2025-11-01', 'Feature_18_012', 1, 1814, 38.6948, 'Segment_10', '2025-05-07', 'Feature_18_018', 1, 1820, 54.1234, 'Segment_04', '2025-11-13', 'Feature_18_024', 1, 1826, 69.5520, 'Segment_10', '2025-05-19', 'Feature_18_030', 1, 1832, 84.9805, 'Segment_04', '2025-11-25', 'Feature_18_036', 1, 1838, 100.4091, 'Segment_10', '2025-05-03', 'Feature_18_042', 1, 1844, 115.8377, 'Segment_04', '2025-11-09', 'Feature_18_048', 1, 1850, 131.2663, 'Segment_10', '2025-05-15', 'Feature_18_054', 1, 1856, 146.6948, 'Segment_04', '2025-11-21', 'Feature_18_060', 1, 1862, 162.1234, 'Segment_10', '2025-05-27', 'Feature_18_066', 1, 1868, 177.5520, 'Segment_04', '2025-11-05', 'Feature_18_072', 1, 1874, 192.9805, 'Segment_10', '2025-05-11', 'Feature_18_078', 1, 1880, 208.4091, 'Segment_04', '2025-11-17', 'Feature_18_084', 1, 1886, 223.8377, 'Segment_10', '2025-05-23', 'Feature_18_090', 1, 1892, 239.2663, 'Segment_04', '2025-11-01', 'Feature_18_096', 1, 1898, 254.6948, 'Segment_10', '2025-05-07', 'Feature_18_102', 1, 1904, 270.1234, 'Segment_04', '2025-11-13', 'Feature_18_108', 1, 1910, 285.5520, 'Segment_10', '2025-05-19', 'Feature_18_114', 1, 1916, 300.9805, 'Segment_04', '2025-11-25', 'Feature_18_120', 1, 1922, 316.4091, 'Segment_10', '2025-05-03', 'Feature_18_126', 1, 1928, 331.8377, 'Segment_04', '2025-11-09', 'Feature_18_132', 1, 1934, 347.2663, 'Segment_10', '2025-05-15', 'Feature_18_138', 1, 1940, 362.6948, 'Segment_04', '2025-11-21', 'Feature_18_144', 1, 1946, 378.1234, 'Segment_10', '2025-05-27', 'Feature_18_150', 1, 1952, 393.5520, 'Segment_04', '2025-11-05', 'Feature_18_156', 1, 1958, 408.9805, 'Segment_10', '2025-05-11', 'Feature_18_162', 1, 1964, 424.4091, 'Segment_04', '2025-11-17', 'Feature_18_168', 1, 1970, 439.8377, 'Segment_10', '2025-05-23', 'Feature_18_174', 1, 1976, 455.2663, 'Segment_04', '2025-11-01', 'Feature_18_180', 1, 1982, 470.6948, 'Segment_10', '2025-05-07', 'Feature_18_186', 1, 1988, 486.1234, 'Segment_04', '2025-11-13', 'Feature_18_192', 1, 1994, 501.5520, 'Segment_10', '2025-05-19', 'Feature_18_198', 1, 2000, 516.9805, 'Segment_04', '2025-11-25', 'Feature_18_204', 1, 2006, 532.4091, 'Segment_10', '2025-05-03', 'Feature_18_210', 1, 2012, 547.8377, 'Segment_04', '2025-11-09', 'Feature_18_216', 1, 2018, 563.2663, 'Segment_10', '2025-05-15', 'Feature_18_222', 1, 2024, 578.6948, 'Segment_04', '2025-11-21', 'Feature_18_228', 1, 2030, 594.1234, 'Segment_10', '2025-05-27', 'Feature_18_234', 1, 2036, 609.5520, 'Segment_04', '2025-11-05', 'Feature_18_240', 1, 2042, 624.9805, 'Segment_10', '2025-05-11', 'Feature_18_246', 1, 2048, 640.4091, 'Segment_04', '2025-11-17', 'Feature_18_252', 1, 2054, 655.8377, 'Segment_10', '2025-05-23', 'Feature_18_258', 1, 2060, 671.2663, 'Segment_04', '2025-11-01', 'Feature_18_264', 1, 2066, 686.6948, 'Segment_10', '2025-05-07', 'Feature_18_270', 1, 2072, 702.1234, 'Segment_04', '2025-11-13', 'Feature_18_276', 1, 2078, 717.5520, 'Segment_10', '2025-05-19', 'Feature_18_282', 1, 2084, 732.9805, 'Segment_04', '2025-11-25', 'Feature_18_288', 1, 2090, 748.4091, 'Segment_10', '2025-05-03', 'Feature_18_294', 1, 2096, 763.8377, 'Segment_04', '2025-11-09', 'Feature_18_300', 1, 2102, 779.2663, 'Segment_10', '2025-05-15', 'Feature_18_306', 1, 2108, 794.6948, 'Segment_04', '2025-11-21', 'Feature_18_312', 1, 2114, 810.1234, 'Segment_10', '2025-05-27', 'Feature_18_318', 1, 2120, 825.5520, 'Segment_04', '2025-11-05', 'Feature_18_324', 1, 2126, 840.9805, 'Segment_10', '2025-05-11', 'Feature_18_330', 1, 2132, 856.4091, 'Segment_04', '2025-11-17', 'Feature_18_336', 1, 2138, 871.8377, 'Segment_10', '2025-05-23', 'Feature_18_342', 1, 2144, 887.2663, 'Segment_04', '2025-11-01', 'Feature_18_348', 1, 2150, 902.6948, 'Segment_10', '2025-05-07', 'Feature_18_354', 1, 2156, 918.1234, 'Segment_04', '2025-11-13', 'Feature_18_360', 1, 2162, 933.5520, 'Segment_10', '2025-05-19', 'Feature_18_366', 1, 2168, 948.9805, 'Segment_04', '2025-11-25', 'Feature_18_372', 1, 2174, 964.4091, 'Segment_10', '2025-05-03', 'Feature_18_378', 1, 2180, 979.8377, 'Segment_04', '2025-11-09', 'Feature_18_384', 1, 2186, 995.2663, 'Segment_10', '2025-05-15', 'Feature_18_390', 1, 2192, 1010.6948, 'Segment_04', '2025-11-21', 'Feature_18_396', 1, 2198, 1026.1234, 'Segment_10', '2025-05-27', 'Feature_18_402', 1, 2204, 1041.5520, 'Segment_04', '2025-11-05', 'Feature_18_408', 1, 2210, 1056.9805, 'Segment_10', '2025-05-11', 'Feature_18_414', 1, 2216, 1072.4091, 'Segment_04', '2025-11-17', 'Feature_18_420', 1, 2222, 1087.8377, 'Segment_10', '2025-05-23', 'Feature_18_426', 1, 2228, 1103.2663, 'Segment_04', '2025-11-01', 'Feature_18_432', 1, 2234, 1118.6948, 'Segment_10', '2025-05-07', 'Feature_18_438', 1, 2240, 1134.1234, 'Segment_04', '2025-11-13', 'Feature_18_444', 1, 2246, 1149.5520, 'Segment_10', '2025-05-19', 'Feature_18_450', 1, 2252, 1164.9805, 'Segment_04', '2025-11-25', 'Feature_18_456', 1, 2258, 1180.4091, 'Segment_10', '2025-05-03', 'Feature_18_462'),
  (10019, '2025-04-19', 'User 19', 'ID000019****', 13800000019, 1, 43, '55+', 'Suzhou', 'Jiangsu', 6, 'Teacher', '2024-07-19', 'Gold', 334.5664, 147.1109, 81.2218, 92.3327, 76.4436, 34.5545, 1, 1, 0, 9, 733, 'B', 5, 'Mini Program', 57, '2025-04-25', 'Low Active', 'Dormant', 0.3800, 2688.7200, '["demo","english","wide-table"]', 0, '2025-04-19 09:19:00', '2025-04-19 10:19:00', 0, 1902, 8.2663, 'Segment_11', '2025-05-24', 'Feature_19_006', 0, 1908, 24.5520, 'Segment_05', '2025-11-02', 'Feature_19_012', 0, 1914, 40.8377, 'Segment_11', '2025-05-08', 'Feature_19_018', 0, 1920, 57.1234, 'Segment_05', '2025-11-14', 'Feature_19_024', 0, 1926, 73.4091, 'Segment_11', '2025-05-20', 'Feature_19_030', 0, 1932, 89.6948, 'Segment_05', '2025-11-26', 'Feature_19_036', 0, 1938, 105.9805, 'Segment_11', '2025-05-04', 'Feature_19_042', 0, 1944, 122.2663, 'Segment_05', '2025-11-10', 'Feature_19_048', 0, 1950, 138.5520, 'Segment_11', '2025-05-16', 'Feature_19_054', 0, 1956, 154.8377, 'Segment_05', '2025-11-22', 'Feature_19_060', 0, 1962, 171.1234, 'Segment_11', '2025-05-28', 'Feature_19_066', 0, 1968, 187.4091, 'Segment_05', '2025-11-06', 'Feature_19_072', 0, 1974, 203.6948, 'Segment_11', '2025-05-12', 'Feature_19_078', 0, 1980, 219.9805, 'Segment_05', '2025-11-18', 'Feature_19_084', 0, 1986, 236.2663, 'Segment_11', '2025-05-24', 'Feature_19_090', 0, 1992, 252.5520, 'Segment_05', '2025-11-02', 'Feature_19_096', 0, 1998, 268.8377, 'Segment_11', '2025-05-08', 'Feature_19_102', 0, 2004, 285.1234, 'Segment_05', '2025-11-14', 'Feature_19_108', 0, 2010, 301.4091, 'Segment_11', '2025-05-20', 'Feature_19_114', 0, 2016, 317.6948, 'Segment_05', '2025-11-26', 'Feature_19_120', 0, 2022, 333.9805, 'Segment_11', '2025-05-04', 'Feature_19_126', 0, 2028, 350.2663, 'Segment_05', '2025-11-10', 'Feature_19_132', 0, 2034, 366.5520, 'Segment_11', '2025-05-16', 'Feature_19_138', 0, 2040, 382.8377, 'Segment_05', '2025-11-22', 'Feature_19_144', 0, 2046, 399.1234, 'Segment_11', '2025-05-28', 'Feature_19_150', 0, 2052, 415.4091, 'Segment_05', '2025-11-06', 'Feature_19_156', 0, 2058, 431.6948, 'Segment_11', '2025-05-12', 'Feature_19_162', 0, 2064, 447.9805, 'Segment_05', '2025-11-18', 'Feature_19_168', 0, 2070, 464.2663, 'Segment_11', '2025-05-24', 'Feature_19_174', 0, 2076, 480.5520, 'Segment_05', '2025-11-02', 'Feature_19_180', 0, 2082, 496.8377, 'Segment_11', '2025-05-08', 'Feature_19_186', 0, 2088, 513.1234, 'Segment_05', '2025-11-14', 'Feature_19_192', 0, 2094, 529.4091, 'Segment_11', '2025-05-20', 'Feature_19_198', 0, 2100, 545.6948, 'Segment_05', '2025-11-26', 'Feature_19_204', 0, 2106, 561.9805, 'Segment_11', '2025-05-04', 'Feature_19_210', 0, 2112, 578.2663, 'Segment_05', '2025-11-10', 'Feature_19_216', 0, 2118, 594.5520, 'Segment_11', '2025-05-16', 'Feature_19_222', 0, 2124, 610.8377, 'Segment_05', '2025-11-22', 'Feature_19_228', 0, 2130, 627.1234, 'Segment_11', '2025-05-28', 'Feature_19_234', 0, 2136, 643.4091, 'Segment_05', '2025-11-06', 'Feature_19_240', 0, 2142, 659.6948, 'Segment_11', '2025-05-12', 'Feature_19_246', 0, 2148, 675.9805, 'Segment_05', '2025-11-18', 'Feature_19_252', 0, 2154, 692.2663, 'Segment_11', '2025-05-24', 'Feature_19_258', 0, 2160, 708.5520, 'Segment_05', '2025-11-02', 'Feature_19_264', 0, 2166, 724.8377, 'Segment_11', '2025-05-08', 'Feature_19_270', 0, 2172, 741.1234, 'Segment_05', '2025-11-14', 'Feature_19_276', 0, 2178, 757.4091, 'Segment_11', '2025-05-20', 'Feature_19_282', 0, 2184, 773.6948, 'Segment_05', '2025-11-26', 'Feature_19_288', 0, 2190, 789.9805, 'Segment_11', '2025-05-04', 'Feature_19_294', 0, 2196, 806.2663, 'Segment_05', '2025-11-10', 'Feature_19_300', 0, 2202, 822.5520, 'Segment_11', '2025-05-16', 'Feature_19_306', 0, 2208, 838.8377, 'Segment_05', '2025-11-22', 'Feature_19_312', 0, 2214, 855.1234, 'Segment_11', '2025-05-28', 'Feature_19_318', 0, 2220, 871.4091, 'Segment_05', '2025-11-06', 'Feature_19_324', 0, 2226, 887.6948, 'Segment_11', '2025-05-12', 'Feature_19_330', 0, 2232, 903.9805, 'Segment_05', '2025-11-18', 'Feature_19_336', 0, 2238, 920.2663, 'Segment_11', '2025-05-24', 'Feature_19_342', 0, 2244, 936.5520, 'Segment_05', '2025-11-02', 'Feature_19_348', 0, 2250, 952.8377, 'Segment_11', '2025-05-08', 'Feature_19_354', 0, 2256, 969.1234, 'Segment_05', '2025-11-14', 'Feature_19_360', 0, 2262, 985.4091, 'Segment_11', '2025-05-20', 'Feature_19_366', 0, 2268, 1001.6948, 'Segment_05', '2025-11-26', 'Feature_19_372', 0, 2274, 1017.9805, 'Segment_11', '2025-05-04', 'Feature_19_378', 0, 2280, 1034.2663, 'Segment_05', '2025-11-10', 'Feature_19_384', 0, 2286, 1050.5520, 'Segment_11', '2025-05-16', 'Feature_19_390', 0, 2292, 1066.8377, 'Segment_05', '2025-11-22', 'Feature_19_396', 0, 2298, 1083.1234, 'Segment_11', '2025-05-28', 'Feature_19_402', 0, 2304, 1099.4091, 'Segment_05', '2025-11-06', 'Feature_19_408', 0, 2310, 1115.6948, 'Segment_11', '2025-05-12', 'Feature_19_414', 0, 2316, 1131.9805, 'Segment_05', '2025-11-18', 'Feature_19_420', 0, 2322, 1148.2663, 'Segment_11', '2025-05-24', 'Feature_19_426', 0, 2328, 1164.5520, 'Segment_05', '2025-11-02', 'Feature_19_432', 0, 2334, 1180.8377, 'Segment_11', '2025-05-08', 'Feature_19_438', 0, 2340, 1197.1234, 'Segment_05', '2025-11-14', 'Feature_19_444', 0, 2346, 1213.4091, 'Segment_11', '2025-05-20', 'Feature_19_450', 0, 2352, 1229.6948, 'Segment_05', '2025-11-26', 'Feature_19_456', 0, 2358, 1245.9805, 'Segment_11', '2025-05-04', 'Feature_19_462'),
  (10020, '2025-04-20', 'User 20', 'ID000020****', 13800000020, 2, 44, '18-25', 'Guangzhou', 'Guangdong', 7, 'Doctor', '2024-08-20', 'Standard', 346.9120, 152.2220, 84.4440, 96.6660, 78.8880, 36.1100, 0, 1, 1, 10, 740, 'C', 1, 'API', 0, '2025-04-26', 'Dormant', 'Churn Risk', 0.0000, 2777.6000, '["demo","english","wide-table"]', 0, '2025-04-20 09:20:00', '2025-04-20 10:20:00', 1, 2002, 8.6948, 'Segment_00', '2025-05-25', 'Feature_20_006', 1, 2008, 25.8377, 'Segment_06', '2025-11-03', 'Feature_20_012', 1, 2014, 42.9805, 'Segment_00', '2025-05-09', 'Feature_20_018', 1, 2020, 60.1234, 'Segment_06', '2025-11-15', 'Feature_20_024', 1, 2026, 77.2663, 'Segment_00', '2025-05-21', 'Feature_20_030', 1, 2032, 94.4091, 'Segment_06', '2025-11-27', 'Feature_20_036', 1, 2038, 111.5520, 'Segment_00', '2025-05-05', 'Feature_20_042', 1, 2044, 128.6948, 'Segment_06', '2025-11-11', 'Feature_20_048', 1, 2050, 145.8377, 'Segment_00', '2025-05-17', 'Feature_20_054', 1, 2056, 162.9805, 'Segment_06', '2025-11-23', 'Feature_20_060', 1, 2062, 180.1234, 'Segment_00', '2025-05-01', 'Feature_20_066', 1, 2068, 197.2663, 'Segment_06', '2025-11-07', 'Feature_20_072', 1, 2074, 214.4091, 'Segment_00', '2025-05-13', 'Feature_20_078', 1, 2080, 231.5520, 'Segment_06', '2025-11-19', 'Feature_20_084', 1, 2086, 248.6948, 'Segment_00', '2025-05-25', 'Feature_20_090', 1, 2092, 265.8377, 'Segment_06', '2025-11-03', 'Feature_20_096', 1, 2098, 282.9805, 'Segment_00', '2025-05-09', 'Feature_20_102', 1, 2104, 300.1234, 'Segment_06', '2025-11-15', 'Feature_20_108', 1, 2110, 317.2663, 'Segment_00', '2025-05-21', 'Feature_20_114', 1, 2116, 334.4091, 'Segment_06', '2025-11-27', 'Feature_20_120', 1, 2122, 351.5520, 'Segment_00', '2025-05-05', 'Feature_20_126', 1, 2128, 368.6948, 'Segment_06', '2025-11-11', 'Feature_20_132', 1, 2134, 385.8377, 'Segment_00', '2025-05-17', 'Feature_20_138', 1, 2140, 402.9805, 'Segment_06', '2025-11-23', 'Feature_20_144', 1, 2146, 420.1234, 'Segment_00', '2025-05-01', 'Feature_20_150', 1, 2152, 437.2663, 'Segment_06', '2025-11-07', 'Feature_20_156', 1, 2158, 454.4091, 'Segment_00', '2025-05-13', 'Feature_20_162', 1, 2164, 471.5520, 'Segment_06', '2025-11-19', 'Feature_20_168', 1, 2170, 488.6948, 'Segment_00', '2025-05-25', 'Feature_20_174', 1, 2176, 505.8377, 'Segment_06', '2025-11-03', 'Feature_20_180', 1, 2182, 522.9805, 'Segment_00', '2025-05-09', 'Feature_20_186', 1, 2188, 540.1234, 'Segment_06', '2025-11-15', 'Feature_20_192', 1, 2194, 557.2663, 'Segment_00', '2025-05-21', 'Feature_20_198', 1, 2200, 574.4091, 'Segment_06', '2025-11-27', 'Feature_20_204', 1, 2206, 591.5520, 'Segment_00', '2025-05-05', 'Feature_20_210', 1, 2212, 608.6948, 'Segment_06', '2025-11-11', 'Feature_20_216', 1, 2218, 625.8377, 'Segment_00', '2025-05-17', 'Feature_20_222', 1, 2224, 642.9805, 'Segment_06', '2025-11-23', 'Feature_20_228', 1, 2230, 660.1234, 'Segment_00', '2025-05-01', 'Feature_20_234', 1, 2236, 677.2663, 'Segment_06', '2025-11-07', 'Feature_20_240', 1, 2242, 694.4091, 'Segment_00', '2025-05-13', 'Feature_20_246', 1, 2248, 711.5520, 'Segment_06', '2025-11-19', 'Feature_20_252', 1, 2254, 728.6948, 'Segment_00', '2025-05-25', 'Feature_20_258', 1, 2260, 745.8377, 'Segment_06', '2025-11-03', 'Feature_20_264', 1, 2266, 762.9805, 'Segment_00', '2025-05-09', 'Feature_20_270', 1, 2272, 780.1234, 'Segment_06', '2025-11-15', 'Feature_20_276', 1, 2278, 797.2663, 'Segment_00', '2025-05-21', 'Feature_20_282', 1, 2284, 814.4091, 'Segment_06', '2025-11-27', 'Feature_20_288', 1, 2290, 831.5520, 'Segment_00', '2025-05-05', 'Feature_20_294', 1, 2296, 848.6948, 'Segment_06', '2025-11-11', 'Feature_20_300', 1, 2302, 865.8377, 'Segment_00', '2025-05-17', 'Feature_20_306', 1, 2308, 882.9805, 'Segment_06', '2025-11-23', 'Feature_20_312', 1, 2314, 900.1234, 'Segment_00', '2025-05-01', 'Feature_20_318', 1, 2320, 917.2663, 'Segment_06', '2025-11-07', 'Feature_20_324', 1, 2326, 934.4091, 'Segment_00', '2025-05-13', 'Feature_20_330', 1, 2332, 951.5520, 'Segment_06', '2025-11-19', 'Feature_20_336', 1, 2338, 968.6948, 'Segment_00', '2025-05-25', 'Feature_20_342', 1, 2344, 985.8377, 'Segment_06', '2025-11-03', 'Feature_20_348', 1, 2350, 1002.9805, 'Segment_00', '2025-05-09', 'Feature_20_354', 1, 2356, 1020.1234, 'Segment_06', '2025-11-15', 'Feature_20_360', 1, 2362, 1037.2663, 'Segment_00', '2025-05-21', 'Feature_20_366', 1, 2368, 1054.4091, 'Segment_06', '2025-11-27', 'Feature_20_372', 1, 2374, 1071.5520, 'Segment_00', '2025-05-05', 'Feature_20_378', 1, 2380, 1088.6948, 'Segment_06', '2025-11-11', 'Feature_20_384', 1, 2386, 1105.8377, 'Segment_00', '2025-05-17', 'Feature_20_390', 1, 2392, 1122.9805, 'Segment_06', '2025-11-23', 'Feature_20_396', 1, 2398, 1140.1234, 'Segment_00', '2025-05-01', 'Feature_20_402', 1, 2404, 1157.2663, 'Segment_06', '2025-11-07', 'Feature_20_408', 1, 2410, 1174.4091, 'Segment_00', '2025-05-13', 'Feature_20_414', 1, 2416, 1191.5520, 'Segment_06', '2025-11-19', 'Feature_20_420', 1, 2422, 1208.6948, 'Segment_00', '2025-05-25', 'Feature_20_426', 1, 2428, 1225.8377, 'Segment_06', '2025-11-03', 'Feature_20_432', 1, 2434, 1242.9805, 'Segment_00', '2025-05-09', 'Feature_20_438', 1, 2440, 1260.1234, 'Segment_06', '2025-11-15', 'Feature_20_444', 1, 2446, 1277.2663, 'Segment_00', '2025-05-21', 'Feature_20_450', 1, 2452, 1294.4091, 'Segment_06', '2025-11-27', 'Feature_20_456', 1, 2458, 1311.5520, 'Segment_00', '2025-05-05', 'Feature_20_462');
