-- ================================================================
-- Database: bank_cdp
-- Type: Chinese mock data
-- Source: generated from current Doris table metadata.
-- Execute after schema SQL.
-- ================================================================

CREATE DATABASE IF NOT EXISTS bank_cdp;
USE bank_cdp;

-- Table: aum_metrics
TRUNCATE TABLE `aum_metrics`;
INSERT INTO `aum_metrics`(`metric_date`, `product_type`, `aum_amount`, `client_count`, `avg_holding`, `inflow`, `yoy_growth`, `created_at`) VALUES
  ('2025-04-01', '零售', 10.25, 10, 10.25, 10.25, 0.05, '2025-04-01 09:01:00'),
  ('2025-04-02', '财富', 20.50, 20, 20.50, 20.50, 0.10, '2025-04-02 09:02:00'),
  ('2025-04-03', '信贷', 30.75, 30, 30.75, 30.75, 0.15, '2025-04-03 09:03:00'),
  ('2025-04-04', '风险', 41.00, 40, 41.00, 41.00, 0.20, '2025-04-04 09:04:00'),
  ('2025-04-05', '运营', 51.25, 50, 51.25, 51.25, 0.25, '2025-04-05 09:05:00');

-- Table: avatar_label
TRUNCATE TABLE avatar_label;
INSERT INTO avatar_label(`label_id`, `label_name`, `category`, `color`, `label_desc`, `label_embedding`, `user_count`, `create_time`) VALUES
  (1, '高净值客户', '零售', '米白', '客户中心发生登录业务，客户风险评分已更新', [0.25, 0.32, 0.39, 0.46, 0.53, 0.6, 0.67, 0.74], 5, '2026-04-20 09:00:00'),
  (2, '基金投资者', '财富', '藏蓝', '交易核心发生转账业务，客户风险评分已更新', [0.38, 0.45, 0.52, 0.59, 0.66, 0.73, 0.8, 0.17], 5, '2026-04-20 09:00:00'),
  (3, '手机银行活跃', '信贷', '墨绿', '支付网关发生支付业务，客户风险评分已更新', [0.51, 0.58, 0.65, 0.72, 0.79, 0.16, 0.23, 0.3], 7, '2026-04-20 09:00:00'),
  (4, '代发工资客户', '风险', '浅灰', '风控引擎发生开通理财业务，客户风险评分已更新', [0.64, 0.71, 0.78, 0.15, 0.22, 0.29, 0.36, 0.43], 4, '2026-04-20 09:00:00'),
  (5, '信用卡活跃', '运营', '酒红', '监管报送发生修改手机号业务，客户风险评分已更新', [0.77, 0.14, 0.21, 0.28, 0.35, 0.42, 0.49, 0.56], 5, '2026-04-20 09:00:00'),
  (6, '理财意向客户', '零售', '米白', '客户中心发生登录业务，客户风险评分已更新', [0.2, 0.27, 0.34, 0.41, 0.48, 0.55, 0.62, 0.69], 3, '2026-04-20 09:00:00'),
  (7, '交叉销售候选', '财富', '藏蓝', '交易核心发生转账业务，客户风险评分已更新', [0.33, 0.4, 0.47, 0.54, 0.61, 0.68, 0.75, 0.12], 4, '2026-04-20 09:00:00'),
  (8, '小微企业主', '信贷', '墨绿', '支付网关发生支付业务，客户风险评分已更新', [0.46, 0.53, 0.6, 0.67, 0.74, 0.81, 0.18, 0.25], 3, '2026-04-20 09:00:00'),
  (9, '贷款风险关注', '风险', '浅灰', '风控引擎发生开通理财业务，客户风险评分已更新', [0.59, 0.66, 0.73, 0.8, 0.17, 0.24, 0.31, 0.38], 2, '2026-04-20 09:00:00'),
  (10, '网点偏好', '运营', '酒红', '监管报送发生修改手机号业务，客户风险评分已更新', [0.72, 0.79, 0.16, 0.23, 0.3, 0.37, 0.44, 0.51], 4, '2026-04-20 09:00:00'),
  (11, '家庭金融', '零售', '米白', '客户中心发生登录业务，客户风险评分已更新', [0.15, 0.22, 0.29, 0.36, 0.43, 0.5, 0.57, 0.64], 3, '2026-04-20 09:00:00'),
  (12, '保险潜客', '财富', '藏蓝', '交易核心发生转账业务，客户风险评分已更新', [0.28, 0.35, 0.42, 0.49, 0.56, 0.63, 0.7, 0.77], 4, '2026-04-20 09:00:00'),
  (13, '房贷客户', '信贷', '墨绿', '支付网关发生支付业务，客户风险评分已更新', [0.41, 0.48, 0.55, 0.62, 0.69, 0.76, 0.13, 0.2], 3, '2026-04-20 09:00:00'),
  (14, '年轻白领', '风险', '浅灰', '风控引擎发生开通理财业务，客户风险评分已更新', [0.54, 0.61, 0.68, 0.75, 0.12, 0.19, 0.26, 0.33], 3, '2026-04-20 09:00:00'),
  (15, '养老规划', '运营', '酒红', '监管报送发生修改手机号业务，客户风险评分已更新', [0.67, 0.74, 0.81, 0.18, 0.25, 0.32, 0.39, 0.46], 3, '2026-04-20 09:00:00'),
  (16, '沉睡APP用户', '零售', '米白', '客户中心发生登录业务，客户风险评分已更新', [0.8, 0.17, 0.24, 0.31, 0.38, 0.45, 0.52, 0.59], 1, '2026-04-20 09:00:00'),
  (17, '流失风险', '财富', '藏蓝', '交易核心发生转账业务，客户风险评分已更新', [0.23, 0.3, 0.37, 0.44, 0.51, 0.58, 0.65, 0.72], 1, '2026-04-20 09:00:00');

-- Table: bank_system_log
TRUNCATE TABLE `bank_system_log`;
INSERT INTO `bank_system_log`(`log_id`, `log_date`, `log_time`, `user_id`, `user_name`, `session_id`, `log_source`, `log_level`, `operation`, `ip_address`, `device_info`, `amount`, `result_code`, `error_msg`, `risk_score`, `log_content`, `created_at`) VALUES
  (10001, '2025-04-01', '2025-04-01 09:01:00', '客户001', '张伟', 'bank_sys_001', 'APP', 'INFO', '登录', 'bank_system_log_ip_address_1', '客户中心发生登录业务，客户风险评分已更新', 10.2500, 'C0001', '客户中心发生登录业务，客户风险评分已更新', 0.05, '客户中心发生登录业务，客户风险评分已更新', '2025-04-01 09:01:00'),
  (10002, '2025-04-02', '2025-04-02 09:02:00', '客户002', '王芳', 'bank_sys_002', 'WEB', 'WARN', '转账', 'bank_system_log_ip_address_2', '交易核心发生转账业务，客户风险评分已更新', 20.5000, 'C0002', '交易核心发生转账业务，客户风险评分已更新', 0.10, '交易核心发生转账业务，客户风险评分已更新', '2025-04-02 09:02:00'),
  (10003, '2025-04-03', '2025-04-03 09:03:00', '客户003', '李娜', 'bank_sys_003', 'ATM', 'ERROR', '支付', 'bank_system_log_ip_address_3', '支付网关发生支付业务，客户风险评分已更新', 30.7500, 'C0003', '支付网关发生支付业务，客户风险评分已更新', 0.15, '支付网关发生支付业务，客户风险评分已更新', '2025-04-03 09:03:00'),
  (10004, '2025-04-04', '2025-04-04 09:04:00', '客户004', '刘洋', 'bank_sys_004', '网点柜面', 'INFO', '开通理财', 'bank_system_log_ip_address_4', '风控引擎发生开通理财业务，客户风险评分已更新', 41.0000, 'C0004', '风控引擎发生开通理财业务，客户风险评分已更新', 0.20, '风控引擎发生开通理财业务，客户风险评分已更新', '2025-04-04 09:04:00'),
  (10005, '2025-04-05', '2025-04-05 09:05:00', '客户005', '陈晨', 'bank_sys_005', '批处理', 'WARN', '修改手机号', 'bank_system_log_ip_address_5', '监管报送发生修改手机号业务，客户风险评分已更新', 51.2500, 'C0005', '监管报送发生修改手机号业务，客户风险评分已更新', 0.25, '监管报送发生修改手机号业务，客户风险评分已更新', '2025-04-05 09:05:00');

-- Table: bank_system_log_ai_result
TRUNCATE TABLE `bank_system_log_ai_result`;
INSERT INTO `bank_system_log_ai_result`(`log_id`, `log_content`, `ai_tag`) VALUES
  (10001, '客户中心发生登录业务，客户风险评分已更新', '登录成功'),
  (10002, '交易核心发生转账业务，客户风险评分已更新', '交易成功'),
  (10003, '支付网关发生支付业务，客户风险评分已更新', '支付失败'),
  (10004, '风控引擎发生开通理财业务，客户风险评分已更新', '风险预警'),
  (10005, '监管报送发生修改手机号业务，客户风险评分已更新', '资料变更');

-- Table: bank_system_log_bak
TRUNCATE TABLE `bank_system_log_bak`;
INSERT INTO `bank_system_log_bak`(`log_id`, `log_time`, `log_level`, `system_module`, `log_content`, `ip_addr`, `device_info`, `ai_tag`) VALUES
  (10001, '2025-04-01 09:01:00', 'INFO', '客户中心', '客户中心发生登录业务，客户风险评分已更新', 'bank_system_log_bak_ip_addr_1', '客户中心发生登录业务，客户风险评分已更新', '登录成功'),
  (10002, '2025-04-02 09:02:00', 'WARN', '交易核心', '交易核心发生转账业务，客户风险评分已更新', 'bank_system_log_bak_ip_addr_2', '交易核心发生转账业务，客户风险评分已更新', '交易成功'),
  (10003, '2025-04-03 09:03:00', 'ERROR', '支付网关', '支付网关发生支付业务，客户风险评分已更新', 'bank_system_log_bak_ip_addr_3', '支付网关发生支付业务，客户风险评分已更新', '支付失败'),
  (10004, '2025-04-04 09:04:00', 'INFO', '风控引擎', '风控引擎发生开通理财业务，客户风险评分已更新', 'bank_system_log_bak_ip_addr_4', '风控引擎发生开通理财业务，客户风险评分已更新', '风险预警'),
  (10005, '2025-04-05 09:05:00', 'WARN', '监管报送', '监管报送发生修改手机号业务，客户风险评分已更新', 'bank_system_log_bak_ip_addr_5', '监管报送发生修改手机号业务，客户风险评分已更新', '资料变更');

-- Table: bank_system_log_tagged
TRUNCATE TABLE `bank_system_log_tagged`;
INSERT INTO `bank_system_log_tagged`(`log_id`, `log_date`, `log_time`, `user_id`, `user_name`, `log_source`, `operation`, `amount`, `risk_score`, `log_content`, `ai_tag`, `ai_tag_group`, `is_exception`, `is_risk`, `classify_time`, `classify_method`) VALUES
  (10001, '2025-04-01', '2025-04-01 09:01:00', '客户001', '张伟', 'APP', '登录', 10.2500, 0.05, '客户中心发生登录业务，客户风险评分已更新', '登录成功', '登录', 1, 1, '2025-04-01 09:01:00', '核心系统'),
  (10002, '2025-04-02', '2025-04-02 09:02:00', '客户002', '王芳', 'WEB', '转账', 20.5000, 0.10, '交易核心发生转账业务，客户风险评分已更新', '交易成功', '交易', 0, 0, '2025-04-02 09:02:00', '数据中台'),
  (10003, '2025-04-03', '2025-04-03 09:03:00', '客户003', '李娜', 'ATM', '支付', 30.7500, 0.15, '支付网关发生支付业务，客户风险评分已更新', '支付失败', '支付', 1, 1, '2025-04-03 09:03:00', '营销平台'),
  (10004, '2025-04-04', '2025-04-04 09:04:00', '客户004', '刘洋', '网点柜面', '开通理财', 41.0000, 0.20, '风控引擎发生开通理财业务，客户风险评分已更新', '风险预警', '风险', 0, 0, '2025-04-04 09:04:00', '监管平台'),
  (10005, '2025-04-05', '2025-04-05 09:05:00', '客户005', '陈晨', '批处理', '修改手机号', 51.2500, 0.25, '监管报送发生修改手机号业务，客户风险评分已更新', '资料变更', '客户', 1, 1, '2025-04-05 09:05:00', 'OpenMetadata');

-- Table: bank_system_log_with_ai
TRUNCATE TABLE `bank_system_log_with_ai`;
INSERT INTO `bank_system_log_with_ai`(`log_id`, `log_time`, `log_level`, `system_module`, `log_content`, `ai_tag`) VALUES
  (10001, '2025-04-01 09:01:00', 'INFO', '客户中心', '客户中心发生登录业务，客户风险评分已更新', '登录成功'),
  (10002, '2025-04-02 09:02:00', 'WARN', '交易核心', '交易核心发生转账业务，客户风险评分已更新', '交易成功'),
  (10003, '2025-04-03 09:03:00', 'ERROR', '支付网关', '支付网关发生支付业务，客户风险评分已更新', '支付失败'),
  (10004, '2025-04-04 09:04:00', 'INFO', '风控引擎', '风控引擎发生开通理财业务，客户风险评分已更新', '风险预警'),
  (10005, '2025-04-05 09:05:00', 'WARN', '监管报送', '监管报送发生修改手机号业务，客户风险评分已更新', '资料变更');

-- Table: biz_metrics
TRUNCATE TABLE `biz_metrics`;
INSERT INTO `biz_metrics`(`metric_date`, `metric_type`, `amount`, `yoy_growth`, `mom_growth`, `target_amount`, `created_at`) VALUES
  ('2025-04-01', 'Revenue', 10.25, 0.05, 0.05, 10.25, '2025-04-01 09:01:00'),
  ('2025-04-02', 'Cost', 20.50, 0.10, 0.10, 20.50, '2025-04-02 09:02:00'),
  ('2025-04-03', 'Profit', 30.75, 0.15, 0.15, 30.75, '2025-04-03 09:03:00'),
  ('2025-04-04', 'GMV', 41.00, 0.20, 0.20, 41.00, '2025-04-04 09:04:00'),
  ('2025-04-05', 'Fee', 51.25, 0.25, 0.25, 51.25, '2025-04-05 09:05:00');

-- Table: bj_metro_daily_flow
TRUNCATE TABLE `bj_metro_daily_flow`;
INSERT INTO `bj_metro_daily_flow`(`flow_date`, `station_id`, `line_id`, `inbound_count`, `outbound_count`, `peak_inbound`) VALUES
  ('2025-04-01', 'ST001', 'L01', 10, 10, 1),
  ('2025-04-02', 'ST002', 'L02', 20, 20, 2),
  ('2025-04-03', 'ST003', 'L03', 30, 30, 3),
  ('2025-04-04', 'ST004', 'L04', 40, 40, 4),
  ('2025-04-05', 'ST005', 'L05', 50, 50, 5);

-- Table: bj_metro_fault_log
TRUNCATE TABLE `bj_metro_fault_log`;
INSERT INTO `bj_metro_fault_log`(`fault_id`, `fault_time`, `line_id`, `station_id`, `device_type`, `fault_type`, `severity`, `description`, `resolve_time`, `resolve_min`, `status`, `handler`) VALUES
  ('bj_metro_001', '2025-04-01 09:01:00', 'L01', 'ST001', '闸机', '闸机', '低', '国贸站设备巡检发现闸机卡票，已安排处理', '2025-04-01 09:01:00', 1, '正常', '张审核'),
  ('bj_metro_002', '2025-04-02 09:02:00', 'L02', 'ST002', '扶梯', '扶梯', '中', '西直门站设备巡检发现扶梯停梯，已安排处理', '2025-04-02 09:02:00', 2, '运行中', '李复核'),
  ('bj_metro_003', '2025-04-03 09:03:00', 'L03', 'ST003', '信号', '信号', '高', '望京站设备巡检发现信号延迟，已安排处理', '2025-04-03 09:03:00', 3, '已成功', '王运营'),
  ('bj_metro_004', '2025-04-04 09:04:00', 'L04', 'ST004', '供电', '供电', '严重', '宋家庄站设备巡检发现供电波动，已安排处理', '2025-04-04 09:04:00', 4, '已生效', '陈风控'),
  ('bj_metro_005', '2025-04-05 09:05:00', 'L05', 'ST005', '屏蔽门', '屏蔽门', '提示', '北京南站设备巡检发现屏蔽门告警，已安排处理', '2025-04-05 09:05:00', 5, '已完成', '赵经理');

-- Table: bj_metro_hourly_flow
TRUNCATE TABLE `bj_metro_hourly_flow`;
INSERT INTO `bj_metro_hourly_flow`(`flow_date`, `flow_hour`, `line_id`, `total_passengers`, `overcapacity_cnt`) VALUES
  ('2025-04-01', 1, 'L01', 1, 10),
  ('2025-04-02', 2, 'L02', 2, 20),
  ('2025-04-03', 3, 'L03', 3, 30),
  ('2025-04-04', 4, 'L04', 4, 40),
  ('2025-04-05', 5, 'L05', 5, 50);

-- Table: bj_metro_lines
TRUNCATE TABLE `bj_metro_lines`;
INSERT INTO `bj_metro_lines`(`line_id`, `line_name`, `line_color`, `total_stations`, `total_length_km`, `open_year`, `daily_capacity_w`, `peak_interval_s`, `offpeak_interval_s`, `status`) VALUES
  ('L01', '1号线', 'bj_metro_l', 1, 10.25, 1, 1, 1, 1, '正常'),
  ('L02', '2号线', 'bj_metro_l', 2, 20.50, 2, 2, 2, 2, '运行中'),
  ('L03', '10号线', 'bj_metro_l', 3, 30.75, 3, 3, 3, 3, '已成功'),
  ('L04', '13号线', 'bj_metro_l', 4, 41.00, 4, 4, 4, 4, '已生效'),
  ('L05', '亦庄线', 'bj_metro_l', 5, 51.25, 5, 5, 5, 5, '已完成');

-- Table: bj_metro_train_ops
TRUNCATE TABLE `bj_metro_train_ops`;
INSERT INTO `bj_metro_train_ops`(`ops_date`, `line_id`, `planned_trains`, `actual_trains`, `punctuality_rate`, `delay_count`, `max_delay_sec`, `total_mileage_km`, `fault_count`) VALUES
  ('2025-04-01', 'L01', 1, 1, 0.0500, 10, 1, 26, 10),
  ('2025-04-02', 'L02', 2, 2, 0.1000, 20, 2, 27, 20),
  ('2025-04-03', 'L03', 3, 3, 0.1500, 30, 3, 28, 30),
  ('2025-04-04', 'L04', 4, 4, 0.2000, 40, 4, 29, 40),
  ('2025-04-05', 'L05', 5, 5, 0.2500, 50, 5, 30, 50);

-- Table: db_call_log
TRUNCATE TABLE `db_call_log`;
INSERT INTO `db_call_log`(`trace_id`, `span_id`, `call_time`, `operation`, `table_name`, `sql_text`, `duration_ms`, `rows_returned`, `offset_ms`, `error_message`) VALUES
  ('db_call__001', 'db_call__001', '2025-04-01 09:01:00', '登录', '客户宽表', 'INSERT INTO 目标表 SELECT * FROM 来源表', 0.0500, 1, 1, '客户中心发生登录业务，客户风险评分已更新'),
  ('db_call__002', 'db_call__002', '2025-04-02 09:02:00', '转账', '交易明细表', 'INSERT INTO 目标表 SELECT * FROM 来源表', 0.1000, 2, 2, '交易核心发生转账业务，客户风险评分已更新'),
  ('db_call__003', 'db_call__003', '2025-04-03 09:03:00', '支付', '日志标签表', 'INSERT INTO 目标表 SELECT * FROM 来源表', 0.1500, 3, 3, '支付网关发生支付业务，客户风险评分已更新'),
  ('db_call__004', 'db_call__004', '2025-04-04 09:04:00', '开通理财', '产品排行表', 'INSERT INTO 目标表 SELECT * FROM 来源表', 0.2000, 4, 4, '风控引擎发生开通理财业务，客户风险评分已更新'),
  ('db_call__005', 'db_call__005', '2025-04-05 09:05:00', '修改手机号', '监管主表', 'INSERT INTO 目标表 SELECT * FROM 来源表', 0.2500, 5, 5, '监管报送发生修改手机号业务，客户风险评分已更新');

-- Table: fund_basic
TRUNCATE TABLE `fund_basic`;
INSERT INTO `fund_basic`(`fund_id`, `fund_name`, `fund_type`, `sector_tag`, `manager_id`, `risk_level`, `fee_rate`, `inception_date`, `nav_yesterday`, `cumulative_nav`, `realtime_iopv`, `iopv_deviation`, `capital_inflow`, `capital_outflow`, `capital_net`, `trade_status`, `ret_1m`, `ret_3m`, `ret_6m`, `ret_1y`, `ret_inception`, `sharpe`, `sortino`, `alpha`, `beta`, `max_drawdown`, `volatility`, `update_ts`) VALUES
  ('FUND001', '华夏稳健增长混合', '混合型', '大金融', 'MGR001', 1, 0.0500, '2025-04-01', 1.1100, 1.1100, 1.1100, 1.1100, 1.1100, 1.1100, 1.1100, '正常', 1.1100, 1.1100, 1.1100, 1.1100, 1.1100, 1.1100, 1.1100, 1.1100, 1.1100, 1.1100, 1.1100, '2025-04-01 09:01:00'),
  ('FUND002', '南方现金增利货币', '货币型', '新能源', 'MGR002', 2, 0.1000, '2025-04-02', 2.2200, 2.2200, 2.2200, 2.2200, 2.2200, 2.2200, 2.2200, '运行中', 2.2200, 2.2200, 2.2200, 2.2200, 2.2200, 2.2200, 2.2200, 2.2200, 2.2200, 2.2200, 2.2200, '2025-04-02 09:02:00'),
  ('FUND003', '嘉实核心精选股票', '股票型', '消费零售', 'MGR003', 3, 0.1500, '2025-04-03', 3.3300, 3.3300, 3.3300, 3.3300, 3.3300, 3.3300, 3.3300, '已成功', 3.3300, 3.3300, 3.3300, 3.3300, 3.3300, 3.3300, 3.3300, 3.3300, 3.3300, 3.3300, 3.3300, '2025-04-03 09:03:00'),
  ('FUND004', '易方达均衡配置债券', '债券型', '先进制造', 'MGR004', 4, 0.2000, '2025-04-04', 4.4400, 4.4400, 4.4400, 4.4400, 4.4400, 4.4400, 4.4400, '已生效', 4.4400, 4.4400, 4.4400, 4.4400, 4.4400, 4.4400, 4.4400, 4.4400, 4.4400, 4.4400, 4.4400, '2025-04-04 09:04:00'),
  ('FUND005', '招商产业升级基金', '指数型', '数字经济', 'MGR005', 5, 0.2500, '2025-04-05', 5.5500, 5.5500, 5.5500, 5.5500, 5.5500, 5.5500, 5.5500, '已完成', 5.5500, 5.5500, 5.5500, 5.5500, 5.5500, 5.5500, 5.5500, 5.5500, 5.5500, 5.5500, 5.5500, '2025-04-05 09:05:00');

-- Table: fund_manager
TRUNCATE TABLE `fund_manager`;
INSERT INTO `fund_manager`(`manager_id`, `name`, `tenure_years`, `aum_bn`, `style_tag`, `turnover_rate`, `avg_alpha`, `total_return`, `max_drawdown`, `sharpe`) VALUES
  ('MGR001', '张伟', 1.1100, 1000.25, 'fund_manager_style_t', 0.0500, 1.1100, 1.1100, 1.1100, 1.1100),
  ('MGR002', '王芳', 2.2200, 2000.50, 'fund_manager_style_t', 0.1000, 2.2200, 2.2200, 2.2200, 2.2200),
  ('MGR003', '李娜', 3.3300, 3000.75, 'fund_manager_style_t', 0.1500, 3.3300, 3.3300, 3.3300, 3.3300),
  ('MGR004', '刘洋', 4.4400, 4001.00, 'fund_manager_style_t', 0.2000, 4.4400, 4.4400, 4.4400, 4.4400),
  ('MGR005', '陈晨', 5.5500, 5001.25, 'fund_manager_style_t', 0.2500, 5.5500, 5.5500, 5.5500, 5.5500);

-- Table: fund_nav_history
TRUNCATE TABLE `fund_nav_history`;
INSERT INTO `fund_nav_history`(`trade_date`, `fund_id`, `nav`, `cumulative_nav`, `daily_return`, `benchmark_ret`, `excess_ret`, `drawdown`, `rolling_sharpe`, `rolling_alpha`, `script_name`, `script_color`) VALUES
  ('2025-04-01', 'FUND001', 1.1100, 1.1100, 1.1100, 1.1100, 1.1100, 1.1100, 1.1100, 1.1100, '基准曲线', 'fund_nav_h'),
  ('2025-04-02', 'FUND002', 2.2200, 2.2200, 2.2200, 2.2200, 2.2200, 2.2200, 2.2200, 2.2200, '收益曲线', 'fund_nav_h'),
  ('2025-04-03', 'FUND003', 3.3300, 3.3300, 3.3300, 3.3300, 3.3300, 3.3300, 3.3300, 3.3300, '风险曲线', 'fund_nav_h'),
  ('2025-04-04', 'FUND004', 4.4400, 4.4400, 4.4400, 4.4400, 4.4400, 4.4400, 4.4400, 4.4400, '客群曲线', 'fund_nav_h'),
  ('2025-04-05', 'FUND005', 5.5500, 5.5500, 5.5500, 5.5500, 5.5500, 5.5500, 5.5500, 5.5500, '运营曲线', 'fund_nav_h');

-- Table: fund_position
TRUNCATE TABLE `fund_position`;
INSERT INTO `fund_position`(`fund_id`, `report_date`, `stock_code`, `stock_name`, `sector_l1`, `weight_pct`, `market_value_mn`, `price_contrib`, `alpha_contrib`) VALUES
  ('FUND001', '2025-04-01', 'C0001', '招商银行', '大金融', 0.0500, 1.1100, 1000.25, 1.1100),
  ('FUND002', '2025-04-02', 'C0002', '宁德时代', '新能源', 0.1000, 2.2200, 2000.50, 2.2200),
  ('FUND003', '2025-04-03', 'C0003', '贵州茅台', '消费零售', 0.1500, 3.3300, 3000.75, 3.3300),
  ('FUND004', '2025-04-04', 'C0004', '中国平安', '先进制造', 0.2000, 4.4400, 4001.00, 4.4400),
  ('FUND005', '2025-04-05', 'C0005', '中芯国际', '数字经济', 0.2500, 5.5500, 5001.25, 5.5500);

-- Table: ground_station
TRUNCATE TABLE `ground_station`;
INSERT INTO `ground_station`(`station_id`, `station_name`, `location`, `latitude`, `longitude`, `station_type`, `status`, `antenna_count`, `coverage_radius_km`, `daily_contacts`, `uptime_pct`) VALUES
  (10001, '国贸站', '朝阳区', 1.1100, 1.1100, '零售', '正常', 10, 26, 1, 0.0500),
  (10002, '西直门站', '西城区', 2.2200, 2.2200, '财富', '运行中', 20, 27, 2, 0.1000),
  (10003, '望京站', '海淀区', 3.3300, 3.3300, '信贷', '已成功', 30, 28, 3, 0.1500),
  (10004, '宋家庄站', '丰台区', 4.4400, 4.4400, '风险', '已生效', 40, 29, 4, 0.2000),
  (10005, '北京南站', '大兴区', 5.5500, 5.5500, '运营', '已完成', 50, 30, 5, 0.2500);

-- Table: mdm_jfmat
TRUNCATE TABLE `mdm_jfmat`;
INSERT INTO `mdm_jfmat`(`code`, `active`, `property_full`, `material_name`, `thread_spec`, `performance_grade`, `standard_code`) VALUES
  ('C0001', 1, 'M8标准牙', '高强度螺栓', 'M8标准牙', 'M8标准牙', 'C0001'),
  ('C0002', 2, '8.8级', '不锈钢垫圈', '8.8级', '8.8级', 'C0002'),
  ('C0003', 3, '镀锌防腐', '合金螺母', '镀锌防腐', '镀锌防腐', 'C0003'),
  ('C0004', 4, 'GB标准', '精密轴套', 'GB标准', 'GB标准', 'C0004'),
  ('C0005', 5, '高温耐受', '碳钢销轴', '高温耐受', '高温耐受', 'C0005');

-- Table: mfg_metrics_v2
TRUNCATE TABLE `mfg_metrics_v2`;
INSERT INTO `mfg_metrics_v2`(`ts`, `machine_id`, `line_id`, `machine_type`, `script_name`, `script_color`, `temperature`, `bearing_temp`, `coolant_temp`, `vibration`, `noise_level`, `spindle_speed`, `feed_rate`, `cutting_force`, `torque`, `motor_current`, `power_kw`, `hydraulic_bar`, `air_pressure`, `coolant_flow`, `tool_wear_pct`, `oee`, `availability`, `performance_rate`, `quality_rate`, `output_count`, `planned_output`, `defect_count`, `scrap_count`, `rework_count`, `cycle_time_s`, `plan_cycle_s`, `run_hours`, `yield_rate`, `first_pass_yield`, `scrap_rate`, `rework_rate`, `cpk_value`, `ppm_value`, `surface_roughness`, `dimensional_error`, `hardness_hrc`, `tensile_strength`, `energy_kwh`, `energy_per_unit`, `co2_kg`, `env_temp`, `env_humidity`, `coolant_consumed_l`, `compressed_air_m3`, `water_l`, `tool_change_cnt`, `alarm_count`, `unplanned_down_min`, `planned_down_min`, `mtbf_h`) VALUES
  ('2025-04-01 09:01:00', 'mfg_metr_001', 'L01', '零售', '基准曲线', 'mfg_metric', 1.1100, 1.1100, 1.1100, 0.0500, 1, 1, 0.0500, 1.1100, 1.1100, 1.1100, 1.1100, 1.1100, 1.1100, 1.1100, 0.0500, 1.1100, 1.1100, 0.0500, 0.0500, 10, 1, 10, 10, 10, 1.1100, 1.1100, 1.1100, 0.0500, 1.1100, 0.0500, 0.0500, 1.1100, 1, 1.1100, 1.1100, 1.1100, 1.1100, 1.1100, 1.1100, 1.1100, 1.1100, 1.1100, 1.1100, 1.1100, 1.1100, 10, 10, 1.1100, 1.1100, 1.1100),
  ('2025-04-02 09:02:00', 'mfg_metr_002', 'L02', '财富', '收益曲线', 'mfg_metric', 2.2200, 2.2200, 2.2200, 0.1000, 2, 2, 0.1000, 2.2200, 2.2200, 2.2200, 2.2200, 2.2200, 2.2200, 2.2200, 0.1000, 2.2200, 2.2200, 0.1000, 0.1000, 20, 2, 20, 20, 20, 2.2200, 2.2200, 2.2200, 0.1000, 2.2200, 0.1000, 0.1000, 2.2200, 2, 2.2200, 2.2200, 2.2200, 2.2200, 2.2200, 2.2200, 2.2200, 2.2200, 2.2200, 2.2200, 2.2200, 2.2200, 20, 20, 2.2200, 2.2200, 2.2200),
  ('2025-04-03 09:03:00', 'mfg_metr_003', 'L03', '信贷', '风险曲线', 'mfg_metric', 3.3300, 3.3300, 3.3300, 0.1500, 3, 3, 0.1500, 3.3300, 3.3300, 3.3300, 3.3300, 3.3300, 3.3300, 3.3300, 0.1500, 3.3300, 3.3300, 0.1500, 0.1500, 30, 3, 30, 30, 30, 3.3300, 3.3300, 3.3300, 0.1500, 3.3300, 0.1500, 0.1500, 3.3300, 3, 3.3300, 3.3300, 3.3300, 3.3300, 3.3300, 3.3300, 3.3300, 3.3300, 3.3300, 3.3300, 3.3300, 3.3300, 30, 30, 3.3300, 3.3300, 3.3300),
  ('2025-04-04 09:04:00', 'mfg_metr_004', 'L04', '风险', '客群曲线', 'mfg_metric', 4.4400, 4.4400, 4.4400, 0.2000, 4, 4, 0.2000, 4.4400, 4.4400, 4.4400, 4.4400, 4.4400, 4.4400, 4.4400, 0.2000, 4.4400, 4.4400, 0.2000, 0.2000, 40, 4, 40, 40, 40, 4.4400, 4.4400, 4.4400, 0.2000, 4.4400, 0.2000, 0.2000, 4.4400, 4, 4.4400, 4.4400, 4.4400, 4.4400, 4.4400, 4.4400, 4.4400, 4.4400, 4.4400, 4.4400, 4.4400, 4.4400, 40, 40, 4.4400, 4.4400, 4.4400),
  ('2025-04-05 09:05:00', 'mfg_metr_005', 'L05', '运营', '运营曲线', 'mfg_metric', 5.5500, 5.5500, 5.5500, 0.2500, 5, 5, 0.2500, 5.5500, 5.5500, 5.5500, 5.5500, 5.5500, 5.5500, 5.5500, 0.2500, 5.5500, 5.5500, 0.2500, 0.2500, 50, 5, 50, 50, 50, 5.5500, 5.5500, 5.5500, 0.2500, 5.5500, 0.2500, 0.2500, 5.5500, 5, 5.5500, 5.5500, 5.5500, 5.5500, 5.5500, 5.5500, 5.5500, 5.5500, 5.5500, 5.5500, 5.5500, 5.5500, 50, 50, 5.5500, 5.5500, 5.5500);

-- Table: mfg_production_metrics
TRUNCATE TABLE `mfg_production_metrics`;
INSERT INTO `mfg_production_metrics`(`ts`, `machine_id`, `line_id`, `temperature`, `vibration`, `output_count`, `defect_count`, `oee`, `yield_rate`, `script_name`, `script_color`) VALUES
  ('2025-04-01 09:01:00', 'mfg_prod_001', 'L01', 1.1100, 0.0500, 10, 10, 1.1100, 0.0500, '基准曲线', 'mfg_produc'),
  ('2025-04-02 09:02:00', 'mfg_prod_002', 'L02', 2.2200, 0.1000, 20, 20, 2.2200, 0.1000, '收益曲线', 'mfg_produc'),
  ('2025-04-03 09:03:00', 'mfg_prod_003', 'L03', 3.3300, 0.1500, 30, 30, 3.3300, 0.1500, '风险曲线', 'mfg_produc'),
  ('2025-04-04 09:04:00', 'mfg_prod_004', 'L04', 4.4400, 0.2000, 40, 40, 4.4400, 0.2000, '客群曲线', 'mfg_produc'),
  ('2025-04-05 09:05:00', 'mfg_prod_005', 'L05', 5.5500, 0.2500, 50, 50, 5.5500, 0.2500, '运营曲线', 'mfg_produc');

-- Table: news_article
TRUNCATE TABLE `news_article`;
INSERT INTO `news_article`(`article_id`, `publish_ts`, `title`, `content`, `source`, `sector_tag`, `ai_summary`, `summarized`, `ai_sentiment`, `sentiment_score`, `sentiment_done`, `ai_extract`, `extracted`, `ai_method`) VALUES
  ('INV001', '2026-04-01 09:01:00', '多资产配置关注久期、红利与黄金避险', '多家机构认为通胀回落和政策利率见顶有利于中长期债券和高质量权益资产。投资组合更强调分散配置，黄金和现金缓冲仍用于应对地缘风险与市场波动。', '全球资产观察', '宏观配置', NULL, 0, NULL, NULL, 0, NULL, 0, 'PENDING'),
  ('INV002', '2026-04-02 09:02:00', '银行红利策略回暖，息差与信用成本边际改善', '银行板块受到收益型资金重新关注。存款成本压力缓和、贷款重定价逐步体现，部分大型银行资本充足率稳定，分红和回购预期增强。', '机构银行周刊', '银行', NULL, 0, NULL, NULL, 0, NULL, 0, 'PENDING'),
  ('INV003', '2026-04-03 09:03:00', 'AI半导体产业链从GPU扩展至存储、封装与网络', 'AI算力投资进入扩散阶段，高带宽存储、先进封装、光模块和电源管理需求提升。机构提示估值分化加大，需关注订单确定性和产能稀缺性。', '科技投资日报', '半导体', NULL, 0, NULL, NULL, 0, NULL, 0, 'PENDING'),
  ('INV004', '2026-04-04 09:04:00', '新能源投资从产能扩张转向盈利质量与出海执行', '新能源行业仍具长期空间，但市场更关注现金流、海外交付和电网接入能力。储能集成、逆变器和输配电设备成为更稳定的投资线索。', '清洁能源资本', '新能源', NULL, 0, NULL, NULL, 0, NULL, 0, 'PENDING'),
  ('INV005', '2026-04-05 09:05:00', '消费复苏呈现结构分化，服务体验类需求更强', '旅游、餐饮、运动赛事和会员制零售表现较好，耐用品和低端可选消费仍偏谨慎。企业能否维持毛利率和复购率成为选股关键。', '亚洲消费策略', '消费', NULL, 0, NULL, NULL, 0, NULL, 0, 'PENDING');

-- Table: position_metrics
TRUNCATE TABLE `position_metrics`;
INSERT INTO `position_metrics`(`metric_date`, `asset_class`, `position_amount`, `position_ratio`, `market_value`, `profit_loss`, `pl_ratio`, `created_at`) VALUES
  ('2025-04-01', 'position_metrics_asset_class_1', 10.25, 0.05, 10.25, 10.25, 0.05, '2025-04-01 09:01:00'),
  ('2025-04-02', 'position_metrics_asset_class_2', 20.50, 0.10, 20.50, 20.50, 0.10, '2025-04-02 09:02:00'),
  ('2025-04-03', 'position_metrics_asset_class_3', 30.75, 0.15, 30.75, 30.75, 0.15, '2025-04-03 09:03:00'),
  ('2025-04-04', 'position_metrics_asset_class_4', 41.00, 0.20, 41.00, 41.00, 0.20, '2025-04-04 09:04:00'),
  ('2025-04-05', 'position_metrics_asset_class_5', 51.25, 0.25, 51.25, 51.25, 0.25, '2025-04-05 09:05:00');

-- Table: product_marketing
TRUNCATE TABLE `product_marketing`;
INSERT INTO `product_marketing`(`metric_date`, `product_name`, `category`, `sales_amount`, `sales_count`, `success_rate`, `customer_acquisition`, `repurchase_rate`, `rating`, `created_at`) VALUES
  ('2025-04-01', '活期存款', '服饰', 10.25, 10, 0.05, 1, 0.05, 10.2, '2025-04-01 09:01:00'),
  ('2025-04-02', '稳健理财', '箱包', 20.50, 20, 0.10, 2, 0.10, 20.5, '2025-04-02 09:02:00'),
  ('2025-04-03', '信用贷款', '鞋靴', 30.75, 30, 0.15, 3, 0.15, 30.8, '2025-04-03 09:03:00'),
  ('2025-04-04', '基金组合', '家居', 41.00, 40, 0.20, 4, 0.20, 41.0, '2025-04-04 09:04:00'),
  ('2025-04-05', '保险保障', '户外', 51.25, 50, 0.25, 5, 0.25, 51.2, '2025-04-05 09:05:00');

-- Table: risk_metrics
TRUNCATE TABLE `risk_metrics`;
INSERT INTO `risk_metrics`(`metric_date`, `risk_level`, `exposure_amount`, `default_count`, `default_rate`, `coverage_ratio`, `overdue_amount`, `created_at`) VALUES
  ('2025-04-01', '低', 10.25, 10, 0.0500, 26, 10.25, '2025-04-01 09:01:00'),
  ('2025-04-02', '中', 20.50, 20, 0.1000, 27, 20.50, '2025-04-02 09:02:00'),
  ('2025-04-03', '高', 30.75, 30, 0.1500, 28, 30.75, '2025-04-03 09:03:00'),
  ('2025-04-04', '严重', 41.00, 40, 0.2000, 29, 41.00, '2025-04-04 09:04:00'),
  ('2025-04-05', '低', 51.25, 50, 0.2500, 30, 51.25, '2025-04-05 09:05:00');

-- Table: satellite_collect_data
TRUNCATE TABLE `satellite_collect_data`;
INSERT INTO `satellite_collect_data`(`id`, `satellite_id`, `satellite_name`, `satellite_type`, `sensor_id`, `collect_time`, `data_type`, `target_id`, `target_type`, `longitude`, `latitude`, `data_quality`, `data_size`, `status`, `task_id`, `created_at`) VALUES
  (10001, 'satellit_001', 'Satellite 1', '零售', 'satellit_001', 1, '零售', 'satellit_001', '零售', 10.250000, 10.250000, 1, 1, '正常', 'satellit_001', 1),
  (10002, 'satellit_002', 'Satellite 2', '财富', 'satellit_002', 2, '财富', 'satellit_002', '财富', 20.500000, 20.500000, 2, 2, '运行中', 'satellit_002', 2),
  (10003, 'satellit_003', 'Satellite 3', '信贷', 'satellit_003', 3, '信贷', 'satellit_003', '信贷', 30.750000, 30.750000, 3, 3, '已成功', 'satellit_003', 3),
  (10004, 'satellit_004', 'Satellite 4', '风险', 'satellit_004', 4, '风险', 'satellit_004', '风险', 41.000000, 41.000000, 4, 4, '已生效', 'satellit_004', 4),
  (10005, 'satellit_005', 'Satellite 5', '运营', 'satellit_005', 5, '运营', 'satellit_005', '运营', 51.250000, 51.250000, 5, 5, '已完成', 'satellit_005', 5);

-- Table: satellite_info
TRUNCATE TABLE `satellite_info`;
INSERT INTO `satellite_info`(`satellite_id`, `satellite_name`, `satellite_type`, `orbit_type`, `launch_date`, `status`, `operator`, `country`, `altitude_km`, `inclination_deg`, `period_min`, `payload_type`, `mass_kg`) VALUES
  (10001, 'Satellite 1', '零售', '零售', '2025-04-01', '正常', '张审核', 'satellite_info_count', 1.1100, 1.1100, 1.1100, '零售', 1.1100),
  (10002, 'Satellite 2', '财富', '财富', '2025-04-02', '运行中', '李复核', 'satellite_info_count', 2.2200, 2.2200, 2.2200, '财富', 2.2200),
  (10003, 'Satellite 3', '信贷', '信贷', '2025-04-03', '已成功', '王运营', 'satellite_info_count', 3.3300, 3.3300, 3.3300, '信贷', 3.3300),
  (10004, 'Satellite 4', '风险', '风险', '2025-04-04', '已生效', '陈风控', 'satellite_info_count', 4.4400, 4.4400, 4.4400, '风险', 4.4400),
  (10005, 'Satellite 5', '运营', '运营', '2025-04-05', '已完成', '赵经理', 'satellite_info_count', 5.5500, 5.5500, 5.5500, '运营', 5.5500);

-- Table: satellite_task
TRUNCATE TABLE `satellite_task`;
INSERT INTO `satellite_task`(`task_id`, `satellite_id`, `task_type`, `task_time`, `target_area`, `priority`, `status`, `duration_min`, `data_volume_gb`, `resolution_m`, `coverage_km2`) VALUES
  (10001, 10001, '零售', '2025-04-01 09:01:00', 'satellite_task_target_area_1', 1, '正常', 0.0500, 1.1100, 1.1100, 26),
  (10002, 10002, '财富', '2025-04-02 09:02:00', 'satellite_task_target_area_2', 2, '运行中', 0.1000, 2.2200, 2.2200, 27),
  (10003, 10003, '信贷', '2025-04-03 09:03:00', 'satellite_task_target_area_3', 3, '已成功', 0.1500, 3.3300, 3.3300, 28),
  (10004, 10004, '风险', '2025-04-04 09:04:00', 'satellite_task_target_area_4', 4, '已生效', 0.2000, 4.4400, 4.4400, 29),
  (10005, 10005, '运营', '2025-04-05 09:05:00', 'satellite_task_target_area_5', 5, '已完成', 0.2500, 5.5500, 5.5500, 30);

-- Table: satellite_telemetry
TRUNCATE TABLE `satellite_telemetry`;
INSERT INTO `satellite_telemetry`(`record_id`, `satellite_id`, `record_time`, `battery_pct`, `solar_power_w`, `cpu_temp_c`, `signal_strength_db`, `orbit_altitude_km`, `attitude_roll`, `attitude_pitch`, `attitude_yaw`, `anomaly_flag`) VALUES
  (10001, 10001, '2025-04-01 09:01:00', 0.0500, 1.1100, 1.1100, 1.1100, 1.1100, 1.1100, 1.1100, 1.1100, 1),
  (10002, 10002, '2025-04-02 09:02:00', 0.1000, 2.2200, 2.2200, 2.2200, 2.2200, 2.2200, 2.2200, 2.2200, 0),
  (10003, 10003, '2025-04-03 09:03:00', 0.1500, 3.3300, 3.3300, 3.3300, 3.3300, 3.3300, 3.3300, 3.3300, 1),
  (10004, 10004, '2025-04-04 09:04:00', 0.2000, 4.4400, 4.4400, 4.4400, 4.4400, 4.4400, 4.4400, 4.4400, 0),
  (10005, 10005, '2025-04-05 09:05:00', 0.2500, 5.5500, 5.5500, 5.5500, 5.5500, 5.5500, 5.5500, 5.5500, 1);

-- Table: satellite_telemetry_hf
TRUNCATE TABLE `satellite_telemetry_hf`;
INSERT INTO `satellite_telemetry_hf`(`record_id`, `satellite_id`, `record_time`, `battery_pct`, `solar_power_w`, `cpu_temp_c`, `thermal_payload_c`, `signal_strength_db`, `link_snr_db`, `orbit_altitude_km`, `attitude_error_deg`, `data_buffer_pct`, `anomaly_flag`) VALUES
  (10001, 10001, '2025-04-01 09:01:00', 0.0500, 1.1100, 1.1100, 1.1100, 1.1100, 1.1100, 1.1100, 1.1100, 0.0500, 1),
  (10002, 10002, '2025-04-02 09:02:00', 0.1000, 2.2200, 2.2200, 2.2200, 2.2200, 2.2200, 2.2200, 2.2200, 0.1000, 0),
  (10003, 10003, '2025-04-03 09:03:00', 0.1500, 3.3300, 3.3300, 3.3300, 3.3300, 3.3300, 3.3300, 3.3300, 0.1500, 1),
  (10004, 10004, '2025-04-04 09:04:00', 0.2000, 4.4400, 4.4400, 4.4400, 4.4400, 4.4400, 4.4400, 4.4400, 0.2000, 0),
  (10005, 10005, '2025-04-05 09:05:00', 0.2500, 5.5500, 5.5500, 5.5500, 5.5500, 5.5500, 5.5500, 5.5500, 0.2500, 1);

-- Table: sec_account_snapshot
TRUNCATE TABLE `sec_account_snapshot`;
INSERT INTO `sec_account_snapshot`(`account_id`, `client_name`, `branch_id`, `branch_name`, `rm_name`, `client_tier`, `risk_level`, `total_asset`, `cash_amt`, `market_value`, `unrealized_pnl`, `pnl_pct`, `margin_debt`, `maintenance_ratio`, `concentration_pct`, `position_count`, `trade_count_today`, `turnover_today`, `last_trade_ts`, `update_ts`) VALUES
  ('sec_acco_001', 'Client 1', 'sec_acco_0', '网点 1', 'Rm 1', 'sec_account_snapshot', 1, 1.1100, 1.1100, 1.1100, 1.1100, 0.0500, 1.1100, 0.0500, 0.0500, 10, 10, 1.1100, '2025-04-01 09:01:00', '2025-04-01 09:01:00'),
  ('sec_acco_002', 'Client 2', 'sec_acco_0', '网点 2', 'Rm 2', 'sec_account_snapshot', 2, 2.2200, 2.2200, 2.2200, 2.2200, 0.1000, 2.2200, 0.1000, 0.1000, 20, 20, 2.2200, '2025-04-02 09:02:00', '2025-04-02 09:02:00'),
  ('sec_acco_003', 'Client 3', 'sec_acco_0', '网点 3', 'Rm 3', 'sec_account_snapshot', 3, 3.3300, 3.3300, 3.3300, 3.3300, 0.1500, 3.3300, 0.1500, 0.1500, 30, 30, 3.3300, '2025-04-03 09:03:00', '2025-04-03 09:03:00'),
  ('sec_acco_004', 'Client 4', 'sec_acco_0', '网点 4', 'Rm 4', 'sec_account_snapshot', 4, 4.4400, 4.4400, 4.4400, 4.4400, 0.2000, 4.4400, 0.2000, 0.2000, 40, 40, 4.4400, '2025-04-04 09:04:00', '2025-04-04 09:04:00'),
  ('sec_acco_005', 'Client 5', 'sec_acco_0', '网点 5', 'Rm 5', 'sec_account_snapshot', 5, 5.5500, 5.5500, 5.5500, 5.5500, 0.2500, 5.5500, 0.2500, 0.2500, 50, 50, 5.5500, '2025-04-05 09:05:00', '2025-04-05 09:05:00');

-- Table: sec_branch_metrics
TRUNCATE TABLE `sec_branch_metrics`;
INSERT INTO `sec_branch_metrics`(`ts`, `branch_id`, `branch_name`, `turnover_amt`, `commission_amt`, `buy_amt`, `sell_amt`, `net_inflow_amt`, `active_clients`, `margin_clients`, `avg_maintenance`, `phase_name`) VALUES
  ('2025-04-01 09:01:00', 'sec_bran_0', '网点 1', 1.1100, 1.1100, 1.1100, 1.1100, 1.1100, 1, 1, 1.1100, 'Phase 1'),
  ('2025-04-02 09:02:00', 'sec_bran_0', '网点 2', 2.2200, 2.2200, 2.2200, 2.2200, 2.2200, 2, 2, 2.2200, 'Phase 2'),
  ('2025-04-03 09:03:00', 'sec_bran_0', '网点 3', 3.3300, 3.3300, 3.3300, 3.3300, 3.3300, 3, 3, 3.3300, 'Phase 3'),
  ('2025-04-04 09:04:00', 'sec_bran_0', '网点 4', 4.4400, 4.4400, 4.4400, 4.4400, 4.4400, 4, 4, 4.4400, 'Phase 4'),
  ('2025-04-05 09:05:00', 'sec_bran_0', '网点 5', 5.5500, 5.5500, 5.5500, 5.5500, 5.5500, 5, 5, 5.5500, 'Phase 5');

-- Table: sec_market_minute
TRUNCATE TABLE `sec_market_minute`;
INSERT INTO `sec_market_minute`(`ts`, `symbol`, `security_name`, `sector_name`, `last_price`, `change_pct`, `volume_lot`, `turnover_amt`, `net_inflow_amt`, `phase_name`) VALUES
  ('2025-04-01 09:01:00', 'C0001', 'Security 1', 'Sector 1', 1000.25, 0.0500, 1, 1.1100, 1.1100, 'Phase 1'),
  ('2025-04-02 09:02:00', 'C0002', 'Security 2', 'Sector 2', 2000.50, 0.1000, 2, 2.2200, 2.2200, 'Phase 2'),
  ('2025-04-03 09:03:00', 'C0003', 'Security 3', 'Sector 3', 3000.75, 0.1500, 3, 3.3300, 3.3300, 'Phase 3'),
  ('2025-04-04 09:04:00', 'C0004', 'Security 4', 'Sector 4', 4001.00, 0.2000, 4, 4.4400, 4.4400, 'Phase 4'),
  ('2025-04-05 09:05:00', 'C0005', 'Security 5', 'Sector 5', 5001.25, 0.2500, 5, 5.5500, 5.5500, 'Phase 5');

-- Table: sec_position_snapshot
TRUNCATE TABLE `sec_position_snapshot`;
INSERT INTO `sec_position_snapshot`(`account_id`, `symbol`, `security_name`, `sector_name`, `branch_id`, `branch_name`, `qty`, `available_qty`, `avg_cost`, `last_price`, `market_value`, `cost_amount`, `unrealized_pnl`, `pnl_pct`, `weight_pct`, `update_ts`) VALUES
  ('sec_posi_001', 'C0001', 'Security 1', 'Sector 1', 'sec_posi_0', '网点 1', 1, 1, 1000.25, 1000.25, 1.1100, 1000.25, 1.1100, 0.0500, 0.0500, '2025-04-01 09:01:00'),
  ('sec_posi_002', 'C0002', 'Security 2', 'Sector 2', 'sec_posi_0', '网点 2', 2, 2, 2000.50, 2000.50, 2.2200, 2000.50, 2.2200, 0.1000, 0.1000, '2025-04-02 09:02:00'),
  ('sec_posi_003', 'C0003', 'Security 3', 'Sector 3', 'sec_posi_0', '网点 3', 3, 3, 3000.75, 3000.75, 3.3300, 3000.75, 3.3300, 0.1500, 0.1500, '2025-04-03 09:03:00'),
  ('sec_posi_004', 'C0004', 'Security 4', 'Sector 4', 'sec_posi_0', '网点 4', 4, 4, 4001.00, 4001.00, 4.4400, 4001.00, 4.4400, 0.2000, 0.2000, '2025-04-04 09:04:00'),
  ('sec_posi_005', 'C0005', 'Security 5', 'Sector 5', 'sec_posi_0', '网点 5', 5, 5, 5001.25, 5001.25, 5.5500, 5001.25, 5.5500, 0.2500, 0.2500, '2025-04-05 09:05:00');

-- Table: sec_risk_snapshot
TRUNCATE TABLE `sec_risk_snapshot`;
INSERT INTO `sec_risk_snapshot`(`alert_id`, `account_id`, `client_name`, `branch_id`, `branch_name`, `alert_type`, `risk_level`, `metric_value`, `threshold_value`, `position_symbol`, `position_name`, `suggestion`, `status`, `update_ts`) VALUES
  ('sec_risk_001', 'sec_risk_001', 'Client 1', 'sec_risk_0', '网点 1', '零售', '低', 1.1100, 1.1100, 'C0001', 'Position 1', 'sec_risk_snapshot_suggestion_1', '正常', '2025-04-01 09:01:00'),
  ('sec_risk_002', 'sec_risk_002', 'Client 2', 'sec_risk_0', '网点 2', '财富', '中', 2.2200, 2.2200, 'C0002', 'Position 2', 'sec_risk_snapshot_suggestion_2', '运行中', '2025-04-02 09:02:00'),
  ('sec_risk_003', 'sec_risk_003', 'Client 3', 'sec_risk_0', '网点 3', '信贷', '高', 3.3300, 3.3300, 'C0003', 'Position 3', 'sec_risk_snapshot_suggestion_3', '已成功', '2025-04-03 09:03:00'),
  ('sec_risk_004', 'sec_risk_004', 'Client 4', 'sec_risk_0', '网点 4', '风险', '严重', 4.4400, 4.4400, 'C0004', 'Position 4', 'sec_risk_snapshot_suggestion_4', '已生效', '2025-04-04 09:04:00'),
  ('sec_risk_005', 'sec_risk_005', 'Client 5', 'sec_risk_0', '网点 5', '运营', '低', 5.5500, 5.5500, 'C0005', 'Position 5', 'sec_risk_snapshot_suggestion_5', '已完成', '2025-04-05 09:05:00');

-- Table: sec_trade_detail
TRUNCATE TABLE `sec_trade_detail`;
INSERT INTO `sec_trade_detail`(`trade_id`, `ts`, `account_id`, `client_name`, `branch_id`, `branch_name`, `rm_name`, `symbol`, `security_name`, `sector_name`, `side`, `price`, `qty`, `amount`, `fee`, `channel`, `phase_name`) VALUES
  ('sec_trad_001', '2025-04-01 09:01:00', 'sec_trad_001', 'Client 1', 'sec_trad_0', '网点 1', 'Rm 1', 'C0001', 'Security 1', 'Sector 1', 'sec_trade_', 1000.25, 1, 1000.25, 1.1100, '手机银行', 'Phase 1'),
  ('sec_trad_002', '2025-04-02 09:02:00', 'sec_trad_002', 'Client 2', 'sec_trad_0', '网点 2', 'Rm 2', 'C0002', 'Security 2', 'Sector 2', 'sec_trade_', 2000.50, 2, 2000.50, 2.2200, '网点柜面', 'Phase 2'),
  ('sec_trad_003', '2025-04-03 09:03:00', 'sec_trad_003', 'Client 3', 'sec_trad_0', '网点 3', 'Rm 3', 'C0003', 'Security 3', 'Sector 3', 'sec_trade_', 3000.75, 3, 3000.75, 3.3300, '网上银行', 'Phase 3'),
  ('sec_trad_004', '2025-04-04 09:04:00', 'sec_trad_004', 'Client 4', 'sec_trad_0', '网点 4', 'Rm 4', 'C0004', 'Security 4', 'Sector 4', 'sec_trade_', 4001.00, 4, 4001.00, 4.4400, '微信小程序', 'Phase 4'),
  ('sec_trad_005', '2025-04-05 09:05:00', 'sec_trad_005', 'Client 5', 'sec_trad_0', '网点 5', 'Rm 5', 'C0005', 'Security 5', 'Sector 5', 'sec_trade_', 5001.25, 5, 5001.25, 5.5500, '开放接口', 'Phase 5');

-- Table: service_log
TRUNCATE TABLE `service_log`;
INSERT INTO `service_log`(`trace_id`, `span_id`, `request_time`, `method`, `path`, `status_code`, `duration_ms`, `ip_address`, `user_agent`, `error_message`, `tags`) VALUES
  ('service__001', 'service__001', '2025-04-01 09:01:00', '登录', '/api/customer/profile', 1, 0.0500, 'service_log_ip_address_1', 'service_log_user_agent_1', '客户中心发生登录业务，客户风险评分已更新', '["demo","english","mock"]'),
  ('service__002', 'service__002', '2025-04-02 09:02:00', '转账', '/api/transfer/submit', 2, 0.1000, 'service_log_ip_address_2', 'service_log_user_agent_2', '交易核心发生转账业务，客户风险评分已更新', '["demo","english","mock"]'),
  ('service__003', 'service__003', '2025-04-03 09:03:00', '支付', '/api/payment/result', 3, 0.1500, 'service_log_ip_address_3', 'service_log_user_agent_3', '支付网关发生支付业务，客户风险评分已更新', '["demo","english","mock"]'),
  ('service__004', 'service__004', '2025-04-04 09:04:00', '开通理财', '/api/risk/score', 4, 0.2000, 'service_log_ip_address_4', 'service_log_user_agent_4', '风控引擎发生开通理财业务，客户风险评分已更新', '["demo","english","mock"]'),
  ('service__005', 'service__005', '2025-04-05 09:05:00', '修改手机号', '/api/report/submit', 5, 0.2500, 'service_log_ip_address_5', 'service_log_user_agent_5', '监管报送发生修改手机号业务，客户风险评分已更新', '["demo","english","mock"]');

-- Table: sys_logs
TRUNCATE TABLE `sys_logs`;
INSERT INTO `sys_logs`(`trace_id`, `log_time`, `level`, `service`, `method`, `path`, `status_code`, `duration_ms`, `db_time_ms`, `message`, `log_tag`) VALUES
  ('sys_logs_001', '2025-04-01 09:01:00.000', 'L1', '核心系统', '登录', '/api/customer/profile', 1, 0.0500, 1.1100, '客户中心发生登录业务，客户风险评分已更新', '登录成功'),
  ('sys_logs_002', '2025-04-02 09:02:00.000', 'L2', '数据中台', '转账', '/api/transfer/submit', 2, 0.1000, 2.2200, '交易核心发生转账业务，客户风险评分已更新', '交易成功'),
  ('sys_logs_003', '2025-04-03 09:03:00.000', 'L3', '营销平台', '支付', '/api/payment/result', 3, 0.1500, 3.3300, '支付网关发生支付业务，客户风险评分已更新', '支付失败'),
  ('sys_logs_004', '2025-04-04 09:04:00.000', 'L4', '监管平台', '理财', '/api/risk/score', 4, 0.2000, 4.4400, '风控引擎发生开通理财业务，客户风险评分已更新', '风险预警'),
  ('sys_logs_005', '2025-04-05 09:05:00.000', 'L5', 'OpenMetadata', '改号', '/api/report/submit', 5, 0.2500, 5.5500, '监管报送发生修改手机号业务，客户风险评分已更新', '资料变更');

-- Table: sys_spans
TRUNCATE TABLE `sys_spans`;
INSERT INTO `sys_spans`(`trace_id`, `span_id`, `parent_span_id`, `span_time`, `service`, `operation`, `offset_ms`, `duration_ms`, `status`, `db_query`) VALUES
  ('sys_span_001', 'sys_span_001', 'sys_span_001', '2025-04-01 09:01:00.000', '核心系统', '登录', 1.1100, 0.0500, '正常', 'sys_spans_db_query_1'),
  ('sys_span_002', 'sys_span_002', 'sys_span_002', '2025-04-02 09:02:00.000', '数据中台', '转账', 2.2200, 0.1000, '运行中', 'sys_spans_db_query_2'),
  ('sys_span_003', 'sys_span_003', 'sys_span_003', '2025-04-03 09:03:00.000', '营销平台', '支付', 3.3300, 0.1500, '已成功', 'sys_spans_db_query_3'),
  ('sys_span_004', 'sys_span_004', 'sys_span_004', '2025-04-04 09:04:00.000', '监管平台', '开通理财', 4.4400, 0.2000, '已生效', 'sys_spans_db_query_4'),
  ('sys_span_005', 'sys_span_005', 'sys_span_005', '2025-04-05 09:05:00.000', 'OpenMetadata', '修改手机号', 5.5500, 0.2500, '已完成', 'sys_spans_db_query_5');

-- Table: tag_dict
TRUNCATE TABLE tag_dict;
INSERT INTO tag_dict(`tag_id`, `tag_category`, `tag_name`, `tag_label`, `tag_desc`, `value_type`, `value_options`, `source_table`, `source_field`, `is_ai_tag`, `enable_bitmap`, `status`, `sort_order`, `created_at`) VALUES
  (1, 'asset', '热销', '高净值客户', '客户中心发生登录业务，客户风险评分已更新', 'BOOLEAN', '["yes","no"]', 'user_wide', 'aum_total', 0, 1, 1, 10, '2026-04-20 09:30:00'),
  (2, 'product', '新品', '基金投资者', '交易核心发生转账业务，客户风险评分已更新', 'BOOLEAN', '["yes","no"]', 'user_wide', 'deposit_amount', 0, 1, 1, 20, '2026-04-20 09:30:00'),
  (3, 'channel', '高毛利', '手机银行活跃', '支付网关发生支付业务，客户风险评分已更新', 'BOOLEAN', '["yes","no"]', 'user_wide', 'app_login_30d', 0, 1, 1, 30, '2026-04-20 09:30:00'),
  (4, 'customer', '会员偏好', '代发工资客户', '风控引擎发生开通理财业务，客户风险评分已更新', 'BOOLEAN', '["yes","no"]', 'user_wide', 'fund_amount', 0, 1, 1, 40, '2026-04-20 09:30:00'),
  (5, 'product', '清仓', '信用卡活跃', '监管报送发生修改手机号业务，客户风险评分已更新', 'BOOLEAN', '["yes","no"]', 'user_wide', 'has_mortgage', 0, 1, 1, 50, '2026-04-20 09:30:00'),
  (6, 'product', '热销', '理财意向客户', '客户中心发生登录业务，客户风险评分已更新', 'BOOLEAN', '["yes","no"]', 'user_wide', 'has_credit_card', 0, 1, 1, 60, '2026-04-20 09:30:00'),
  (7, 'growth', '新品', '交叉销售候选', '交易核心发生转账业务，客户风险评分已更新', 'BOOLEAN', '["yes","no"]', 'user_wide', 'wm_amount', 0, 1, 1, 70, '2026-04-20 09:30:00'),
  (8, 'business', '高毛利', '小微企业主', '支付网关发生支付业务，客户风险评分已更新', 'BOOLEAN', '["yes","no"]', 'user_wide', 'insurance_amount', 0, 1, 1, 80, '2026-04-20 09:30:00'),
  (9, 'risk', '会员偏好', '贷款风险关注', '风控引擎发生开通理财业务，客户风险评分已更新', 'BOOLEAN', '["yes","no"]', 'user_wide', 'risk_level', 1, 1, 1, 90, '2026-04-20 09:30:00'),
  (10, 'channel', '清仓', '网点偏好', '监管报送发生修改手机号业务，客户风险评分已更新', 'BOOLEAN', '["yes","no"]', 'user_wide', 'churn_prob', 0, 1, 1, 100, '2026-04-20 09:30:00'),
  (11, 'product', '热销', '家庭金融', '客户中心发生登录业务，客户风险评分已更新', 'BOOLEAN', '["yes","no"]', 'user_wide', 'preferred_channel', 0, 1, 1, 110, '2026-04-20 09:30:00'),
  (12, 'product', '新品', '保险潜客', '交易核心发生转账业务，客户风险评分已更新', 'BOOLEAN', '["yes","no"]', 'user_wide', 'loan_amount', 0, 1, 1, 120, '2026-04-20 09:30:00'),
  (13, 'product', '高毛利', '房贷客户', '支付网关发生支付业务，客户风险评分已更新', 'BOOLEAN', '["yes","no"]', 'user_wide', 'product_count', 0, 1, 1, 130, '2026-04-20 09:30:00'),
  (14, 'customer', '会员偏好', '年轻白领', '风控引擎发生开通理财业务，客户风险评分已更新', 'BOOLEAN', '["yes","no"]', 'user_wide', 'active_level', 0, 1, 1, 140, '2026-04-20 09:30:00'),
  (15, 'product', '清仓', '养老规划', '监管报送发生修改手机号业务，客户风险评分已更新', 'BOOLEAN', '["yes","no"]', 'user_wide', 'lifecycle_stage', 0, 1, 1, 150, '2026-04-20 09:30:00'),
  (16, 'activity', '热销', '沉睡APP用户', '客户中心发生登录业务，客户风险评分已更新', 'BOOLEAN', '["yes","no"]', 'user_wide', 'log_tags', 0, 1, 1, 160, '2026-04-20 09:30:00'),
  (17, 'risk', '新品', '流失风险', '交易核心发生转账业务，客户风险评分已更新', 'BOOLEAN', '["yes","no"]', 'user_wide', 'asset_level', 1, 1, 1, 170, '2026-04-20 09:30:00');

-- Table: user_avatar
TRUNCATE TABLE user_avatar;
INSERT INTO user_avatar(`user_id`, `user_name`, `avatar_style`, `description`, `photo_embedding`, `labels`, `create_time`) VALUES
  (1001, '张伟', 'bank-customer', '客户中心发生登录业务，客户风险评分已更新', [0.51, 0.68, 0.85, 0.22, 0.39, 0.56, 0.73, 0.1], '高净值客户,基金投资者,手机银行活跃', '2026-04-11 10:00:00'),
  (1002, '王芳', 'bank-customer', '交易核心发生转账业务，客户风险评分已更新', [0.52, 0.69, 0.86, 0.23, 0.4, 0.57, 0.74, 0.11], '高净值客户,基金投资者,手机银行活跃', '2026-04-12 10:00:00'),
  (1003, '李娜', 'bank-customer', '支付网关发生支付业务，客户风险评分已更新', [0.53, 0.7, 0.87, 0.24, 0.41, 0.58, 0.75, 0.12], '高净值客户,基金投资者,手机银行活跃', '2026-04-13 10:00:00'),
  (1004, '刘洋', 'bank-customer', '风控引擎发生开通理财业务，客户风险评分已更新', [0.54, 0.71, 0.88, 0.25, 0.42, 0.59, 0.76, 0.13], '高净值客户,基金投资者,手机银行活跃', '2026-04-14 10:00:00'),
  (1005, '陈晨', 'bank-customer', '监管报送发生修改手机号业务，客户风险评分已更新', [0.55, 0.72, 0.89, 0.26, 0.43, 0.6, 0.77, 0.14], '高净值客户,基金投资者,手机银行活跃', '2026-04-15 10:00:00'),
  (1006, '张伟', 'bank-customer', '客户中心发生登录业务，客户风险评分已更新', [0.56, 0.73, 0.1, 0.27, 0.44, 0.61, 0.78, 0.15], '高净值客户,基金投资者,手机银行活跃', '2026-04-16 10:00:00'),
  (1007, '王芳', 'bank-customer', '交易核心发生转账业务，客户风险评分已更新', [0.57, 0.74, 0.11, 0.28, 0.45, 0.62, 0.79, 0.16], '高净值客户,基金投资者,手机银行活跃', '2026-04-17 10:00:00'),
  (1008, '李娜', 'bank-customer', '支付网关发生支付业务，客户风险评分已更新', [0.58, 0.75, 0.12, 0.29, 0.46, 0.63, 0.8, 0.17], '高净值客户,基金投资者,手机银行活跃', '2026-04-18 10:00:00'),
  (1009, '刘洋', 'bank-customer', '风控引擎发生开通理财业务，客户风险评分已更新', [0.59, 0.76, 0.13, 0.3, 0.47, 0.64, 0.81, 0.18], '高净值客户,基金投资者,手机银行活跃', '2026-04-19 10:00:00'),
  (1010, '陈晨', 'bank-customer', '监管报送发生修改手机号业务，客户风险评分已更新', [0.6, 0.77, 0.14, 0.31, 0.48, 0.65, 0.82, 0.19], '高净值客户,基金投资者,手机银行活跃', '2026-04-20 10:00:00');

-- Table: user_avatar_bak
TRUNCATE TABLE user_avatar_bak;
INSERT INTO user_avatar_bak(`user_id`, `user_name`, `avatar_style`, `description`, `photo_embedding`, `labels`, `create_time`) VALUES
  (1001, '张伟', 'bank-customer', '客户中心发生登录业务，客户风险评分已更新', [0.51, 0.68, 0.85, 0.22, 0.39, 0.56, 0.73, 0.1], '高净值客户,基金投资者,手机银行活跃', '2026-04-11 10:00:00'),
  (1002, '王芳', 'bank-customer', '交易核心发生转账业务，客户风险评分已更新', [0.52, 0.69, 0.86, 0.23, 0.4, 0.57, 0.74, 0.11], '高净值客户,基金投资者,手机银行活跃', '2026-04-12 10:00:00'),
  (1003, '李娜', 'bank-customer', '支付网关发生支付业务，客户风险评分已更新', [0.53, 0.7, 0.87, 0.24, 0.41, 0.58, 0.75, 0.12], '高净值客户,基金投资者,手机银行活跃', '2026-04-13 10:00:00'),
  (1004, '刘洋', 'bank-customer', '风控引擎发生开通理财业务，客户风险评分已更新', [0.54, 0.71, 0.88, 0.25, 0.42, 0.59, 0.76, 0.13], '高净值客户,基金投资者,手机银行活跃', '2026-04-14 10:00:00'),
  (1005, '陈晨', 'bank-customer', '监管报送发生修改手机号业务，客户风险评分已更新', [0.55, 0.72, 0.89, 0.26, 0.43, 0.6, 0.77, 0.14], '高净值客户,基金投资者,手机银行活跃', '2026-04-15 10:00:00'),
  (1006, '张伟', 'bank-customer', '客户中心发生登录业务，客户风险评分已更新', [0.56, 0.73, 0.1, 0.27, 0.44, 0.61, 0.78, 0.15], '高净值客户,基金投资者,手机银行活跃', '2026-04-16 10:00:00'),
  (1007, '王芳', 'bank-customer', '交易核心发生转账业务，客户风险评分已更新', [0.57, 0.74, 0.11, 0.28, 0.45, 0.62, 0.79, 0.16], '高净值客户,基金投资者,手机银行活跃', '2026-04-17 10:00:00'),
  (1008, '李娜', 'bank-customer', '支付网关发生支付业务，客户风险评分已更新', [0.58, 0.75, 0.12, 0.29, 0.46, 0.63, 0.8, 0.17], '高净值客户,基金投资者,手机银行活跃', '2026-04-18 10:00:00'),
  (1009, '刘洋', 'bank-customer', '风控引擎发生开通理财业务，客户风险评分已更新', [0.59, 0.76, 0.13, 0.3, 0.47, 0.64, 0.81, 0.18], '高净值客户,基金投资者,手机银行活跃', '2026-04-19 10:00:00'),
  (1010, '陈晨', 'bank-customer', '监管报送发生修改手机号业务，客户风险评分已更新', [0.6, 0.77, 0.14, 0.31, 0.48, 0.65, 0.82, 0.19], '高净值客户,基金投资者,手机银行活跃', '2026-04-20 10:00:00');

-- Table: user_avatar_photo
TRUNCATE TABLE `user_avatar_photo`;
INSERT INTO `user_avatar_photo`(`user_id`, `photo_url`, `create_time`) VALUES
  (10001, 'http://example.com/user_avatar_photo/1', '2025-04-01 09:01:00'),
  (10002, 'http://example.com/user_avatar_photo/2', '2025-04-02 09:02:00'),
  (10003, 'http://example.com/user_avatar_photo/3', '2025-04-03 09:03:00'),
  (10004, 'http://example.com/user_avatar_photo/4', '2025-04-04 09:04:00'),
  (10005, 'http://example.com/user_avatar_photo/5', '2025-04-05 09:05:00');

-- Table: user_base
TRUNCATE TABLE `user_base`;
INSERT INTO `user_base`(`user_id`, `user_name`, `id_card_mask`, `auth_status`, `avatar_url`, `create_time`) VALUES
  ('客户001', '张伟', 'user_base_id_card_mask_1', 1, 'http://example.com/user_base/1', '2025-04-01 09:01:00'),
  ('客户002', '王芳', 'user_base_id_card_mask_2', 2, 'http://example.com/user_base/2', '2025-04-02 09:02:00'),
  ('客户003', '李娜', 'user_base_id_card_mask_3', 3, 'http://example.com/user_base/3', '2025-04-03 09:03:00'),
  ('客户004', '刘洋', 'user_base_id_card_mask_4', 4, 'http://example.com/user_base/4', '2025-04-04 09:04:00'),
  ('客户005', '陈晨', 'user_base_id_card_mask_5', 5, 'http://example.com/user_base/5', '2025-04-05 09:05:00');

-- Table: user_behavior
TRUNCATE TABLE `user_behavior`;
INSERT INTO `user_behavior`(`event_id`, `user_id`, `event_date`, `event_time`, `event_type`, `event_category`, `channel`, `product_code`, `amount`, `result_code`, `session_id`, `device_type`, `ip_address`, `extra_props`) VALUES
  (10001, 10001, '2025-04-01', '2025-04-01 09:01:00', '登录', '零售', '手机银行', 'C0001', 10.2500, 'C0001', 'user_beh_001', '闸机', 'user_behavior_ip_address_1', '客户中心发生登录业务，客户风险评分已更新'),
  (10002, 10002, '2025-04-02', '2025-04-02 09:02:00', '转账', '财富', '网点柜面', 'C0002', 20.5000, 'C0002', 'user_beh_002', '扶梯', 'user_behavior_ip_address_2', '交易核心发生转账业务，客户风险评分已更新'),
  (10003, 10003, '2025-04-03', '2025-04-03 09:03:00', '支付', '信贷', '网上银行', 'C0003', 30.7500, 'C0003', 'user_beh_003', '信号', 'user_behavior_ip_address_3', '支付网关发生支付业务，客户风险评分已更新'),
  (10004, 10004, '2025-04-04', '2025-04-04 09:04:00', '开通理财', '风险', '微信小程序', 'C0004', 41.0000, 'C0004', 'user_beh_004', '供电', 'user_behavior_ip_address_4', '风控引擎发生开通理财业务，客户风险评分已更新'),
  (10005, 10005, '2025-04-05', '2025-04-05 09:05:00', '修改手机号', '运营', '开放接口', 'C0005', 51.2500, 'C0005', 'user_beh_005', '屏蔽门', 'user_behavior_ip_address_5', '监管报送发生修改手机号业务，客户风险评分已更新');

-- Table: user_log_raw
TRUNCATE TABLE `user_log_raw`;
INSERT INTO `user_log_raw`(`log_id`, `log_date`, `log_time`, `user_id`, `session_id`, `log_level`, `log_source`, `log_content`, `operation_type`, `ip_address`, `user_region`, `device_info`, `response_code`, `response_time`, `filebeat_host`, `raw_json`, `created_at`) VALUES
  (10001, '2025-04-01', '2025-04-01 09:01:00', 10001, 'user_log_001', 'INFO', 'APP', '客户中心发生登录业务，客户风险评分已更新', '登录', 'user_log_raw_ip_address_1', '朝阳区', '客户中心发生登录业务，客户风险评分已更新', 'C0001', 1, '客户中心发生登录业务，客户风险评分已更新', '高净值客户', '2025-04-01 09:01:00'),
  (10002, '2025-04-02', '2025-04-02 09:02:00', 10002, 'user_log_002', 'WARN', 'WEB', '交易核心发生转账业务，客户风险评分已更新', '转账', 'user_log_raw_ip_address_2', '西城区', '交易核心发生转账业务，客户风险评分已更新', 'C0002', 2, '交易核心发生转账业务，客户风险评分已更新', '基金投资者', '2025-04-02 09:02:00'),
  (10003, '2025-04-03', '2025-04-03 09:03:00', 10003, 'user_log_003', 'ERROR', 'ATM', '支付网关发生支付业务，客户风险评分已更新', '支付', 'user_log_raw_ip_address_3', '海淀区', '支付网关发生支付业务，客户风险评分已更新', 'C0003', 3, '支付网关发生支付业务，客户风险评分已更新', '手机银行活跃', '2025-04-03 09:03:00'),
  (10004, '2025-04-04', '2025-04-04 09:04:00', 10004, 'user_log_004', 'INFO', '网点柜面', '风控引擎发生开通理财业务，客户风险评分已更新', '开通理财', 'user_log_raw_ip_address_4', '丰台区', '风控引擎发生开通理财业务，客户风险评分已更新', 'C0004', 4, 'filebeat-risk-04', '高净值客户', '2025-04-04 09:04:00'),
  (10005, '2025-04-05', '2025-04-05 09:05:00', 10005, 'user_log_005', 'WARN', '批处理', '监管报送发生修改手机号业务，客户风险评分已更新', '修改手机号', 'user_log_raw_ip_address_5', '大兴区', '监管报送发生修改手机号业务，客户风险评分已更新', 'C0005', 5, 'filebeat-report-05', '基金投资者', '2025-04-05 09:05:00');

-- Table: user_log_tag
TRUNCATE TABLE `user_log_tag`;
INSERT INTO `user_log_tag`(`log_id`, `log_date`, `user_id`, `log_time`, `log_type`, `intent_tag`, `anomaly_tag`, `risk_level`, `ai_raw_result`, `tag_source`, `manual_label`, `created_at`) VALUES
  (10001, '2025-04-01', 10001, '2025-04-01 09:01:00', '零售', '登录成功', '登录成功', '低', '客户中心发生登录业务，客户风险评分已更新', '核心系统', '客户中心发生登录业务，客户风险评分已更新', '2025-04-01 09:01:00'),
  (10002, '2025-04-02', 10002, '2025-04-02 09:02:00', '财富', '交易成功', '交易成功', '中', '交易核心发生转账业务，客户风险评分已更新', '数据中台', '交易核心发生转账业务，客户风险评分已更新', '2025-04-02 09:02:00'),
  (10003, '2025-04-03', 10003, '2025-04-03 09:03:00', '信贷', '支付失败', '支付失败', '高', '支付网关发生支付业务，客户风险评分已更新', '营销平台', '支付网关发生支付业务，客户风险评分已更新', '2025-04-03 09:03:00'),
  (10004, '2025-04-04', 10004, '2025-04-04 09:04:00', '风险', '风险预警', '风险预警', '严重', '风控引擎发生开通理财业务，客户风险评分已更新', '监管平台', '人工复核风险', '2025-04-04 09:04:00'),
  (10005, '2025-04-05', 10005, '2025-04-05 09:05:00', '运营', '资料变更', '资料变更', '低', '监管报送发生修改手机号业务，客户风险评分已更新', 'OpenMetadata', '人工确认变更', '2025-04-05 09:05:00');

-- Table: user_segment
TRUNCATE TABLE `user_segment`;
INSERT INTO `user_segment`(`segment_id`, `segment_name`, `segment_desc`, `rule_config`, `segment_type`, `snap_date`, `status`, `created_by`, `created_at`, `updated_at`, `segment_bitmap`, `user_count`) VALUES
  (10001, 'Segment 1', '客户中心发生登录业务，客户风险评分已更新', '客户中心发生登录业务，客户风险评分已更新', '零售', '2025-04-01', 1, '张审核', '2025-04-01 09:01:00', '2025-04-01 09:01:00', bitmap_from_string('10001,10011'), 10),
  (10002, 'Segment 2', '交易核心发生转账业务，客户风险评分已更新', '交易核心发生转账业务，客户风险评分已更新', '财富', '2025-04-02', 2, '李复核', '2025-04-02 09:02:00', '2025-04-02 09:02:00', bitmap_from_string('10002,10012'), 20),
  (10003, 'Segment 3', '支付网关发生支付业务，客户风险评分已更新', '支付网关发生支付业务，客户风险评分已更新', '信贷', '2025-04-03', 3, '王运营', '2025-04-03 09:03:00', '2025-04-03 09:03:00', bitmap_from_string('10003,10013'), 30),
  (10004, 'Segment 4', '风控引擎发生开通理财业务，客户风险评分已更新', '风控引擎发生开通理财业务，客户风险评分已更新', '风险', '2025-04-04', 4, '陈风控', '2025-04-04 09:04:00', '2025-04-04 09:04:00', bitmap_from_string('10004,10014'), 40),
  (10005, 'Segment 5', '监管报送发生修改手机号业务，客户风险评分已更新', '监管报送发生修改手机号业务，客户风险评分已更新', '运营', '2025-04-05', 5, '赵经理', '2025-04-05 09:05:00', '2025-04-05 09:05:00', bitmap_from_string('10005,10015'), 50);

-- Table: user_tag
TRUNCATE TABLE `user_tag`;
INSERT INTO `user_tag`(`tag_date`, `tag_category`, `tag_name`, `tag_value`, `user_bitmap`, `user_count`, `updated_at`) VALUES
  ('2025-04-01', '零售', '热销', '近7日销量领先', bitmap_from_string('10001,10011'), 10, '2025-04-01 09:01:00'),
  ('2025-04-02', '财富', '新品', '上市30天内', bitmap_from_string('10002,10012'), 20, '2025-04-02 09:02:00'),
  ('2025-04-03', '信贷', '高毛利', '毛利率高于35%', bitmap_from_string('10003,10013'), 30, '2025-04-03 09:03:00'),
  ('2025-04-04', '风险', '会员偏好', '会员复购偏好', bitmap_from_string('10004,10014'), 40, '2025-04-04 09:04:00'),
  ('2025-04-05', '运营', '清仓', '库存周转偏慢', bitmap_from_string('10005,10015'), 50, '2025-04-05 09:05:00');

-- Table: user_wide
TRUNCATE TABLE user_wide;
INSERT INTO user_wide(`user_id`, `update_date`, `user_name`, `id_card`, `phone`, `gender`, `age`, `age_group`, `city`, `province`, `education`, `occupation`, `register_date`, `asset_level`, `aum_total`, `deposit_amount`, `fund_amount`, `loan_amount`, `wm_amount`, `insurance_amount`, `has_credit_card`, `has_debit_card`, `has_mortgage`, `product_count`, `credit_score`, `credit_grade`, `risk_level`, `preferred_channel`, `app_login_30d`, `app_last_login`, `active_level`, `lifecycle_stage`, `churn_prob`, `clv_score`, `log_tags`, `anomaly_flag`, `created_at`, `updated_at`, `profile_attr_001`, `profile_attr_002`, `profile_attr_003`, `profile_attr_004`, `profile_attr_005`, `profile_attr_006`, `profile_attr_007`, `profile_attr_008`, `profile_attr_009`, `profile_attr_010`, `profile_attr_011`, `profile_attr_012`, `profile_attr_013`, `profile_attr_014`, `profile_attr_015`, `profile_attr_016`, `profile_attr_017`, `profile_attr_018`, `profile_attr_019`, `profile_attr_020`, `profile_attr_021`, `profile_attr_022`, `profile_attr_023`, `profile_attr_024`, `profile_attr_025`, `profile_attr_026`, `profile_attr_027`, `profile_attr_028`, `profile_attr_029`, `profile_attr_030`, `profile_attr_031`, `profile_attr_032`, `profile_attr_033`, `profile_attr_034`, `profile_attr_035`, `profile_attr_036`, `profile_attr_037`, `profile_attr_038`, `profile_attr_039`, `profile_attr_040`, `profile_attr_041`, `profile_attr_042`, `profile_attr_043`, `profile_attr_044`, `profile_attr_045`, `profile_attr_046`, `profile_attr_047`, `profile_attr_048`, `profile_attr_049`, `profile_attr_050`, `profile_attr_051`, `profile_attr_052`, `profile_attr_053`, `profile_attr_054`, `profile_attr_055`, `profile_attr_056`, `profile_attr_057`, `profile_attr_058`, `profile_attr_059`, `profile_attr_060`, `profile_attr_061`, `profile_attr_062`, `profile_attr_063`, `profile_attr_064`, `profile_attr_065`, `profile_attr_066`, `profile_attr_067`, `profile_attr_068`, `profile_attr_069`, `profile_attr_070`, `profile_attr_071`, `profile_attr_072`, `profile_attr_073`, `profile_attr_074`, `profile_attr_075`, `profile_attr_076`, `profile_attr_077`, `profile_attr_078`, `profile_attr_079`, `profile_attr_080`, `profile_attr_081`, `profile_attr_082`, `profile_attr_083`, `profile_attr_084`, `profile_attr_085`, `profile_attr_086`, `profile_attr_087`, `profile_attr_088`, `profile_attr_089`, `profile_attr_090`, `profile_attr_091`, `profile_attr_092`, `profile_attr_093`, `profile_attr_094`, `profile_attr_095`, `profile_attr_096`, `profile_attr_097`, `profile_attr_098`, `profile_attr_099`, `profile_attr_100`, `profile_attr_101`, `profile_attr_102`, `profile_attr_103`, `profile_attr_104`, `profile_attr_105`, `profile_attr_106`, `profile_attr_107`, `profile_attr_108`, `profile_attr_109`, `profile_attr_110`, `profile_attr_111`, `profile_attr_112`, `profile_attr_113`, `profile_attr_114`, `profile_attr_115`, `profile_attr_116`, `profile_attr_117`, `profile_attr_118`, `profile_attr_119`, `profile_attr_120`, `profile_attr_121`, `profile_attr_122`, `profile_attr_123`, `profile_attr_124`, `profile_attr_125`, `profile_attr_126`, `profile_attr_127`, `profile_attr_128`, `profile_attr_129`, `profile_attr_130`, `profile_attr_131`, `profile_attr_132`, `profile_attr_133`, `profile_attr_134`, `profile_attr_135`, `profile_attr_136`, `profile_attr_137`, `profile_attr_138`, `profile_attr_139`, `profile_attr_140`, `profile_attr_141`, `profile_attr_142`, `profile_attr_143`, `profile_attr_144`, `profile_attr_145`, `profile_attr_146`, `profile_attr_147`, `profile_attr_148`, `profile_attr_149`, `profile_attr_150`, `profile_attr_151`, `profile_attr_152`, `profile_attr_153`, `profile_attr_154`, `profile_attr_155`, `profile_attr_156`, `profile_attr_157`, `profile_attr_158`, `profile_attr_159`, `profile_attr_160`, `profile_attr_161`, `profile_attr_162`, `profile_attr_163`, `profile_attr_164`, `profile_attr_165`, `profile_attr_166`, `profile_attr_167`, `profile_attr_168`, `profile_attr_169`, `profile_attr_170`, `profile_attr_171`, `profile_attr_172`, `profile_attr_173`, `profile_attr_174`, `profile_attr_175`, `profile_attr_176`, `profile_attr_177`, `profile_attr_178`, `profile_attr_179`, `profile_attr_180`, `profile_attr_181`, `profile_attr_182`, `profile_attr_183`, `profile_attr_184`, `profile_attr_185`, `profile_attr_186`, `profile_attr_187`, `profile_attr_188`, `profile_attr_189`, `profile_attr_190`, `profile_attr_191`, `profile_attr_192`, `profile_attr_193`, `profile_attr_194`, `profile_attr_195`, `profile_attr_196`, `profile_attr_197`, `profile_attr_198`, `profile_attr_199`, `profile_attr_200`, `profile_attr_201`, `profile_attr_202`, `profile_attr_203`, `profile_attr_204`, `profile_attr_205`, `profile_attr_206`, `profile_attr_207`, `profile_attr_208`, `profile_attr_209`, `profile_attr_210`, `profile_attr_211`, `profile_attr_212`, `profile_attr_213`, `profile_attr_214`, `profile_attr_215`, `profile_attr_216`, `profile_attr_217`, `profile_attr_218`, `profile_attr_219`, `profile_attr_220`, `profile_attr_221`, `profile_attr_222`, `profile_attr_223`, `profile_attr_224`, `profile_attr_225`, `profile_attr_226`, `profile_attr_227`, `profile_attr_228`, `profile_attr_229`, `profile_attr_230`, `profile_attr_231`, `profile_attr_232`, `profile_attr_233`, `profile_attr_234`, `profile_attr_235`, `profile_attr_236`, `profile_attr_237`, `profile_attr_238`, `profile_attr_239`, `profile_attr_240`, `profile_attr_241`, `profile_attr_242`, `profile_attr_243`, `profile_attr_244`, `profile_attr_245`, `profile_attr_246`, `profile_attr_247`, `profile_attr_248`, `profile_attr_249`, `profile_attr_250`, `profile_attr_251`, `profile_attr_252`, `profile_attr_253`, `profile_attr_254`, `profile_attr_255`, `profile_attr_256`, `profile_attr_257`, `profile_attr_258`, `profile_attr_259`, `profile_attr_260`, `profile_attr_261`, `profile_attr_262`, `profile_attr_263`, `profile_attr_264`, `profile_attr_265`, `profile_attr_266`, `profile_attr_267`, `profile_attr_268`, `profile_attr_269`, `profile_attr_270`, `profile_attr_271`, `profile_attr_272`, `profile_attr_273`, `profile_attr_274`, `profile_attr_275`, `profile_attr_276`, `profile_attr_277`, `profile_attr_278`, `profile_attr_279`, `profile_attr_280`, `profile_attr_281`, `profile_attr_282`, `profile_attr_283`, `profile_attr_284`, `profile_attr_285`, `profile_attr_286`, `profile_attr_287`, `profile_attr_288`, `profile_attr_289`, `profile_attr_290`, `profile_attr_291`, `profile_attr_292`, `profile_attr_293`, `profile_attr_294`, `profile_attr_295`, `profile_attr_296`, `profile_attr_297`, `profile_attr_298`, `profile_attr_299`, `profile_attr_300`, `profile_attr_301`, `profile_attr_302`, `profile_attr_303`, `profile_attr_304`, `profile_attr_305`, `profile_attr_306`, `profile_attr_307`, `profile_attr_308`, `profile_attr_309`, `profile_attr_310`, `profile_attr_311`, `profile_attr_312`, `profile_attr_313`, `profile_attr_314`, `profile_attr_315`, `profile_attr_316`, `profile_attr_317`, `profile_attr_318`, `profile_attr_319`, `profile_attr_320`, `profile_attr_321`, `profile_attr_322`, `profile_attr_323`, `profile_attr_324`, `profile_attr_325`, `profile_attr_326`, `profile_attr_327`, `profile_attr_328`, `profile_attr_329`, `profile_attr_330`, `profile_attr_331`, `profile_attr_332`, `profile_attr_333`, `profile_attr_334`, `profile_attr_335`, `profile_attr_336`, `profile_attr_337`, `profile_attr_338`, `profile_attr_339`, `profile_attr_340`, `profile_attr_341`, `profile_attr_342`, `profile_attr_343`, `profile_attr_344`, `profile_attr_345`, `profile_attr_346`, `profile_attr_347`, `profile_attr_348`, `profile_attr_349`, `profile_attr_350`, `profile_attr_351`, `profile_attr_352`, `profile_attr_353`, `profile_attr_354`, `profile_attr_355`, `profile_attr_356`, `profile_attr_357`, `profile_attr_358`, `profile_attr_359`, `profile_attr_360`, `profile_attr_361`, `profile_attr_362`, `profile_attr_363`, `profile_attr_364`, `profile_attr_365`, `profile_attr_366`, `profile_attr_367`, `profile_attr_368`, `profile_attr_369`, `profile_attr_370`, `profile_attr_371`, `profile_attr_372`, `profile_attr_373`, `profile_attr_374`, `profile_attr_375`, `profile_attr_376`, `profile_attr_377`, `profile_attr_378`, `profile_attr_379`, `profile_attr_380`, `profile_attr_381`, `profile_attr_382`, `profile_attr_383`, `profile_attr_384`, `profile_attr_385`, `profile_attr_386`, `profile_attr_387`, `profile_attr_388`, `profile_attr_389`, `profile_attr_390`, `profile_attr_391`, `profile_attr_392`, `profile_attr_393`, `profile_attr_394`, `profile_attr_395`, `profile_attr_396`, `profile_attr_397`, `profile_attr_398`, `profile_attr_399`, `profile_attr_400`, `profile_attr_401`, `profile_attr_402`, `profile_attr_403`, `profile_attr_404`, `profile_attr_405`, `profile_attr_406`, `profile_attr_407`, `profile_attr_408`, `profile_attr_409`, `profile_attr_410`, `profile_attr_411`, `profile_attr_412`, `profile_attr_413`, `profile_attr_414`, `profile_attr_415`, `profile_attr_416`, `profile_attr_417`, `profile_attr_418`, `profile_attr_419`, `profile_attr_420`, `profile_attr_421`, `profile_attr_422`, `profile_attr_423`, `profile_attr_424`, `profile_attr_425`, `profile_attr_426`, `profile_attr_427`, `profile_attr_428`, `profile_attr_429`, `profile_attr_430`, `profile_attr_431`, `profile_attr_432`, `profile_attr_433`, `profile_attr_434`, `profile_attr_435`, `profile_attr_436`, `profile_attr_437`, `profile_attr_438`, `profile_attr_439`, `profile_attr_440`, `profile_attr_441`, `profile_attr_442`, `profile_attr_443`, `profile_attr_444`, `profile_attr_445`, `profile_attr_446`, `profile_attr_447`, `profile_attr_448`, `profile_attr_449`, `profile_attr_450`, `profile_attr_451`, `profile_attr_452`, `profile_attr_453`, `profile_attr_454`, `profile_attr_455`, `profile_attr_456`, `profile_attr_457`, `profile_attr_458`, `profile_attr_459`, `profile_attr_460`, `profile_attr_461`, `profile_attr_462`) VALUES
  (1001, '2026-04-01', '张伟', 'BE********1001', '138****1001', 2, 31, '大众客户', '北京', '北京', 1, '产品经理', '2024-01-01', '大众客户', 18.0, 5.0, 1.2, 0.0, 2.0, 0.12, 1, 1, 0, 3, 650, 'A', 1, '手机银行', 5, '2026-04-20', '低', '大众客户', 0.12, 60.0, '高净值客户,基金投资者,手机银行活跃', 0, '2026-04-20 10:00:00', '2026-04-20 18:00:00', 1, 12, 101.11, '房贷家庭', '2026-03-06', '风险关注', 1, 18, 103.33, '保险潜客', '2026-03-12', '数字活跃', 1, 24, 105.55, '房贷家庭', '2026-03-18', '风险关注', 1, 30, 107.77, '保险潜客', '2026-03-24', '数字活跃', 1, 36, 109.99, '房贷家庭', '2026-03-02', '风险关注', 1, 42, 112.21, '保险潜客', '2026-03-08', '数字活跃', 1, 48, 114.43, '房贷家庭', '2026-03-14', '风险关注', 1, 54, 116.65, '保险潜客', '2026-03-20', '数字活跃', 1, 60, 118.87, '房贷家庭', '2026-03-26', '风险关注', 1, 66, 121.09, '保险潜客', '2026-03-04', '数字活跃', 1, 72, 123.31, '房贷家庭', '2026-03-10', '风险关注', 1, 78, 125.53, '保险潜客', '2026-03-16', '数字活跃', 1, 84, 127.75, '房贷家庭', '2026-03-22', '风险关注', 1, 90, 129.97, '保险潜客', '2026-03-28', '数字活跃', 1, 96, 132.19, '房贷家庭', '2026-03-06', '风险关注', 1, 102, 134.41, '保险潜客', '2026-03-12', '数字活跃', 1, 108, 136.63, '房贷家庭', '2026-03-18', '风险关注', 1, 114, 138.85, '保险潜客', '2026-03-24', '数字活跃', 1, 120, 141.07, '房贷家庭', '2026-03-02', '风险关注', 1, 126, 143.29, '保险潜客', '2026-03-08', '数字活跃', 1, 132, 145.51, '房贷家庭', '2026-03-14', '风险关注', 1, 138, 147.73, '保险潜客', '2026-03-20', '数字活跃', 1, 144, 149.95, '房贷家庭', '2026-03-26', '风险关注', 1, 150, 152.17, '保险潜客', '2026-03-04', '数字活跃', 1, 156, 154.39, '房贷家庭', '2026-03-10', '风险关注', 1, 162, 156.61, '保险潜客', '2026-03-16', '数字活跃', 1, 168, 158.83, '房贷家庭', '2026-03-22', '风险关注', 1, 174, 161.05, '保险潜客', '2026-03-28', '数字活跃', 1, 180, 163.27, '房贷家庭', '2026-03-06', '风险关注', 1, 186, 165.49, '保险潜客', '2026-03-12', '数字活跃', 1, 192, 167.71, '房贷家庭', '2026-03-18', '风险关注', 1, 198, 169.93, '保险潜客', '2026-03-24', '数字活跃', 1, 204, 172.15, '房贷家庭', '2026-03-02', '风险关注', 1, 210, 174.37, '保险潜客', '2026-03-08', '数字活跃', 1, 216, 176.59, '房贷家庭', '2026-03-14', '风险关注', 1, 222, 178.81, '保险潜客', '2026-03-20', '数字活跃', 1, 228, 181.03, '房贷家庭', '2026-03-26', '风险关注', 1, 234, 183.25, '保险潜客', '2026-03-04', '数字活跃', 1, 240, 185.47, '房贷家庭', '2026-03-10', '风险关注', 1, 246, 187.69, '保险潜客', '2026-03-16', '数字活跃', 1, 252, 189.91, '房贷家庭', '2026-03-22', '风险关注', 1, 258, 192.13, '保险潜客', '2026-03-28', '数字活跃', 1, 264, 194.35, '房贷家庭', '2026-03-06', '风险关注', 1, 270, 196.57, '保险潜客', '2026-03-12', '数字活跃', 1, 276, 198.79, '房贷家庭', '2026-03-18', '风险关注', 1, 282, 201.01, '保险潜客', '2026-03-24', '数字活跃', 1, 288, 203.23, '房贷家庭', '2026-03-02', '风险关注', 1, 294, 205.45, '保险潜客', '2026-03-08', '数字活跃', 1, 300, 207.67, '房贷家庭', '2026-03-14', '风险关注', 1, 306, 209.89, '保险潜客', '2026-03-20', '数字活跃', 1, 312, 212.11, '房贷家庭', '2026-03-26', '风险关注', 1, 318, 214.33, '保险潜客', '2026-03-04', '数字活跃', 1, 324, 216.55, '房贷家庭', '2026-03-10', '风险关注', 1, 330, 218.77, '保险潜客', '2026-03-16', '数字活跃', 1, 336, 220.99, '房贷家庭', '2026-03-22', '风险关注', 1, 342, 223.21, '保险潜客', '2026-03-28', '数字活跃', 1, 348, 225.43, '房贷家庭', '2026-03-06', '风险关注', 1, 354, 227.65, '保险潜客', '2026-03-12', '数字活跃', 1, 360, 229.87, '房贷家庭', '2026-03-18', '风险关注', 1, 366, 232.09, '保险潜客', '2026-03-24', '数字活跃', 1, 372, 234.31, '房贷家庭', '2026-03-02', '风险关注', 1, 378, 236.53, '保险潜客', '2026-03-08', '数字活跃', 1, 384, 238.75, '房贷家庭', '2026-03-14', '风险关注', 1, 390, 240.97, '保险潜客', '2026-03-20', '数字活跃', 1, 396, 243.19, '房贷家庭', '2026-03-26', '风险关注', 1, 402, 245.41, '保险潜客', '2026-03-04', '数字活跃', 1, 408, 247.63, '房贷家庭', '2026-03-10', '风险关注', 1, 414, 249.85, '保险潜客', '2026-03-16', '数字活跃', 1, 420, 252.07, '房贷家庭', '2026-03-22', '风险关注', 1, 426, 254.29, '保险潜客', '2026-03-28', '数字活跃', 1, 432, 256.51, '房贷家庭', '2026-03-06', '风险关注', 1, 438, 258.73, '保险潜客', '2026-03-12', '数字活跃', 1, 444, 260.95, '房贷家庭', '2026-03-18', '风险关注', 1, 450, 263.17, '保险潜客', '2026-03-24', '数字活跃', 1, 456, 265.39, '房贷家庭', '2026-03-02', '风险关注', 1, 462, 267.61, '保险潜客', '2026-03-08', '数字活跃', 1, 468, 269.83, '房贷家庭', '2026-03-14', '风险关注'),
  (1002, '2026-04-02', '王芳', 'SH********1002', '138****1002', 1, 29, '成长客户', '上海', '上海', 2, '软件工程师', '2024-02-02', '成长客户', 29.7, 7.1, 3.8, 12.0, 7.0, 0.54, 1, 1, 0, 4, 659, 'A+', 1, '网点柜面', 7, '2026-04-21', '中', '成长客户', 0.19, 64.5, '高净值客户,基金投资者,手机银行活跃', 0, '2026-04-20 10:00:00', '2026-04-21 18:00:00', 0, 15, 113.61, '小微企业主', '2026-03-07', '养老规划', 0, 21, 115.83, '交叉销售候选', '2026-03-13', '网点偏好', 0, 27, 118.05, '小微企业主', '2026-03-19', '养老规划', 0, 33, 120.27, '交叉销售候选', '2026-03-25', '网点偏好', 0, 39, 122.49, '小微企业主', '2026-03-03', '养老规划', 0, 45, 124.71, '交叉销售候选', '2026-03-09', '网点偏好', 0, 51, 126.93, '小微企业主', '2026-03-15', '养老规划', 0, 57, 129.15, '交叉销售候选', '2026-03-21', '网点偏好', 0, 63, 131.37, '小微企业主', '2026-03-27', '养老规划', 0, 69, 133.59, '交叉销售候选', '2026-03-05', '网点偏好', 0, 75, 135.81, '小微企业主', '2026-03-11', '养老规划', 0, 81, 138.03, '交叉销售候选', '2026-03-17', '网点偏好', 0, 87, 140.25, '小微企业主', '2026-03-23', '养老规划', 0, 93, 142.47, '交叉销售候选', '2026-03-01', '网点偏好', 0, 99, 144.69, '小微企业主', '2026-03-07', '养老规划', 0, 105, 146.91, '交叉销售候选', '2026-03-13', '网点偏好', 0, 111, 149.13, '小微企业主', '2026-03-19', '养老规划', 0, 117, 151.35, '交叉销售候选', '2026-03-25', '网点偏好', 0, 123, 153.57, '小微企业主', '2026-03-03', '养老规划', 0, 129, 155.79, '交叉销售候选', '2026-03-09', '网点偏好', 0, 135, 158.01, '小微企业主', '2026-03-15', '养老规划', 0, 141, 160.23, '交叉销售候选', '2026-03-21', '网点偏好', 0, 147, 162.45, '小微企业主', '2026-03-27', '养老规划', 0, 153, 164.67, '交叉销售候选', '2026-03-05', '网点偏好', 0, 159, 166.89, '小微企业主', '2026-03-11', '养老规划', 0, 165, 169.11, '交叉销售候选', '2026-03-17', '网点偏好', 0, 171, 171.33, '小微企业主', '2026-03-23', '养老规划', 0, 177, 173.55, '交叉销售候选', '2026-03-01', '网点偏好', 0, 183, 175.77, '小微企业主', '2026-03-07', '养老规划', 0, 189, 177.99, '交叉销售候选', '2026-03-13', '网点偏好', 0, 195, 180.21, '小微企业主', '2026-03-19', '养老规划', 0, 201, 182.43, '交叉销售候选', '2026-03-25', '网点偏好', 0, 207, 184.65, '小微企业主', '2026-03-03', '养老规划', 0, 213, 186.87, '交叉销售候选', '2026-03-09', '网点偏好', 0, 219, 189.09, '小微企业主', '2026-03-15', '养老规划', 0, 225, 191.31, '交叉销售候选', '2026-03-21', '网点偏好', 0, 231, 193.53, '小微企业主', '2026-03-27', '养老规划', 0, 237, 195.75, '交叉销售候选', '2026-03-05', '网点偏好', 0, 243, 197.97, '小微企业主', '2026-03-11', '养老规划', 0, 249, 200.19, '交叉销售候选', '2026-03-17', '网点偏好', 0, 255, 202.41, '小微企业主', '2026-03-23', '养老规划', 0, 261, 204.63, '交叉销售候选', '2026-03-01', '网点偏好', 0, 267, 206.85, '小微企业主', '2026-03-07', '养老规划', 0, 273, 209.07, '交叉销售候选', '2026-03-13', '网点偏好', 0, 279, 211.29, '小微企业主', '2026-03-19', '养老规划', 0, 285, 213.51, '交叉销售候选', '2026-03-25', '网点偏好', 0, 291, 215.73, '小微企业主', '2026-03-03', '养老规划', 0, 297, 217.95, '交叉销售候选', '2026-03-09', '网点偏好', 0, 303, 220.17, '小微企业主', '2026-03-15', '养老规划', 0, 309, 222.39, '交叉销售候选', '2026-03-21', '网点偏好', 0, 315, 224.61, '小微企业主', '2026-03-27', '养老规划', 0, 321, 226.83, '交叉销售候选', '2026-03-05', '网点偏好', 0, 327, 229.05, '小微企业主', '2026-03-11', '养老规划', 0, 333, 231.27, '交叉销售候选', '2026-03-17', '网点偏好', 0, 339, 233.49, '小微企业主', '2026-03-23', '养老规划', 0, 345, 235.71, '交叉销售候选', '2026-03-01', '网点偏好', 0, 351, 237.93, '小微企业主', '2026-03-07', '养老规划', 0, 357, 240.15, '交叉销售候选', '2026-03-13', '网点偏好', 0, 363, 242.37, '小微企业主', '2026-03-19', '养老规划', 0, 369, 244.59, '交叉销售候选', '2026-03-25', '网点偏好', 0, 375, 246.81, '小微企业主', '2026-03-03', '养老规划', 0, 381, 249.03, '交叉销售候选', '2026-03-09', '网点偏好', 0, 387, 251.25, '小微企业主', '2026-03-15', '养老规划', 0, 393, 253.47, '交叉销售候选', '2026-03-21', '网点偏好', 0, 399, 255.69, '小微企业主', '2026-03-27', '养老规划', 0, 405, 257.91, '交叉销售候选', '2026-03-05', '网点偏好', 0, 411, 260.13, '小微企业主', '2026-03-11', '养老规划', 0, 417, 262.35, '交叉销售候选', '2026-03-17', '网点偏好', 0, 423, 264.57, '小微企业主', '2026-03-23', '养老规划', 0, 429, 266.79, '交叉销售候选', '2026-03-01', '网点偏好', 0, 435, 269.01, '小微企业主', '2026-03-07', '养老规划', 0, 441, 271.23, '交叉销售候选', '2026-03-13', '网点偏好', 0, 447, 273.45, '小微企业主', '2026-03-19', '养老规划', 0, 453, 275.67, '交叉销售候选', '2026-03-25', '网点偏好', 0, 459, 277.89, '小微企业主', '2026-03-03', '养老规划', 0, 465, 280.11, '交叉销售候选', '2026-03-09', '网点偏好', 0, 471, 282.33, '小微企业主', '2026-03-15', '养老规划'),
  (1003, '2026-04-03', '李娜', 'GU********1003', '138****1003', 2, 36, '财富客户', '深圳', '广东', 3, '私人银行顾问', '2024-03-03', '财富客户', 41.4, 9.2, 6.4, 24.0, 12.0, 0.96, 1, 1, 0, 5, 668, 'AA', 1, '网上银行', 9, '2026-04-22', '高', '财富客户', 0.26, 69.0, '高净值客户,基金投资者,手机银行活跃', 0, '2026-04-20 10:00:00', '2026-04-22 18:00:00', 1, 18, 126.11, '风险关注', '2026-03-08', '差旅消费', 1, 24, 128.33, '数字活跃', '2026-03-14', '代发工资', 1, 30, 130.55, '风险关注', '2026-03-20', '差旅消费', 1, 36, 132.77, '数字活跃', '2026-03-26', '代发工资', 1, 42, 134.99, '风险关注', '2026-03-04', '差旅消费', 1, 48, 137.21, '数字活跃', '2026-03-10', '代发工资', 1, 54, 139.43, '风险关注', '2026-03-16', '差旅消费', 1, 60, 141.65, '数字活跃', '2026-03-22', '代发工资', 1, 66, 143.87, '风险关注', '2026-03-28', '差旅消费', 1, 72, 146.09, '数字活跃', '2026-03-06', '代发工资', 1, 78, 148.31, '风险关注', '2026-03-12', '差旅消费', 1, 84, 150.53, '数字活跃', '2026-03-18', '代发工资', 1, 90, 152.75, '风险关注', '2026-03-24', '差旅消费', 1, 96, 154.97, '数字活跃', '2026-03-02', '代发工资', 1, 102, 157.19, '风险关注', '2026-03-08', '差旅消费', 1, 108, 159.41, '数字活跃', '2026-03-14', '代发工资', 1, 114, 161.63, '风险关注', '2026-03-20', '差旅消费', 1, 120, 163.85, '数字活跃', '2026-03-26', '代发工资', 1, 126, 166.07, '风险关注', '2026-03-04', '差旅消费', 1, 132, 168.29, '数字活跃', '2026-03-10', '代发工资', 1, 138, 170.51, '风险关注', '2026-03-16', '差旅消费', 1, 144, 172.73, '数字活跃', '2026-03-22', '代发工资', 1, 150, 174.95, '风险关注', '2026-03-28', '差旅消费', 1, 156, 177.17, '数字活跃', '2026-03-06', '代发工资', 1, 162, 179.39, '风险关注', '2026-03-12', '差旅消费', 1, 168, 181.61, '数字活跃', '2026-03-18', '代发工资', 1, 174, 183.83, '风险关注', '2026-03-24', '差旅消费', 1, 180, 186.05, '数字活跃', '2026-03-02', '代发工资', 1, 186, 188.27, '风险关注', '2026-03-08', '差旅消费', 1, 192, 190.49, '数字活跃', '2026-03-14', '代发工资', 1, 198, 192.71, '风险关注', '2026-03-20', '差旅消费', 1, 204, 194.93, '数字活跃', '2026-03-26', '代发工资', 1, 210, 197.15, '风险关注', '2026-03-04', '差旅消费', 1, 216, 199.37, '数字活跃', '2026-03-10', '代发工资', 1, 222, 201.59, '风险关注', '2026-03-16', '差旅消费', 1, 228, 203.81, '数字活跃', '2026-03-22', '代发工资', 1, 234, 206.03, '风险关注', '2026-03-28', '差旅消费', 1, 240, 208.25, '数字活跃', '2026-03-06', '代发工资', 1, 246, 210.47, '风险关注', '2026-03-12', '差旅消费', 1, 252, 212.69, '数字活跃', '2026-03-18', '代发工资', 1, 258, 214.91, '风险关注', '2026-03-24', '差旅消费', 1, 264, 217.13, '数字活跃', '2026-03-02', '代发工资', 1, 270, 219.35, '风险关注', '2026-03-08', '差旅消费', 1, 276, 221.57, '数字活跃', '2026-03-14', '代发工资', 1, 282, 223.79, '风险关注', '2026-03-20', '差旅消费', 1, 288, 226.01, '数字活跃', '2026-03-26', '代发工资', 1, 294, 228.23, '风险关注', '2026-03-04', '差旅消费', 1, 300, 230.45, '数字活跃', '2026-03-10', '代发工资', 1, 306, 232.67, '风险关注', '2026-03-16', '差旅消费', 1, 312, 234.89, '数字活跃', '2026-03-22', '代发工资', 1, 318, 237.11, '风险关注', '2026-03-28', '差旅消费', 1, 324, 239.33, '数字活跃', '2026-03-06', '代发工资', 1, 330, 241.55, '风险关注', '2026-03-12', '差旅消费', 1, 336, 243.77, '数字活跃', '2026-03-18', '代发工资', 1, 342, 245.99, '风险关注', '2026-03-24', '差旅消费', 1, 348, 248.21, '数字活跃', '2026-03-02', '代发工资', 1, 354, 250.43, '风险关注', '2026-03-08', '差旅消费', 1, 360, 252.65, '数字活跃', '2026-03-14', '代发工资', 1, 366, 254.87, '风险关注', '2026-03-20', '差旅消费', 1, 372, 257.09, '数字活跃', '2026-03-26', '代发工资', 1, 378, 259.31, '风险关注', '2026-03-04', '差旅消费', 1, 384, 261.53, '数字活跃', '2026-03-10', '代发工资', 1, 390, 263.75, '风险关注', '2026-03-16', '差旅消费', 1, 396, 265.97, '数字活跃', '2026-03-22', '代发工资', 1, 402, 268.19, '风险关注', '2026-03-28', '差旅消费', 1, 408, 270.41, '数字活跃', '2026-03-06', '代发工资', 1, 414, 272.63, '风险关注', '2026-03-12', '差旅消费', 1, 420, 274.85, '数字活跃', '2026-03-18', '代发工资', 1, 426, 277.07, '风险关注', '2026-03-24', '差旅消费', 1, 432, 279.29, '数字活跃', '2026-03-02', '代发工资', 1, 438, 281.51, '风险关注', '2026-03-08', '差旅消费', 1, 444, 283.73, '数字活跃', '2026-03-14', '代发工资', 1, 450, 285.95, '风险关注', '2026-03-20', '差旅消费', 1, 456, 288.17, '数字活跃', '2026-03-26', '代发工资', 1, 462, 290.39, '风险关注', '2026-03-04', '差旅消费', 1, 468, 292.61, '数字活跃', '2026-03-10', '代发工资', 1, 474, 294.83, '风险关注', '2026-03-16', '差旅消费'),
  (1004, '2026-04-04', '刘洋', 'ZH********1004', '138****1004', 1, 42, '成熟客户', '杭州', '浙江', 4, '小微企业主', '2024-04-04', '成熟客户', 53.1, 11.3, 9.0, 36.0, 17.0, 1.38, 0, 1, 0, 6, 677, 'AAA', 3, '微信小程序', 11, '2026-04-23', '严重', '成熟客户', 0.33, 73.5, '高净值客户,基金投资者,手机银行活跃', 1, '2026-04-20 10:00:00', '2026-04-23 18:00:00', 0, 21, 138.61, '养老规划', '2026-03-09', '教育储蓄', 0, 27, 140.83, '网点偏好', '2026-03-15', '基金投资者', 0, 33, 143.05, '养老规划', '2026-03-21', '教育储蓄', 0, 39, 145.27, '网点偏好', '2026-03-27', '基金投资者', 0, 45, 147.49, '养老规划', '2026-03-05', '教育储蓄', 0, 51, 149.71, '网点偏好', '2026-03-11', '基金投资者', 0, 57, 151.93, '养老规划', '2026-03-17', '教育储蓄', 0, 63, 154.15, '网点偏好', '2026-03-23', '基金投资者', 0, 69, 156.37, '养老规划', '2026-03-01', '教育储蓄', 0, 75, 158.59, '网点偏好', '2026-03-07', '基金投资者', 0, 81, 160.81, '养老规划', '2026-03-13', '教育储蓄', 0, 87, 163.03, '网点偏好', '2026-03-19', '基金投资者', 0, 93, 165.25, '养老规划', '2026-03-25', '教育储蓄', 0, 99, 167.47, '网点偏好', '2026-03-03', '基金投资者', 0, 105, 169.69, '养老规划', '2026-03-09', '教育储蓄', 0, 111, 171.91, '网点偏好', '2026-03-15', '基金投资者', 0, 117, 174.13, '养老规划', '2026-03-21', '教育储蓄', 0, 123, 176.35, '网点偏好', '2026-03-27', '基金投资者', 0, 129, 178.57, '养老规划', '2026-03-05', '教育储蓄', 0, 135, 180.79, '网点偏好', '2026-03-11', '基金投资者', 0, 141, 183.01, '养老规划', '2026-03-17', '教育储蓄', 0, 147, 185.23, '网点偏好', '2026-03-23', '基金投资者', 0, 153, 187.45, '养老规划', '2026-03-01', '教育储蓄', 0, 159, 189.67, '网点偏好', '2026-03-07', '基金投资者', 0, 165, 191.89, '养老规划', '2026-03-13', '教育储蓄', 0, 171, 194.11, '网点偏好', '2026-03-19', '基金投资者', 0, 177, 196.33, '养老规划', '2026-03-25', '教育储蓄', 0, 183, 198.55, '网点偏好', '2026-03-03', '基金投资者', 0, 189, 200.77, '养老规划', '2026-03-09', '教育储蓄', 0, 195, 202.99, '网点偏好', '2026-03-15', '基金投资者', 0, 201, 205.21, '养老规划', '2026-03-21', '教育储蓄', 0, 207, 207.43, '网点偏好', '2026-03-27', '基金投资者', 0, 213, 209.65, '养老规划', '2026-03-05', '教育储蓄', 0, 219, 211.87, '网点偏好', '2026-03-11', '基金投资者', 0, 225, 214.09, '养老规划', '2026-03-17', '教育储蓄', 0, 231, 216.31, '网点偏好', '2026-03-23', '基金投资者', 0, 237, 218.53, '养老规划', '2026-03-01', '教育储蓄', 0, 243, 220.75, '网点偏好', '2026-03-07', '基金投资者', 0, 249, 222.97, '养老规划', '2026-03-13', '教育储蓄', 0, 255, 225.19, '网点偏好', '2026-03-19', '基金投资者', 0, 261, 227.41, '养老规划', '2026-03-25', '教育储蓄', 0, 267, 229.63, '网点偏好', '2026-03-03', '基金投资者', 0, 273, 231.85, '养老规划', '2026-03-09', '教育储蓄', 0, 279, 234.07, '网点偏好', '2026-03-15', '基金投资者', 0, 285, 236.29, '养老规划', '2026-03-21', '教育储蓄', 0, 291, 238.51, '网点偏好', '2026-03-27', '基金投资者', 0, 297, 240.73, '养老规划', '2026-03-05', '教育储蓄', 0, 303, 242.95, '网点偏好', '2026-03-11', '基金投资者', 0, 309, 245.17, '养老规划', '2026-03-17', '教育储蓄', 0, 315, 247.39, '网点偏好', '2026-03-23', '基金投资者', 0, 321, 249.61, '养老规划', '2026-03-01', '教育储蓄', 0, 327, 251.83, '网点偏好', '2026-03-07', '基金投资者', 0, 333, 254.05, '养老规划', '2026-03-13', '教育储蓄', 0, 339, 256.27, '网点偏好', '2026-03-19', '基金投资者', 0, 345, 258.49, '养老规划', '2026-03-25', '教育储蓄', 0, 351, 260.71, '网点偏好', '2026-03-03', '基金投资者', 0, 357, 262.93, '养老规划', '2026-03-09', '教育储蓄', 0, 363, 265.15, '网点偏好', '2026-03-15', '基金投资者', 0, 369, 267.37, '养老规划', '2026-03-21', '教育储蓄', 0, 375, 269.59, '网点偏好', '2026-03-27', '基金投资者', 0, 381, 271.81, '养老规划', '2026-03-05', '教育储蓄', 0, 387, 274.03, '网点偏好', '2026-03-11', '基金投资者', 0, 393, 276.25, '养老规划', '2026-03-17', '教育储蓄', 0, 399, 278.47, '网点偏好', '2026-03-23', '基金投资者', 0, 405, 280.69, '养老规划', '2026-03-01', '教育储蓄', 0, 411, 282.91, '网点偏好', '2026-03-07', '基金投资者', 0, 417, 285.13, '养老规划', '2026-03-13', '教育储蓄', 0, 423, 287.35, '网点偏好', '2026-03-19', '基金投资者', 0, 429, 289.57, '养老规划', '2026-03-25', '教育储蓄', 0, 435, 291.79, '网点偏好', '2026-03-03', '基金投资者', 0, 441, 294.01, '养老规划', '2026-03-09', '教育储蓄', 0, 447, 296.23, '网点偏好', '2026-03-15', '基金投资者', 0, 453, 298.45, '养老规划', '2026-03-21', '教育储蓄', 0, 459, 300.67, '网点偏好', '2026-03-27', '基金投资者', 0, 465, 302.89, '养老规划', '2026-03-05', '教育储蓄', 0, 471, 305.11, '网点偏好', '2026-03-11', '基金投资者', 0, 477, 307.33, '养老规划', '2026-03-17', '教育储蓄'),
  (1005, '2026-04-05', '陈晨', 'SI********1005', '138****1005', 2, 34, '私行客户', '成都', '四川', 5, '教师', '2024-05-05', '私行客户', 50.8, 13.4, 11.6, 48.0, 22.0, 0.12, 1, 1, 0, 7, 686, 'A', 1, '开放接口', 13, '2026-04-24', '低', '私行客户', 0.4, 78.0, '高净值客户,基金投资者,手机银行活跃', 0, '2026-04-20 10:00:00', '2026-04-24 18:00:00', 1, 24, 151.11, '差旅消费', '2026-03-10', '保险潜客', 1, 30, 153.33, '代发工资', '2026-03-16', '房贷家庭', 1, 36, 155.55, '差旅消费', '2026-03-22', '保险潜客', 1, 42, 157.77, '代发工资', '2026-03-28', '房贷家庭', 1, 48, 159.99, '差旅消费', '2026-03-06', '保险潜客', 1, 54, 162.21, '代发工资', '2026-03-12', '房贷家庭', 1, 60, 164.43, '差旅消费', '2026-03-18', '保险潜客', 1, 66, 166.65, '代发工资', '2026-03-24', '房贷家庭', 1, 72, 168.87, '差旅消费', '2026-03-02', '保险潜客', 1, 78, 171.09, '代发工资', '2026-03-08', '房贷家庭', 1, 84, 173.31, '差旅消费', '2026-03-14', '保险潜客', 1, 90, 175.53, '代发工资', '2026-03-20', '房贷家庭', 1, 96, 177.75, '差旅消费', '2026-03-26', '保险潜客', 1, 102, 179.97, '代发工资', '2026-03-04', '房贷家庭', 1, 108, 182.19, '差旅消费', '2026-03-10', '保险潜客', 1, 114, 184.41, '代发工资', '2026-03-16', '房贷家庭', 1, 120, 186.63, '差旅消费', '2026-03-22', '保险潜客', 1, 126, 188.85, '代发工资', '2026-03-28', '房贷家庭', 1, 132, 191.07, '差旅消费', '2026-03-06', '保险潜客', 1, 138, 193.29, '代发工资', '2026-03-12', '房贷家庭', 1, 144, 195.51, '差旅消费', '2026-03-18', '保险潜客', 1, 150, 197.73, '代发工资', '2026-03-24', '房贷家庭', 1, 156, 199.95, '差旅消费', '2026-03-02', '保险潜客', 1, 162, 202.17, '代发工资', '2026-03-08', '房贷家庭', 1, 168, 204.39, '差旅消费', '2026-03-14', '保险潜客', 1, 174, 206.61, '代发工资', '2026-03-20', '房贷家庭', 1, 180, 208.83, '差旅消费', '2026-03-26', '保险潜客', 1, 186, 211.05, '代发工资', '2026-03-04', '房贷家庭', 1, 192, 213.27, '差旅消费', '2026-03-10', '保险潜客', 1, 198, 215.49, '代发工资', '2026-03-16', '房贷家庭', 1, 204, 217.71, '差旅消费', '2026-03-22', '保险潜客', 1, 210, 219.93, '代发工资', '2026-03-28', '房贷家庭', 1, 216, 222.15, '差旅消费', '2026-03-06', '保险潜客', 1, 222, 224.37, '代发工资', '2026-03-12', '房贷家庭', 1, 228, 226.59, '差旅消费', '2026-03-18', '保险潜客', 1, 234, 228.81, '代发工资', '2026-03-24', '房贷家庭', 1, 240, 231.03, '差旅消费', '2026-03-02', '保险潜客', 1, 246, 233.25, '代发工资', '2026-03-08', '房贷家庭', 1, 252, 235.47, '差旅消费', '2026-03-14', '保险潜客', 1, 258, 237.69, '代发工资', '2026-03-20', '房贷家庭', 1, 264, 239.91, '差旅消费', '2026-03-26', '保险潜客', 1, 270, 242.13, '代发工资', '2026-03-04', '房贷家庭', 1, 276, 244.35, '差旅消费', '2026-03-10', '保险潜客', 1, 282, 246.57, '代发工资', '2026-03-16', '房贷家庭', 1, 288, 248.79, '差旅消费', '2026-03-22', '保险潜客', 1, 294, 251.01, '代发工资', '2026-03-28', '房贷家庭', 1, 300, 253.23, '差旅消费', '2026-03-06', '保险潜客', 1, 306, 255.45, '代发工资', '2026-03-12', '房贷家庭', 1, 312, 257.67, '差旅消费', '2026-03-18', '保险潜客', 1, 318, 259.89, '代发工资', '2026-03-24', '房贷家庭', 1, 324, 262.11, '差旅消费', '2026-03-02', '保险潜客', 1, 330, 264.33, '代发工资', '2026-03-08', '房贷家庭', 1, 336, 266.55, '差旅消费', '2026-03-14', '保险潜客', 1, 342, 268.77, '代发工资', '2026-03-20', '房贷家庭', 1, 348, 270.99, '差旅消费', '2026-03-26', '保险潜客', 1, 354, 273.21, '代发工资', '2026-03-04', '房贷家庭', 1, 360, 275.43, '差旅消费', '2026-03-10', '保险潜客', 1, 366, 277.65, '代发工资', '2026-03-16', '房贷家庭', 1, 372, 279.87, '差旅消费', '2026-03-22', '保险潜客', 1, 378, 282.09, '代发工资', '2026-03-28', '房贷家庭', 1, 384, 284.31, '差旅消费', '2026-03-06', '保险潜客', 1, 390, 286.53, '代发工资', '2026-03-12', '房贷家庭', 1, 396, 288.75, '差旅消费', '2026-03-18', '保险潜客', 1, 402, 290.97, '代发工资', '2026-03-24', '房贷家庭', 1, 408, 293.19, '差旅消费', '2026-03-02', '保险潜客', 1, 414, 295.41, '代发工资', '2026-03-08', '房贷家庭', 1, 420, 297.63, '差旅消费', '2026-03-14', '保险潜客', 1, 426, 299.85, '代发工资', '2026-03-20', '房贷家庭', 1, 432, 302.07, '差旅消费', '2026-03-26', '保险潜客', 1, 438, 304.29, '代发工资', '2026-03-04', '房贷家庭', 1, 444, 306.51, '差旅消费', '2026-03-10', '保险潜客', 1, 450, 308.73, '代发工资', '2026-03-16', '房贷家庭', 1, 456, 310.95, '差旅消费', '2026-03-22', '保险潜客', 1, 462, 313.17, '代发工资', '2026-03-28', '房贷家庭', 1, 468, 315.39, '差旅消费', '2026-03-06', '保险潜客', 1, 474, 317.61, '代发工资', '2026-03-12', '房贷家庭', 1, 480, 319.83, '差旅消费', '2026-03-18', '保险潜客'),
  (1006, '2026-04-06', '张伟', 'JI********1006', '138****1006', 1, 45, '大众客户', '北京', '北京', 1, '产品经理', '2024-06-06', '大众客户', 62.5, 15.5, 14.2, 0.0, 27.0, 0.54, 0, 1, 1, 8, 695, 'A+', 1, '手机银行', 15, '2026-04-25', '低', '大众客户', 0.47, 82.5, '高净值客户,基金投资者,手机银行活跃', 0, '2026-04-20 10:00:00', '2026-04-25 18:00:00', 0, 27, 163.61, '教育储蓄', '2026-03-11', '交叉销售候选', 0, 33, 165.83, '基金投资者', '2026-03-17', '小微企业主', 0, 39, 168.05, '教育储蓄', '2026-03-23', '交叉销售候选', 0, 45, 170.27, '基金投资者', '2026-03-01', '小微企业主', 0, 51, 172.49, '教育储蓄', '2026-03-07', '交叉销售候选', 0, 57, 174.71, '基金投资者', '2026-03-13', '小微企业主', 0, 63, 176.93, '教育储蓄', '2026-03-19', '交叉销售候选', 0, 69, 179.15, '基金投资者', '2026-03-25', '小微企业主', 0, 75, 181.37, '教育储蓄', '2026-03-03', '交叉销售候选', 0, 81, 183.59, '基金投资者', '2026-03-09', '小微企业主', 0, 87, 185.81, '教育储蓄', '2026-03-15', '交叉销售候选', 0, 93, 188.03, '基金投资者', '2026-03-21', '小微企业主', 0, 99, 190.25, '教育储蓄', '2026-03-27', '交叉销售候选', 0, 105, 192.47, '基金投资者', '2026-03-05', '小微企业主', 0, 111, 194.69, '教育储蓄', '2026-03-11', '交叉销售候选', 0, 117, 196.91, '基金投资者', '2026-03-17', '小微企业主', 0, 123, 199.13, '教育储蓄', '2026-03-23', '交叉销售候选', 0, 129, 201.35, '基金投资者', '2026-03-01', '小微企业主', 0, 135, 203.57, '教育储蓄', '2026-03-07', '交叉销售候选', 0, 141, 205.79, '基金投资者', '2026-03-13', '小微企业主', 0, 147, 208.01, '教育储蓄', '2026-03-19', '交叉销售候选', 0, 153, 210.23, '基金投资者', '2026-03-25', '小微企业主', 0, 159, 212.45, '教育储蓄', '2026-03-03', '交叉销售候选', 0, 165, 214.67, '基金投资者', '2026-03-09', '小微企业主', 0, 171, 216.89, '教育储蓄', '2026-03-15', '交叉销售候选', 0, 177, 219.11, '基金投资者', '2026-03-21', '小微企业主', 0, 183, 221.33, '教育储蓄', '2026-03-27', '交叉销售候选', 0, 189, 223.55, '基金投资者', '2026-03-05', '小微企业主', 0, 195, 225.77, '教育储蓄', '2026-03-11', '交叉销售候选', 0, 201, 227.99, '基金投资者', '2026-03-17', '小微企业主', 0, 207, 230.21, '教育储蓄', '2026-03-23', '交叉销售候选', 0, 213, 232.43, '基金投资者', '2026-03-01', '小微企业主', 0, 219, 234.65, '教育储蓄', '2026-03-07', '交叉销售候选', 0, 225, 236.87, '基金投资者', '2026-03-13', '小微企业主', 0, 231, 239.09, '教育储蓄', '2026-03-19', '交叉销售候选', 0, 237, 241.31, '基金投资者', '2026-03-25', '小微企业主', 0, 243, 243.53, '教育储蓄', '2026-03-03', '交叉销售候选', 0, 249, 245.75, '基金投资者', '2026-03-09', '小微企业主', 0, 255, 247.97, '教育储蓄', '2026-03-15', '交叉销售候选', 0, 261, 250.19, '基金投资者', '2026-03-21', '小微企业主', 0, 267, 252.41, '教育储蓄', '2026-03-27', '交叉销售候选', 0, 273, 254.63, '基金投资者', '2026-03-05', '小微企业主', 0, 279, 256.85, '教育储蓄', '2026-03-11', '交叉销售候选', 0, 285, 259.07, '基金投资者', '2026-03-17', '小微企业主', 0, 291, 261.29, '教育储蓄', '2026-03-23', '交叉销售候选', 0, 297, 263.51, '基金投资者', '2026-03-01', '小微企业主', 0, 303, 265.73, '教育储蓄', '2026-03-07', '交叉销售候选', 0, 309, 267.95, '基金投资者', '2026-03-13', '小微企业主', 0, 315, 270.17, '教育储蓄', '2026-03-19', '交叉销售候选', 0, 321, 272.39, '基金投资者', '2026-03-25', '小微企业主', 0, 327, 274.61, '教育储蓄', '2026-03-03', '交叉销售候选', 0, 333, 276.83, '基金投资者', '2026-03-09', '小微企业主', 0, 339, 279.05, '教育储蓄', '2026-03-15', '交叉销售候选', 0, 345, 281.27, '基金投资者', '2026-03-21', '小微企业主', 0, 351, 283.49, '教育储蓄', '2026-03-27', '交叉销售候选', 0, 357, 285.71, '基金投资者', '2026-03-05', '小微企业主', 0, 363, 287.93, '教育储蓄', '2026-03-11', '交叉销售候选', 0, 369, 290.15, '基金投资者', '2026-03-17', '小微企业主', 0, 375, 292.37, '教育储蓄', '2026-03-23', '交叉销售候选', 0, 381, 294.59, '基金投资者', '2026-03-01', '小微企业主', 0, 387, 296.81, '教育储蓄', '2026-03-07', '交叉销售候选', 0, 393, 299.03, '基金投资者', '2026-03-13', '小微企业主', 0, 399, 301.25, '教育储蓄', '2026-03-19', '交叉销售候选', 0, 405, 303.47, '基金投资者', '2026-03-25', '小微企业主', 0, 411, 305.69, '教育储蓄', '2026-03-03', '交叉销售候选', 0, 417, 307.91, '基金投资者', '2026-03-09', '小微企业主', 0, 423, 310.13, '教育储蓄', '2026-03-15', '交叉销售候选', 0, 429, 312.35, '基金投资者', '2026-03-21', '小微企业主', 0, 435, 314.57, '教育储蓄', '2026-03-27', '交叉销售候选', 0, 441, 316.79, '基金投资者', '2026-03-05', '小微企业主', 0, 447, 319.01, '教育储蓄', '2026-03-11', '交叉销售候选', 0, 453, 321.23, '基金投资者', '2026-03-17', '小微企业主', 0, 459, 323.45, '教育储蓄', '2026-03-23', '交叉销售候选', 0, 465, 325.67, '基金投资者', '2026-03-01', '小微企业主', 0, 471, 327.89, '教育储蓄', '2026-03-07', '交叉销售候选', 0, 477, 330.11, '基金投资者', '2026-03-13', '小微企业主', 0, 483, 332.33, '教育储蓄', '2026-03-19', '交叉销售候选'),
  (1007, '2026-04-07', '王芳', 'HU********1007', '138****1007', 2, 27, '成长客户', '上海', '上海', 2, '软件工程师', '2024-07-07', '成长客户', 74.2, 17.6, 16.8, 12.0, 2.0, 0.96, 1, 1, 0, 9, 704, 'AA', 1, '网点柜面', 17, '2026-04-26', '中', '成长客户', 0.54, 87.0, '高净值客户,基金投资者,手机银行活跃', 0, '2026-04-20 10:00:00', '2026-04-26 18:00:00', 1, 30, 176.11, '保险潜客', '2026-03-12', '数字活跃', 1, 36, 178.33, '房贷家庭', '2026-03-18', '风险关注', 1, 42, 180.55, '保险潜客', '2026-03-24', '数字活跃', 1, 48, 182.77, '房贷家庭', '2026-03-02', '风险关注', 1, 54, 184.99, '保险潜客', '2026-03-08', '数字活跃', 1, 60, 187.21, '房贷家庭', '2026-03-14', '风险关注', 1, 66, 189.43, '保险潜客', '2026-03-20', '数字活跃', 1, 72, 191.65, '房贷家庭', '2026-03-26', '风险关注', 1, 78, 193.87, '保险潜客', '2026-03-04', '数字活跃', 1, 84, 196.09, '房贷家庭', '2026-03-10', '风险关注', 1, 90, 198.31, '保险潜客', '2026-03-16', '数字活跃', 1, 96, 200.53, '房贷家庭', '2026-03-22', '风险关注', 1, 102, 202.75, '保险潜客', '2026-03-28', '数字活跃', 1, 108, 204.97, '房贷家庭', '2026-03-06', '风险关注', 1, 114, 207.19, '保险潜客', '2026-03-12', '数字活跃', 1, 120, 209.41, '房贷家庭', '2026-03-18', '风险关注', 1, 126, 211.63, '保险潜客', '2026-03-24', '数字活跃', 1, 132, 213.85, '房贷家庭', '2026-03-02', '风险关注', 1, 138, 216.07, '保险潜客', '2026-03-08', '数字活跃', 1, 144, 218.29, '房贷家庭', '2026-03-14', '风险关注', 1, 150, 220.51, '保险潜客', '2026-03-20', '数字活跃', 1, 156, 222.73, '房贷家庭', '2026-03-26', '风险关注', 1, 162, 224.95, '保险潜客', '2026-03-04', '数字活跃', 1, 168, 227.17, '房贷家庭', '2026-03-10', '风险关注', 1, 174, 229.39, '保险潜客', '2026-03-16', '数字活跃', 1, 180, 231.61, '房贷家庭', '2026-03-22', '风险关注', 1, 186, 233.83, '保险潜客', '2026-03-28', '数字活跃', 1, 192, 236.05, '房贷家庭', '2026-03-06', '风险关注', 1, 198, 238.27, '保险潜客', '2026-03-12', '数字活跃', 1, 204, 240.49, '房贷家庭', '2026-03-18', '风险关注', 1, 210, 242.71, '保险潜客', '2026-03-24', '数字活跃', 1, 216, 244.93, '房贷家庭', '2026-03-02', '风险关注', 1, 222, 247.15, '保险潜客', '2026-03-08', '数字活跃', 1, 228, 249.37, '房贷家庭', '2026-03-14', '风险关注', 1, 234, 251.59, '保险潜客', '2026-03-20', '数字活跃', 1, 240, 253.81, '房贷家庭', '2026-03-26', '风险关注', 1, 246, 256.03, '保险潜客', '2026-03-04', '数字活跃', 1, 252, 258.25, '房贷家庭', '2026-03-10', '风险关注', 1, 258, 260.47, '保险潜客', '2026-03-16', '数字活跃', 1, 264, 262.69, '房贷家庭', '2026-03-22', '风险关注', 1, 270, 264.91, '保险潜客', '2026-03-28', '数字活跃', 1, 276, 267.13, '房贷家庭', '2026-03-06', '风险关注', 1, 282, 269.35, '保险潜客', '2026-03-12', '数字活跃', 1, 288, 271.57, '房贷家庭', '2026-03-18', '风险关注', 1, 294, 273.79, '保险潜客', '2026-03-24', '数字活跃', 1, 300, 276.01, '房贷家庭', '2026-03-02', '风险关注', 1, 306, 278.23, '保险潜客', '2026-03-08', '数字活跃', 1, 312, 280.45, '房贷家庭', '2026-03-14', '风险关注', 1, 318, 282.67, '保险潜客', '2026-03-20', '数字活跃', 1, 324, 284.89, '房贷家庭', '2026-03-26', '风险关注', 1, 330, 287.11, '保险潜客', '2026-03-04', '数字活跃', 1, 336, 289.33, '房贷家庭', '2026-03-10', '风险关注', 1, 342, 291.55, '保险潜客', '2026-03-16', '数字活跃', 1, 348, 293.77, '房贷家庭', '2026-03-22', '风险关注', 1, 354, 295.99, '保险潜客', '2026-03-28', '数字活跃', 1, 360, 298.21, '房贷家庭', '2026-03-06', '风险关注', 1, 366, 300.43, '保险潜客', '2026-03-12', '数字活跃', 1, 372, 302.65, '房贷家庭', '2026-03-18', '风险关注', 1, 378, 304.87, '保险潜客', '2026-03-24', '数字活跃', 1, 384, 307.09, '房贷家庭', '2026-03-02', '风险关注', 1, 390, 309.31, '保险潜客', '2026-03-08', '数字活跃', 1, 396, 311.53, '房贷家庭', '2026-03-14', '风险关注', 1, 402, 313.75, '保险潜客', '2026-03-20', '数字活跃', 1, 408, 315.97, '房贷家庭', '2026-03-26', '风险关注', 1, 414, 318.19, '保险潜客', '2026-03-04', '数字活跃', 1, 420, 320.41, '房贷家庭', '2026-03-10', '风险关注', 1, 426, 322.63, '保险潜客', '2026-03-16', '数字活跃', 1, 432, 324.85, '房贷家庭', '2026-03-22', '风险关注', 1, 438, 327.07, '保险潜客', '2026-03-28', '数字活跃', 1, 444, 329.29, '房贷家庭', '2026-03-06', '风险关注', 1, 450, 331.51, '保险潜客', '2026-03-12', '数字活跃', 1, 456, 333.73, '房贷家庭', '2026-03-18', '风险关注', 1, 462, 335.95, '保险潜客', '2026-03-24', '数字活跃', 1, 468, 338.17, '房贷家庭', '2026-03-02', '风险关注', 1, 474, 340.39, '保险潜客', '2026-03-08', '数字活跃', 1, 480, 342.61, '房贷家庭', '2026-03-14', '风险关注', 1, 486, 344.83, '保险潜客', '2026-03-20', '数字活跃'),
  (1008, '2026-04-08', '李娜', 'SH********1008', '138****1008', 1, 39, '财富客户', '深圳', '广东', 3, '私人银行顾问', '2024-08-08', '财富客户', 85.9, 19.7, 1.2, 24.0, 7.0, 1.38, 0, 1, 0, 10, 713, 'AAA', 1, '网上银行', 19, '2026-04-27', '高', '财富客户', 0.61, 91.5, '高净值客户,基金投资者,手机银行活跃', 0, '2026-04-20 10:00:00', '2026-04-27 18:00:00', 0, 33, 188.61, '交叉销售候选', '2026-03-13', '网点偏好', 0, 39, 190.83, '小微企业主', '2026-03-19', '养老规划', 0, 45, 193.05, '交叉销售候选', '2026-03-25', '网点偏好', 0, 51, 195.27, '小微企业主', '2026-03-03', '养老规划', 0, 57, 197.49, '交叉销售候选', '2026-03-09', '网点偏好', 0, 63, 199.71, '小微企业主', '2026-03-15', '养老规划', 0, 69, 201.93, '交叉销售候选', '2026-03-21', '网点偏好', 0, 75, 204.15, '小微企业主', '2026-03-27', '养老规划', 0, 81, 206.37, '交叉销售候选', '2026-03-05', '网点偏好', 0, 87, 208.59, '小微企业主', '2026-03-11', '养老规划', 0, 93, 210.81, '交叉销售候选', '2026-03-17', '网点偏好', 0, 99, 213.03, '小微企业主', '2026-03-23', '养老规划', 0, 105, 215.25, '交叉销售候选', '2026-03-01', '网点偏好', 0, 111, 217.47, '小微企业主', '2026-03-07', '养老规划', 0, 117, 219.69, '交叉销售候选', '2026-03-13', '网点偏好', 0, 123, 221.91, '小微企业主', '2026-03-19', '养老规划', 0, 129, 224.13, '交叉销售候选', '2026-03-25', '网点偏好', 0, 135, 226.35, '小微企业主', '2026-03-03', '养老规划', 0, 141, 228.57, '交叉销售候选', '2026-03-09', '网点偏好', 0, 147, 230.79, '小微企业主', '2026-03-15', '养老规划', 0, 153, 233.01, '交叉销售候选', '2026-03-21', '网点偏好', 0, 159, 235.23, '小微企业主', '2026-03-27', '养老规划', 0, 165, 237.45, '交叉销售候选', '2026-03-05', '网点偏好', 0, 171, 239.67, '小微企业主', '2026-03-11', '养老规划', 0, 177, 241.89, '交叉销售候选', '2026-03-17', '网点偏好', 0, 183, 244.11, '小微企业主', '2026-03-23', '养老规划', 0, 189, 246.33, '交叉销售候选', '2026-03-01', '网点偏好', 0, 195, 248.55, '小微企业主', '2026-03-07', '养老规划', 0, 201, 250.77, '交叉销售候选', '2026-03-13', '网点偏好', 0, 207, 252.99, '小微企业主', '2026-03-19', '养老规划', 0, 213, 255.21, '交叉销售候选', '2026-03-25', '网点偏好', 0, 219, 257.43, '小微企业主', '2026-03-03', '养老规划', 0, 225, 259.65, '交叉销售候选', '2026-03-09', '网点偏好', 0, 231, 261.87, '小微企业主', '2026-03-15', '养老规划', 0, 237, 264.09, '交叉销售候选', '2026-03-21', '网点偏好', 0, 243, 266.31, '小微企业主', '2026-03-27', '养老规划', 0, 249, 268.53, '交叉销售候选', '2026-03-05', '网点偏好', 0, 255, 270.75, '小微企业主', '2026-03-11', '养老规划', 0, 261, 272.97, '交叉销售候选', '2026-03-17', '网点偏好', 0, 267, 275.19, '小微企业主', '2026-03-23', '养老规划', 0, 273, 277.41, '交叉销售候选', '2026-03-01', '网点偏好', 0, 279, 279.63, '小微企业主', '2026-03-07', '养老规划', 0, 285, 281.85, '交叉销售候选', '2026-03-13', '网点偏好', 0, 291, 284.07, '小微企业主', '2026-03-19', '养老规划', 0, 297, 286.29, '交叉销售候选', '2026-03-25', '网点偏好', 0, 303, 288.51, '小微企业主', '2026-03-03', '养老规划', 0, 309, 290.73, '交叉销售候选', '2026-03-09', '网点偏好', 0, 315, 292.95, '小微企业主', '2026-03-15', '养老规划', 0, 321, 295.17, '交叉销售候选', '2026-03-21', '网点偏好', 0, 327, 297.39, '小微企业主', '2026-03-27', '养老规划', 0, 333, 299.61, '交叉销售候选', '2026-03-05', '网点偏好', 0, 339, 301.83, '小微企业主', '2026-03-11', '养老规划', 0, 345, 304.05, '交叉销售候选', '2026-03-17', '网点偏好', 0, 351, 306.27, '小微企业主', '2026-03-23', '养老规划', 0, 357, 308.49, '交叉销售候选', '2026-03-01', '网点偏好', 0, 363, 310.71, '小微企业主', '2026-03-07', '养老规划', 0, 369, 312.93, '交叉销售候选', '2026-03-13', '网点偏好', 0, 375, 315.15, '小微企业主', '2026-03-19', '养老规划', 0, 381, 317.37, '交叉销售候选', '2026-03-25', '网点偏好', 0, 387, 319.59, '小微企业主', '2026-03-03', '养老规划', 0, 393, 321.81, '交叉销售候选', '2026-03-09', '网点偏好', 0, 399, 324.03, '小微企业主', '2026-03-15', '养老规划', 0, 405, 326.25, '交叉销售候选', '2026-03-21', '网点偏好', 0, 411, 328.47, '小微企业主', '2026-03-27', '养老规划', 0, 417, 330.69, '交叉销售候选', '2026-03-05', '网点偏好', 0, 423, 332.91, '小微企业主', '2026-03-11', '养老规划', 0, 429, 335.13, '交叉销售候选', '2026-03-17', '网点偏好', 0, 435, 337.35, '小微企业主', '2026-03-23', '养老规划', 0, 441, 339.57, '交叉销售候选', '2026-03-01', '网点偏好', 0, 447, 341.79, '小微企业主', '2026-03-07', '养老规划', 0, 453, 344.01, '交叉销售候选', '2026-03-13', '网点偏好', 0, 459, 346.23, '小微企业主', '2026-03-19', '养老规划', 0, 465, 348.45, '交叉销售候选', '2026-03-25', '网点偏好', 0, 471, 350.67, '小微企业主', '2026-03-03', '养老规划', 0, 477, 352.89, '交叉销售候选', '2026-03-09', '网点偏好', 0, 483, 355.11, '小微企业主', '2026-03-15', '养老规划', 0, 489, 357.33, '交叉销售候选', '2026-03-21', '网点偏好'),
  (1009, '2026-04-09', '刘洋', 'JI********1009', '138****1009', 2, 41, '成熟客户', '杭州', '浙江', 4, '小微企业主', '2024-09-09', '成熟客户', 83.6, 21.8, 3.8, 36.0, 12.0, 0.12, 1, 1, 1, 3, 722, 'A', 1, '微信小程序', 21, '2026-04-20', '严重', '成熟客户', 0.12, 96.0, '高净值客户,基金投资者,手机银行活跃', 0, '2026-04-20 10:00:00', '2026-04-20 18:00:00', 1, 36, 201.11, '数字活跃', '2026-03-14', '代发工资', 1, 42, 203.33, '风险关注', '2026-03-20', '差旅消费', 1, 48, 205.55, '数字活跃', '2026-03-26', '代发工资', 1, 54, 207.77, '风险关注', '2026-03-04', '差旅消费', 1, 60, 209.99, '数字活跃', '2026-03-10', '代发工资', 1, 66, 212.21, '风险关注', '2026-03-16', '差旅消费', 1, 72, 214.43, '数字活跃', '2026-03-22', '代发工资', 1, 78, 216.65, '风险关注', '2026-03-28', '差旅消费', 1, 84, 218.87, '数字活跃', '2026-03-06', '代发工资', 1, 90, 221.09, '风险关注', '2026-03-12', '差旅消费', 1, 96, 223.31, '数字活跃', '2026-03-18', '代发工资', 1, 102, 225.53, '风险关注', '2026-03-24', '差旅消费', 1, 108, 227.75, '数字活跃', '2026-03-02', '代发工资', 1, 114, 229.97, '风险关注', '2026-03-08', '差旅消费', 1, 120, 232.19, '数字活跃', '2026-03-14', '代发工资', 1, 126, 234.41, '风险关注', '2026-03-20', '差旅消费', 1, 132, 236.63, '数字活跃', '2026-03-26', '代发工资', 1, 138, 238.85, '风险关注', '2026-03-04', '差旅消费', 1, 144, 241.07, '数字活跃', '2026-03-10', '代发工资', 1, 150, 243.29, '风险关注', '2026-03-16', '差旅消费', 1, 156, 245.51, '数字活跃', '2026-03-22', '代发工资', 1, 162, 247.73, '风险关注', '2026-03-28', '差旅消费', 1, 168, 249.95, '数字活跃', '2026-03-06', '代发工资', 1, 174, 252.17, '风险关注', '2026-03-12', '差旅消费', 1, 180, 254.39, '数字活跃', '2026-03-18', '代发工资', 1, 186, 256.61, '风险关注', '2026-03-24', '差旅消费', 1, 192, 258.83, '数字活跃', '2026-03-02', '代发工资', 1, 198, 261.05, '风险关注', '2026-03-08', '差旅消费', 1, 204, 263.27, '数字活跃', '2026-03-14', '代发工资', 1, 210, 265.49, '风险关注', '2026-03-20', '差旅消费', 1, 216, 267.71, '数字活跃', '2026-03-26', '代发工资', 1, 222, 269.93, '风险关注', '2026-03-04', '差旅消费', 1, 228, 272.15, '数字活跃', '2026-03-10', '代发工资', 1, 234, 274.37, '风险关注', '2026-03-16', '差旅消费', 1, 240, 276.59, '数字活跃', '2026-03-22', '代发工资', 1, 246, 278.81, '风险关注', '2026-03-28', '差旅消费', 1, 252, 281.03, '数字活跃', '2026-03-06', '代发工资', 1, 258, 283.25, '风险关注', '2026-03-12', '差旅消费', 1, 264, 285.47, '数字活跃', '2026-03-18', '代发工资', 1, 270, 287.69, '风险关注', '2026-03-24', '差旅消费', 1, 276, 289.91, '数字活跃', '2026-03-02', '代发工资', 1, 282, 292.13, '风险关注', '2026-03-08', '差旅消费', 1, 288, 294.35, '数字活跃', '2026-03-14', '代发工资', 1, 294, 296.57, '风险关注', '2026-03-20', '差旅消费', 1, 300, 298.79, '数字活跃', '2026-03-26', '代发工资', 1, 306, 301.01, '风险关注', '2026-03-04', '差旅消费', 1, 312, 303.23, '数字活跃', '2026-03-10', '代发工资', 1, 318, 305.45, '风险关注', '2026-03-16', '差旅消费', 1, 324, 307.67, '数字活跃', '2026-03-22', '代发工资', 1, 330, 309.89, '风险关注', '2026-03-28', '差旅消费', 1, 336, 312.11, '数字活跃', '2026-03-06', '代发工资', 1, 342, 314.33, '风险关注', '2026-03-12', '差旅消费', 1, 348, 316.55, '数字活跃', '2026-03-18', '代发工资', 1, 354, 318.77, '风险关注', '2026-03-24', '差旅消费', 1, 360, 320.99, '数字活跃', '2026-03-02', '代发工资', 1, 366, 323.21, '风险关注', '2026-03-08', '差旅消费', 1, 372, 325.43, '数字活跃', '2026-03-14', '代发工资', 1, 378, 327.65, '风险关注', '2026-03-20', '差旅消费', 1, 384, 329.87, '数字活跃', '2026-03-26', '代发工资', 1, 390, 332.09, '风险关注', '2026-03-04', '差旅消费', 1, 396, 334.31, '数字活跃', '2026-03-10', '代发工资', 1, 402, 336.53, '风险关注', '2026-03-16', '差旅消费', 1, 408, 338.75, '数字活跃', '2026-03-22', '代发工资', 1, 414, 340.97, '风险关注', '2026-03-28', '差旅消费', 1, 420, 343.19, '数字活跃', '2026-03-06', '代发工资', 1, 426, 345.41, '风险关注', '2026-03-12', '差旅消费', 1, 432, 347.63, '数字活跃', '2026-03-18', '代发工资', 1, 438, 349.85, '风险关注', '2026-03-24', '差旅消费', 1, 444, 352.07, '数字活跃', '2026-03-02', '代发工资', 1, 450, 354.29, '风险关注', '2026-03-08', '差旅消费', 1, 456, 356.51, '数字活跃', '2026-03-14', '代发工资', 1, 462, 358.73, '风险关注', '2026-03-20', '差旅消费', 1, 468, 360.95, '数字活跃', '2026-03-26', '代发工资', 1, 474, 363.17, '风险关注', '2026-03-04', '差旅消费', 1, 480, 365.39, '数字活跃', '2026-03-10', '代发工资', 1, 486, 367.61, '风险关注', '2026-03-16', '差旅消费', 1, 492, 369.83, '数字活跃', '2026-03-22', '代发工资'),
  (1010, '2026-04-10', '陈晨', 'GU********1010', '138****1010', 1, 48, '私行客户', '成都', '四川', 5, '教师', '2024-10-10', '私行客户', 95.3, 23.9, 6.4, 48.0, 17.0, 0.54, 0, 1, 0, 4, 731, 'A+', 1, '开放接口', 23, '2026-04-21', '低', '私行客户', 0.19, 100.5, '高净值客户,基金投资者,手机银行活跃', 0, '2026-04-20 10:00:00', '2026-04-21 18:00:00', 0, 39, 213.61, '网点偏好', '2026-03-15', '基金投资者', 0, 45, 215.83, '养老规划', '2026-03-21', '教育储蓄', 0, 51, 218.05, '网点偏好', '2026-03-27', '基金投资者', 0, 57, 220.27, '养老规划', '2026-03-05', '教育储蓄', 0, 63, 222.49, '网点偏好', '2026-03-11', '基金投资者', 0, 69, 224.71, '养老规划', '2026-03-17', '教育储蓄', 0, 75, 226.93, '网点偏好', '2026-03-23', '基金投资者', 0, 81, 229.15, '养老规划', '2026-03-01', '教育储蓄', 0, 87, 231.37, '网点偏好', '2026-03-07', '基金投资者', 0, 93, 233.59, '养老规划', '2026-03-13', '教育储蓄', 0, 99, 235.81, '网点偏好', '2026-03-19', '基金投资者', 0, 105, 238.03, '养老规划', '2026-03-25', '教育储蓄', 0, 111, 240.25, '网点偏好', '2026-03-03', '基金投资者', 0, 117, 242.47, '养老规划', '2026-03-09', '教育储蓄', 0, 123, 244.69, '网点偏好', '2026-03-15', '基金投资者', 0, 129, 246.91, '养老规划', '2026-03-21', '教育储蓄', 0, 135, 249.13, '网点偏好', '2026-03-27', '基金投资者', 0, 141, 251.35, '养老规划', '2026-03-05', '教育储蓄', 0, 147, 253.57, '网点偏好', '2026-03-11', '基金投资者', 0, 153, 255.79, '养老规划', '2026-03-17', '教育储蓄', 0, 159, 258.01, '网点偏好', '2026-03-23', '基金投资者', 0, 165, 260.23, '养老规划', '2026-03-01', '教育储蓄', 0, 171, 262.45, '网点偏好', '2026-03-07', '基金投资者', 0, 177, 264.67, '养老规划', '2026-03-13', '教育储蓄', 0, 183, 266.89, '网点偏好', '2026-03-19', '基金投资者', 0, 189, 269.11, '养老规划', '2026-03-25', '教育储蓄', 0, 195, 271.33, '网点偏好', '2026-03-03', '基金投资者', 0, 201, 273.55, '养老规划', '2026-03-09', '教育储蓄', 0, 207, 275.77, '网点偏好', '2026-03-15', '基金投资者', 0, 213, 277.99, '养老规划', '2026-03-21', '教育储蓄', 0, 219, 280.21, '网点偏好', '2026-03-27', '基金投资者', 0, 225, 282.43, '养老规划', '2026-03-05', '教育储蓄', 0, 231, 284.65, '网点偏好', '2026-03-11', '基金投资者', 0, 237, 286.87, '养老规划', '2026-03-17', '教育储蓄', 0, 243, 289.09, '网点偏好', '2026-03-23', '基金投资者', 0, 249, 291.31, '养老规划', '2026-03-01', '教育储蓄', 0, 255, 293.53, '网点偏好', '2026-03-07', '基金投资者', 0, 261, 295.75, '养老规划', '2026-03-13', '教育储蓄', 0, 267, 297.97, '网点偏好', '2026-03-19', '基金投资者', 0, 273, 300.19, '养老规划', '2026-03-25', '教育储蓄', 0, 279, 302.41, '网点偏好', '2026-03-03', '基金投资者', 0, 285, 304.63, '养老规划', '2026-03-09', '教育储蓄', 0, 291, 306.85, '网点偏好', '2026-03-15', '基金投资者', 0, 297, 309.07, '养老规划', '2026-03-21', '教育储蓄', 0, 303, 311.29, '网点偏好', '2026-03-27', '基金投资者', 0, 309, 313.51, '养老规划', '2026-03-05', '教育储蓄', 0, 315, 315.73, '网点偏好', '2026-03-11', '基金投资者', 0, 321, 317.95, '养老规划', '2026-03-17', '教育储蓄', 0, 327, 320.17, '网点偏好', '2026-03-23', '基金投资者', 0, 333, 322.39, '养老规划', '2026-03-01', '教育储蓄', 0, 339, 324.61, '网点偏好', '2026-03-07', '基金投资者', 0, 345, 326.83, '养老规划', '2026-03-13', '教育储蓄', 0, 351, 329.05, '网点偏好', '2026-03-19', '基金投资者', 0, 357, 331.27, '养老规划', '2026-03-25', '教育储蓄', 0, 363, 333.49, '网点偏好', '2026-03-03', '基金投资者', 0, 369, 335.71, '养老规划', '2026-03-09', '教育储蓄', 0, 375, 337.93, '网点偏好', '2026-03-15', '基金投资者', 0, 381, 340.15, '养老规划', '2026-03-21', '教育储蓄', 0, 387, 342.37, '网点偏好', '2026-03-27', '基金投资者', 0, 393, 344.59, '养老规划', '2026-03-05', '教育储蓄', 0, 399, 346.81, '网点偏好', '2026-03-11', '基金投资者', 0, 405, 349.03, '养老规划', '2026-03-17', '教育储蓄', 0, 411, 351.25, '网点偏好', '2026-03-23', '基金投资者', 0, 417, 353.47, '养老规划', '2026-03-01', '教育储蓄', 0, 423, 355.69, '网点偏好', '2026-03-07', '基金投资者', 0, 429, 357.91, '养老规划', '2026-03-13', '教育储蓄', 0, 435, 360.13, '网点偏好', '2026-03-19', '基金投资者', 0, 441, 362.35, '养老规划', '2026-03-25', '教育储蓄', 0, 447, 364.57, '网点偏好', '2026-03-03', '基金投资者', 0, 453, 366.79, '养老规划', '2026-03-09', '教育储蓄', 0, 459, 369.01, '网点偏好', '2026-03-15', '基金投资者', 0, 465, 371.23, '养老规划', '2026-03-21', '教育储蓄', 0, 471, 373.45, '网点偏好', '2026-03-27', '基金投资者', 0, 477, 375.67, '养老规划', '2026-03-05', '教育储蓄', 0, 483, 377.89, '网点偏好', '2026-03-11', '基金投资者', 0, 489, 380.11, '养老规划', '2026-03-17', '教育储蓄', 0, 495, 382.33, '网点偏好', '2026-03-23', '基金投资者'),
  (1011, '2026-04-11', '张伟', 'CH********1011', '138****1011', 2, 33, '大众客户', '北京', '北京', 1, '产品经理', '2024-11-11', '大众客户', 107.0, 26.0, 9.0, 0.0, 22.0, 0.96, 1, 1, 0, 5, 740, 'AA', 2, '手机银行', 25, '2026-04-22', '低', '大众客户', 0.26, 105.0, '高净值客户,基金投资者,手机银行活跃', 1, '2026-04-20 10:00:00', '2026-04-22 18:00:00', 1, 42, 226.11, '代发工资', '2026-03-16', '房贷家庭', 1, 48, 228.33, '差旅消费', '2026-03-22', '保险潜客', 1, 54, 230.55, '代发工资', '2026-03-28', '房贷家庭', 1, 60, 232.77, '差旅消费', '2026-03-06', '保险潜客', 1, 66, 234.99, '代发工资', '2026-03-12', '房贷家庭', 1, 72, 237.21, '差旅消费', '2026-03-18', '保险潜客', 1, 78, 239.43, '代发工资', '2026-03-24', '房贷家庭', 1, 84, 241.65, '差旅消费', '2026-03-02', '保险潜客', 1, 90, 243.87, '代发工资', '2026-03-08', '房贷家庭', 1, 96, 246.09, '差旅消费', '2026-03-14', '保险潜客', 1, 102, 248.31, '代发工资', '2026-03-20', '房贷家庭', 1, 108, 250.53, '差旅消费', '2026-03-26', '保险潜客', 1, 114, 252.75, '代发工资', '2026-03-04', '房贷家庭', 1, 120, 254.97, '差旅消费', '2026-03-10', '保险潜客', 1, 126, 257.19, '代发工资', '2026-03-16', '房贷家庭', 1, 132, 259.41, '差旅消费', '2026-03-22', '保险潜客', 1, 138, 261.63, '代发工资', '2026-03-28', '房贷家庭', 1, 144, 263.85, '差旅消费', '2026-03-06', '保险潜客', 1, 150, 266.07, '代发工资', '2026-03-12', '房贷家庭', 1, 156, 268.29, '差旅消费', '2026-03-18', '保险潜客', 1, 162, 270.51, '代发工资', '2026-03-24', '房贷家庭', 1, 168, 272.73, '差旅消费', '2026-03-02', '保险潜客', 1, 174, 274.95, '代发工资', '2026-03-08', '房贷家庭', 1, 180, 277.17, '差旅消费', '2026-03-14', '保险潜客', 1, 186, 279.39, '代发工资', '2026-03-20', '房贷家庭', 1, 192, 281.61, '差旅消费', '2026-03-26', '保险潜客', 1, 198, 283.83, '代发工资', '2026-03-04', '房贷家庭', 1, 204, 286.05, '差旅消费', '2026-03-10', '保险潜客', 1, 210, 288.27, '代发工资', '2026-03-16', '房贷家庭', 1, 216, 290.49, '差旅消费', '2026-03-22', '保险潜客', 1, 222, 292.71, '代发工资', '2026-03-28', '房贷家庭', 1, 228, 294.93, '差旅消费', '2026-03-06', '保险潜客', 1, 234, 297.15, '代发工资', '2026-03-12', '房贷家庭', 1, 240, 299.37, '差旅消费', '2026-03-18', '保险潜客', 1, 246, 301.59, '代发工资', '2026-03-24', '房贷家庭', 1, 252, 303.81, '差旅消费', '2026-03-02', '保险潜客', 1, 258, 306.03, '代发工资', '2026-03-08', '房贷家庭', 1, 264, 308.25, '差旅消费', '2026-03-14', '保险潜客', 1, 270, 310.47, '代发工资', '2026-03-20', '房贷家庭', 1, 276, 312.69, '差旅消费', '2026-03-26', '保险潜客', 1, 282, 314.91, '代发工资', '2026-03-04', '房贷家庭', 1, 288, 317.13, '差旅消费', '2026-03-10', '保险潜客', 1, 294, 319.35, '代发工资', '2026-03-16', '房贷家庭', 1, 300, 321.57, '差旅消费', '2026-03-22', '保险潜客', 1, 306, 323.79, '代发工资', '2026-03-28', '房贷家庭', 1, 312, 326.01, '差旅消费', '2026-03-06', '保险潜客', 1, 318, 328.23, '代发工资', '2026-03-12', '房贷家庭', 1, 324, 330.45, '差旅消费', '2026-03-18', '保险潜客', 1, 330, 332.67, '代发工资', '2026-03-24', '房贷家庭', 1, 336, 334.89, '差旅消费', '2026-03-02', '保险潜客', 1, 342, 337.11, '代发工资', '2026-03-08', '房贷家庭', 1, 348, 339.33, '差旅消费', '2026-03-14', '保险潜客', 1, 354, 341.55, '代发工资', '2026-03-20', '房贷家庭', 1, 360, 343.77, '差旅消费', '2026-03-26', '保险潜客', 1, 366, 345.99, '代发工资', '2026-03-04', '房贷家庭', 1, 372, 348.21, '差旅消费', '2026-03-10', '保险潜客', 1, 378, 350.43, '代发工资', '2026-03-16', '房贷家庭', 1, 384, 352.65, '差旅消费', '2026-03-22', '保险潜客', 1, 390, 354.87, '代发工资', '2026-03-28', '房贷家庭', 1, 396, 357.09, '差旅消费', '2026-03-06', '保险潜客', 1, 402, 359.31, '代发工资', '2026-03-12', '房贷家庭', 1, 408, 361.53, '差旅消费', '2026-03-18', '保险潜客', 1, 414, 363.75, '代发工资', '2026-03-24', '房贷家庭', 1, 420, 365.97, '差旅消费', '2026-03-02', '保险潜客', 1, 426, 368.19, '代发工资', '2026-03-08', '房贷家庭', 1, 432, 370.41, '差旅消费', '2026-03-14', '保险潜客', 1, 438, 372.63, '代发工资', '2026-03-20', '房贷家庭', 1, 444, 374.85, '差旅消费', '2026-03-26', '保险潜客', 1, 450, 377.07, '代发工资', '2026-03-04', '房贷家庭', 1, 456, 379.29, '差旅消费', '2026-03-10', '保险潜客', 1, 462, 381.51, '代发工资', '2026-03-16', '房贷家庭', 1, 468, 383.73, '差旅消费', '2026-03-22', '保险潜客', 1, 474, 385.95, '代发工资', '2026-03-28', '房贷家庭', 1, 480, 388.17, '差旅消费', '2026-03-06', '保险潜客', 1, 486, 390.39, '代发工资', '2026-03-12', '房贷家庭', 1, 492, 392.61, '差旅消费', '2026-03-18', '保险潜客', 1, 498, 394.83, '代发工资', '2026-03-24', '房贷家庭'),
  (1012, '2026-04-12', '王芳', 'SH********1012', '138****1012', 1, 46, '成长客户', '上海', '上海', 2, '软件工程师', '2024-12-12', '成长客户', 118.7, 28.1, 11.6, 12.0, 27.0, 1.38, 0, 1, 0, 6, 749, 'AAA', 1, '网点柜面', 27, '2026-04-23', '中', '成长客户', 0.33, 109.5, '高净值客户,基金投资者,手机银行活跃', 0, '2026-04-20 10:00:00', '2026-04-23 18:00:00', 0, 45, 238.61, '基金投资者', '2026-03-17', '小微企业主', 0, 51, 240.83, '教育储蓄', '2026-03-23', '交叉销售候选', 0, 57, 243.05, '基金投资者', '2026-03-01', '小微企业主', 0, 63, 245.27, '教育储蓄', '2026-03-07', '交叉销售候选', 0, 69, 247.49, '基金投资者', '2026-03-13', '小微企业主', 0, 75, 249.71, '教育储蓄', '2026-03-19', '交叉销售候选', 0, 81, 251.93, '基金投资者', '2026-03-25', '小微企业主', 0, 87, 254.15, '教育储蓄', '2026-03-03', '交叉销售候选', 0, 93, 256.37, '基金投资者', '2026-03-09', '小微企业主', 0, 99, 258.59, '教育储蓄', '2026-03-15', '交叉销售候选', 0, 105, 260.81, '基金投资者', '2026-03-21', '小微企业主', 0, 111, 263.03, '教育储蓄', '2026-03-27', '交叉销售候选', 0, 117, 265.25, '基金投资者', '2026-03-05', '小微企业主', 0, 123, 267.47, '教育储蓄', '2026-03-11', '交叉销售候选', 0, 129, 269.69, '基金投资者', '2026-03-17', '小微企业主', 0, 135, 271.91, '教育储蓄', '2026-03-23', '交叉销售候选', 0, 141, 274.13, '基金投资者', '2026-03-01', '小微企业主', 0, 147, 276.35, '教育储蓄', '2026-03-07', '交叉销售候选', 0, 153, 278.57, '基金投资者', '2026-03-13', '小微企业主', 0, 159, 280.79, '教育储蓄', '2026-03-19', '交叉销售候选', 0, 165, 283.01, '基金投资者', '2026-03-25', '小微企业主', 0, 171, 285.23, '教育储蓄', '2026-03-03', '交叉销售候选', 0, 177, 287.45, '基金投资者', '2026-03-09', '小微企业主', 0, 183, 289.67, '教育储蓄', '2026-03-15', '交叉销售候选', 0, 189, 291.89, '基金投资者', '2026-03-21', '小微企业主', 0, 195, 294.11, '教育储蓄', '2026-03-27', '交叉销售候选', 0, 201, 296.33, '基金投资者', '2026-03-05', '小微企业主', 0, 207, 298.55, '教育储蓄', '2026-03-11', '交叉销售候选', 0, 213, 300.77, '基金投资者', '2026-03-17', '小微企业主', 0, 219, 302.99, '教育储蓄', '2026-03-23', '交叉销售候选', 0, 225, 305.21, '基金投资者', '2026-03-01', '小微企业主', 0, 231, 307.43, '教育储蓄', '2026-03-07', '交叉销售候选', 0, 237, 309.65, '基金投资者', '2026-03-13', '小微企业主', 0, 243, 311.87, '教育储蓄', '2026-03-19', '交叉销售候选', 0, 249, 314.09, '基金投资者', '2026-03-25', '小微企业主', 0, 255, 316.31, '教育储蓄', '2026-03-03', '交叉销售候选', 0, 261, 318.53, '基金投资者', '2026-03-09', '小微企业主', 0, 267, 320.75, '教育储蓄', '2026-03-15', '交叉销售候选', 0, 273, 322.97, '基金投资者', '2026-03-21', '小微企业主', 0, 279, 325.19, '教育储蓄', '2026-03-27', '交叉销售候选', 0, 285, 327.41, '基金投资者', '2026-03-05', '小微企业主', 0, 291, 329.63, '教育储蓄', '2026-03-11', '交叉销售候选', 0, 297, 331.85, '基金投资者', '2026-03-17', '小微企业主', 0, 303, 334.07, '教育储蓄', '2026-03-23', '交叉销售候选', 0, 309, 336.29, '基金投资者', '2026-03-01', '小微企业主', 0, 315, 338.51, '教育储蓄', '2026-03-07', '交叉销售候选', 0, 321, 340.73, '基金投资者', '2026-03-13', '小微企业主', 0, 327, 342.95, '教育储蓄', '2026-03-19', '交叉销售候选', 0, 333, 345.17, '基金投资者', '2026-03-25', '小微企业主', 0, 339, 347.39, '教育储蓄', '2026-03-03', '交叉销售候选', 0, 345, 349.61, '基金投资者', '2026-03-09', '小微企业主', 0, 351, 351.83, '教育储蓄', '2026-03-15', '交叉销售候选', 0, 357, 354.05, '基金投资者', '2026-03-21', '小微企业主', 0, 363, 356.27, '教育储蓄', '2026-03-27', '交叉销售候选', 0, 369, 358.49, '基金投资者', '2026-03-05', '小微企业主', 0, 375, 360.71, '教育储蓄', '2026-03-11', '交叉销售候选', 0, 381, 362.93, '基金投资者', '2026-03-17', '小微企业主', 0, 387, 365.15, '教育储蓄', '2026-03-23', '交叉销售候选', 0, 393, 367.37, '基金投资者', '2026-03-01', '小微企业主', 0, 399, 369.59, '教育储蓄', '2026-03-07', '交叉销售候选', 0, 405, 371.81, '基金投资者', '2026-03-13', '小微企业主', 0, 411, 374.03, '教育储蓄', '2026-03-19', '交叉销售候选', 0, 417, 376.25, '基金投资者', '2026-03-25', '小微企业主', 0, 423, 378.47, '教育储蓄', '2026-03-03', '交叉销售候选', 0, 429, 380.69, '基金投资者', '2026-03-09', '小微企业主', 0, 435, 382.91, '教育储蓄', '2026-03-15', '交叉销售候选', 0, 441, 385.13, '基金投资者', '2026-03-21', '小微企业主', 0, 447, 387.35, '教育储蓄', '2026-03-27', '交叉销售候选', 0, 453, 389.57, '基金投资者', '2026-03-05', '小微企业主', 0, 459, 391.79, '教育储蓄', '2026-03-11', '交叉销售候选', 0, 465, 394.01, '基金投资者', '2026-03-17', '小微企业主', 0, 471, 396.23, '教育储蓄', '2026-03-23', '交叉销售候选', 0, 477, 398.45, '基金投资者', '2026-03-01', '小微企业主', 0, 483, 400.67, '教育储蓄', '2026-03-07', '交叉销售候选', 0, 489, 402.89, '基金投资者', '2026-03-13', '小微企业主', 0, 495, 405.11, '教育储蓄', '2026-03-19', '交叉销售候选', 0, 501, 407.33, '基金投资者', '2026-03-25', '小微企业主'),
  (1013, '2026-04-13', '李娜', 'FU********1013', '138****1013', 2, 28, '财富客户', '深圳', '广东', 3, '私人银行顾问', '2024-01-13', '财富客户', 116.4, 30.2, 14.2, 24.0, 2.0, 0.12, 1, 1, 0, 7, 758, 'A', 1, '网上银行', 29, '2026-04-24', '高', '财富客户', 0.4, 114.0, '高净值客户,基金投资者,手机银行活跃', 0, '2026-04-20 10:00:00', '2026-04-24 18:00:00', 1, 48, 251.11, '房贷家庭', '2026-03-18', '风险关注', 1, 54, 253.33, '保险潜客', '2026-03-24', '数字活跃', 1, 60, 255.55, '房贷家庭', '2026-03-02', '风险关注', 1, 66, 257.77, '保险潜客', '2026-03-08', '数字活跃', 1, 72, 259.99, '房贷家庭', '2026-03-14', '风险关注', 1, 78, 262.21, '保险潜客', '2026-03-20', '数字活跃', 1, 84, 264.43, '房贷家庭', '2026-03-26', '风险关注', 1, 90, 266.65, '保险潜客', '2026-03-04', '数字活跃', 1, 96, 268.87, '房贷家庭', '2026-03-10', '风险关注', 1, 102, 271.09, '保险潜客', '2026-03-16', '数字活跃', 1, 108, 273.31, '房贷家庭', '2026-03-22', '风险关注', 1, 114, 275.53, '保险潜客', '2026-03-28', '数字活跃', 1, 120, 277.75, '房贷家庭', '2026-03-06', '风险关注', 1, 126, 279.97, '保险潜客', '2026-03-12', '数字活跃', 1, 132, 282.19, '房贷家庭', '2026-03-18', '风险关注', 1, 138, 284.41, '保险潜客', '2026-03-24', '数字活跃', 1, 144, 286.63, '房贷家庭', '2026-03-02', '风险关注', 1, 150, 288.85, '保险潜客', '2026-03-08', '数字活跃', 1, 156, 291.07, '房贷家庭', '2026-03-14', '风险关注', 1, 162, 293.29, '保险潜客', '2026-03-20', '数字活跃', 1, 168, 295.51, '房贷家庭', '2026-03-26', '风险关注', 1, 174, 297.73, '保险潜客', '2026-03-04', '数字活跃', 1, 180, 299.95, '房贷家庭', '2026-03-10', '风险关注', 1, 186, 302.17, '保险潜客', '2026-03-16', '数字活跃', 1, 192, 304.39, '房贷家庭', '2026-03-22', '风险关注', 1, 198, 306.61, '保险潜客', '2026-03-28', '数字活跃', 1, 204, 308.83, '房贷家庭', '2026-03-06', '风险关注', 1, 210, 311.05, '保险潜客', '2026-03-12', '数字活跃', 1, 216, 313.27, '房贷家庭', '2026-03-18', '风险关注', 1, 222, 315.49, '保险潜客', '2026-03-24', '数字活跃', 1, 228, 317.71, '房贷家庭', '2026-03-02', '风险关注', 1, 234, 319.93, '保险潜客', '2026-03-08', '数字活跃', 1, 240, 322.15, '房贷家庭', '2026-03-14', '风险关注', 1, 246, 324.37, '保险潜客', '2026-03-20', '数字活跃', 1, 252, 326.59, '房贷家庭', '2026-03-26', '风险关注', 1, 258, 328.81, '保险潜客', '2026-03-04', '数字活跃', 1, 264, 331.03, '房贷家庭', '2026-03-10', '风险关注', 1, 270, 333.25, '保险潜客', '2026-03-16', '数字活跃', 1, 276, 335.47, '房贷家庭', '2026-03-22', '风险关注', 1, 282, 337.69, '保险潜客', '2026-03-28', '数字活跃', 1, 288, 339.91, '房贷家庭', '2026-03-06', '风险关注', 1, 294, 342.13, '保险潜客', '2026-03-12', '数字活跃', 1, 300, 344.35, '房贷家庭', '2026-03-18', '风险关注', 1, 306, 346.57, '保险潜客', '2026-03-24', '数字活跃', 1, 312, 348.79, '房贷家庭', '2026-03-02', '风险关注', 1, 318, 351.01, '保险潜客', '2026-03-08', '数字活跃', 1, 324, 353.23, '房贷家庭', '2026-03-14', '风险关注', 1, 330, 355.45, '保险潜客', '2026-03-20', '数字活跃', 1, 336, 357.67, '房贷家庭', '2026-03-26', '风险关注', 1, 342, 359.89, '保险潜客', '2026-03-04', '数字活跃', 1, 348, 362.11, '房贷家庭', '2026-03-10', '风险关注', 1, 354, 364.33, '保险潜客', '2026-03-16', '数字活跃', 1, 360, 366.55, '房贷家庭', '2026-03-22', '风险关注', 1, 366, 368.77, '保险潜客', '2026-03-28', '数字活跃', 1, 372, 370.99, '房贷家庭', '2026-03-06', '风险关注', 1, 378, 373.21, '保险潜客', '2026-03-12', '数字活跃', 1, 384, 375.43, '房贷家庭', '2026-03-18', '风险关注', 1, 390, 377.65, '保险潜客', '2026-03-24', '数字活跃', 1, 396, 379.87, '房贷家庭', '2026-03-02', '风险关注', 1, 402, 382.09, '保险潜客', '2026-03-08', '数字活跃', 1, 408, 384.31, '房贷家庭', '2026-03-14', '风险关注', 1, 414, 386.53, '保险潜客', '2026-03-20', '数字活跃', 1, 420, 388.75, '房贷家庭', '2026-03-26', '风险关注', 1, 426, 390.97, '保险潜客', '2026-03-04', '数字活跃', 1, 432, 393.19, '房贷家庭', '2026-03-10', '风险关注', 1, 438, 395.41, '保险潜客', '2026-03-16', '数字活跃', 1, 444, 397.63, '房贷家庭', '2026-03-22', '风险关注', 1, 450, 399.85, '保险潜客', '2026-03-28', '数字活跃', 1, 456, 402.07, '房贷家庭', '2026-03-06', '风险关注', 1, 462, 404.29, '保险潜客', '2026-03-12', '数字活跃', 1, 468, 406.51, '房贷家庭', '2026-03-18', '风险关注', 1, 474, 408.73, '保险潜客', '2026-03-24', '数字活跃', 1, 480, 410.95, '房贷家庭', '2026-03-02', '风险关注', 1, 486, 413.17, '保险潜客', '2026-03-08', '数字活跃', 1, 492, 415.39, '房贷家庭', '2026-03-14', '风险关注', 1, 498, 417.61, '保险潜客', '2026-03-20', '数字活跃', 1, 504, 419.83, '房贷家庭', '2026-03-26', '风险关注'),
  (1014, '2026-04-14', '刘洋', 'TI********1014', '138****1014', 1, 44, '成熟客户', '杭州', '浙江', 4, '小微企业主', '2024-02-14', '成熟客户', 128.1, 32.3, 16.8, 36.0, 7.0, 0.54, 0, 1, 0, 8, 767, 'A+', 1, '微信小程序', 31, '2026-04-25', '严重', '成熟客户', 0.47, 118.5, '高净值客户,基金投资者,手机银行活跃', 0, '2026-04-20 10:00:00', '2026-04-25 18:00:00', 0, 51, 263.61, '小微企业主', '2026-03-19', '养老规划', 0, 57, 265.83, '交叉销售候选', '2026-03-25', '网点偏好', 0, 63, 268.05, '小微企业主', '2026-03-03', '养老规划', 0, 69, 270.27, '交叉销售候选', '2026-03-09', '网点偏好', 0, 75, 272.49, '小微企业主', '2026-03-15', '养老规划', 0, 81, 274.71, '交叉销售候选', '2026-03-21', '网点偏好', 0, 87, 276.93, '小微企业主', '2026-03-27', '养老规划', 0, 93, 279.15, '交叉销售候选', '2026-03-05', '网点偏好', 0, 99, 281.37, '小微企业主', '2026-03-11', '养老规划', 0, 105, 283.59, '交叉销售候选', '2026-03-17', '网点偏好', 0, 111, 285.81, '小微企业主', '2026-03-23', '养老规划', 0, 117, 288.03, '交叉销售候选', '2026-03-01', '网点偏好', 0, 123, 290.25, '小微企业主', '2026-03-07', '养老规划', 0, 129, 292.47, '交叉销售候选', '2026-03-13', '网点偏好', 0, 135, 294.69, '小微企业主', '2026-03-19', '养老规划', 0, 141, 296.91, '交叉销售候选', '2026-03-25', '网点偏好', 0, 147, 299.13, '小微企业主', '2026-03-03', '养老规划', 0, 153, 301.35, '交叉销售候选', '2026-03-09', '网点偏好', 0, 159, 303.57, '小微企业主', '2026-03-15', '养老规划', 0, 165, 305.79, '交叉销售候选', '2026-03-21', '网点偏好', 0, 171, 308.01, '小微企业主', '2026-03-27', '养老规划', 0, 177, 310.23, '交叉销售候选', '2026-03-05', '网点偏好', 0, 183, 312.45, '小微企业主', '2026-03-11', '养老规划', 0, 189, 314.67, '交叉销售候选', '2026-03-17', '网点偏好', 0, 195, 316.89, '小微企业主', '2026-03-23', '养老规划', 0, 201, 319.11, '交叉销售候选', '2026-03-01', '网点偏好', 0, 207, 321.33, '小微企业主', '2026-03-07', '养老规划', 0, 213, 323.55, '交叉销售候选', '2026-03-13', '网点偏好', 0, 219, 325.77, '小微企业主', '2026-03-19', '养老规划', 0, 225, 327.99, '交叉销售候选', '2026-03-25', '网点偏好', 0, 231, 330.21, '小微企业主', '2026-03-03', '养老规划', 0, 237, 332.43, '交叉销售候选', '2026-03-09', '网点偏好', 0, 243, 334.65, '小微企业主', '2026-03-15', '养老规划', 0, 249, 336.87, '交叉销售候选', '2026-03-21', '网点偏好', 0, 255, 339.09, '小微企业主', '2026-03-27', '养老规划', 0, 261, 341.31, '交叉销售候选', '2026-03-05', '网点偏好', 0, 267, 343.53, '小微企业主', '2026-03-11', '养老规划', 0, 273, 345.75, '交叉销售候选', '2026-03-17', '网点偏好', 0, 279, 347.97, '小微企业主', '2026-03-23', '养老规划', 0, 285, 350.19, '交叉销售候选', '2026-03-01', '网点偏好', 0, 291, 352.41, '小微企业主', '2026-03-07', '养老规划', 0, 297, 354.63, '交叉销售候选', '2026-03-13', '网点偏好', 0, 303, 356.85, '小微企业主', '2026-03-19', '养老规划', 0, 309, 359.07, '交叉销售候选', '2026-03-25', '网点偏好', 0, 315, 361.29, '小微企业主', '2026-03-03', '养老规划', 0, 321, 363.51, '交叉销售候选', '2026-03-09', '网点偏好', 0, 327, 365.73, '小微企业主', '2026-03-15', '养老规划', 0, 333, 367.95, '交叉销售候选', '2026-03-21', '网点偏好', 0, 339, 370.17, '小微企业主', '2026-03-27', '养老规划', 0, 345, 372.39, '交叉销售候选', '2026-03-05', '网点偏好', 0, 351, 374.61, '小微企业主', '2026-03-11', '养老规划', 0, 357, 376.83, '交叉销售候选', '2026-03-17', '网点偏好', 0, 363, 379.05, '小微企业主', '2026-03-23', '养老规划', 0, 369, 381.27, '交叉销售候选', '2026-03-01', '网点偏好', 0, 375, 383.49, '小微企业主', '2026-03-07', '养老规划', 0, 381, 385.71, '交叉销售候选', '2026-03-13', '网点偏好', 0, 387, 387.93, '小微企业主', '2026-03-19', '养老规划', 0, 393, 390.15, '交叉销售候选', '2026-03-25', '网点偏好', 0, 399, 392.37, '小微企业主', '2026-03-03', '养老规划', 0, 405, 394.59, '交叉销售候选', '2026-03-09', '网点偏好', 0, 411, 396.81, '小微企业主', '2026-03-15', '养老规划', 0, 417, 399.03, '交叉销售候选', '2026-03-21', '网点偏好', 0, 423, 401.25, '小微企业主', '2026-03-27', '养老规划', 0, 429, 403.47, '交叉销售候选', '2026-03-05', '网点偏好', 0, 435, 405.69, '小微企业主', '2026-03-11', '养老规划', 0, 441, 407.91, '交叉销售候选', '2026-03-17', '网点偏好', 0, 447, 410.13, '小微企业主', '2026-03-23', '养老规划', 0, 453, 412.35, '交叉销售候选', '2026-03-01', '网点偏好', 0, 459, 414.57, '小微企业主', '2026-03-07', '养老规划', 0, 465, 416.79, '交叉销售候选', '2026-03-13', '网点偏好', 0, 471, 419.01, '小微企业主', '2026-03-19', '养老规划', 0, 477, 421.23, '交叉销售候选', '2026-03-25', '网点偏好', 0, 483, 423.45, '小微企业主', '2026-03-03', '养老规划', 0, 489, 425.67, '交叉销售候选', '2026-03-09', '网点偏好', 0, 495, 427.89, '小微企业主', '2026-03-15', '养老规划', 0, 501, 430.11, '交叉销售候选', '2026-03-21', '网点偏好', 0, 507, 432.33, '小微企业主', '2026-03-27', '养老规划'),
  (1015, '2026-04-15', '陈晨', 'ZH********1015', '138****1015', 2, 37, '私行客户', '成都', '四川', 5, '教师', '2024-03-15', '私行客户', 139.8, 34.4, 1.2, 48.0, 12.0, 0.96, 1, 1, 0, 9, 776, 'AA', 1, '开放接口', 33, '2026-04-26', '低', '私行客户', 0.54, 123.0, '高净值客户,基金投资者,手机银行活跃', 0, '2026-04-20 10:00:00', '2026-04-26 18:00:00', 1, 54, 276.11, '风险关注', '2026-03-20', '差旅消费', 1, 60, 278.33, '数字活跃', '2026-03-26', '代发工资', 1, 66, 280.55, '风险关注', '2026-03-04', '差旅消费', 1, 72, 282.77, '数字活跃', '2026-03-10', '代发工资', 1, 78, 284.99, '风险关注', '2026-03-16', '差旅消费', 1, 84, 287.21, '数字活跃', '2026-03-22', '代发工资', 1, 90, 289.43, '风险关注', '2026-03-28', '差旅消费', 1, 96, 291.65, '数字活跃', '2026-03-06', '代发工资', 1, 102, 293.87, '风险关注', '2026-03-12', '差旅消费', 1, 108, 296.09, '数字活跃', '2026-03-18', '代发工资', 1, 114, 298.31, '风险关注', '2026-03-24', '差旅消费', 1, 120, 300.53, '数字活跃', '2026-03-02', '代发工资', 1, 126, 302.75, '风险关注', '2026-03-08', '差旅消费', 1, 132, 304.97, '数字活跃', '2026-03-14', '代发工资', 1, 138, 307.19, '风险关注', '2026-03-20', '差旅消费', 1, 144, 309.41, '数字活跃', '2026-03-26', '代发工资', 1, 150, 311.63, '风险关注', '2026-03-04', '差旅消费', 1, 156, 313.85, '数字活跃', '2026-03-10', '代发工资', 1, 162, 316.07, '风险关注', '2026-03-16', '差旅消费', 1, 168, 318.29, '数字活跃', '2026-03-22', '代发工资', 1, 174, 320.51, '风险关注', '2026-03-28', '差旅消费', 1, 180, 322.73, '数字活跃', '2026-03-06', '代发工资', 1, 186, 324.95, '风险关注', '2026-03-12', '差旅消费', 1, 192, 327.17, '数字活跃', '2026-03-18', '代发工资', 1, 198, 329.39, '风险关注', '2026-03-24', '差旅消费', 1, 204, 331.61, '数字活跃', '2026-03-02', '代发工资', 1, 210, 333.83, '风险关注', '2026-03-08', '差旅消费', 1, 216, 336.05, '数字活跃', '2026-03-14', '代发工资', 1, 222, 338.27, '风险关注', '2026-03-20', '差旅消费', 1, 228, 340.49, '数字活跃', '2026-03-26', '代发工资', 1, 234, 342.71, '风险关注', '2026-03-04', '差旅消费', 1, 240, 344.93, '数字活跃', '2026-03-10', '代发工资', 1, 246, 347.15, '风险关注', '2026-03-16', '差旅消费', 1, 252, 349.37, '数字活跃', '2026-03-22', '代发工资', 1, 258, 351.59, '风险关注', '2026-03-28', '差旅消费', 1, 264, 353.81, '数字活跃', '2026-03-06', '代发工资', 1, 270, 356.03, '风险关注', '2026-03-12', '差旅消费', 1, 276, 358.25, '数字活跃', '2026-03-18', '代发工资', 1, 282, 360.47, '风险关注', '2026-03-24', '差旅消费', 1, 288, 362.69, '数字活跃', '2026-03-02', '代发工资', 1, 294, 364.91, '风险关注', '2026-03-08', '差旅消费', 1, 300, 367.13, '数字活跃', '2026-03-14', '代发工资', 1, 306, 369.35, '风险关注', '2026-03-20', '差旅消费', 1, 312, 371.57, '数字活跃', '2026-03-26', '代发工资', 1, 318, 373.79, '风险关注', '2026-03-04', '差旅消费', 1, 324, 376.01, '数字活跃', '2026-03-10', '代发工资', 1, 330, 378.23, '风险关注', '2026-03-16', '差旅消费', 1, 336, 380.45, '数字活跃', '2026-03-22', '代发工资', 1, 342, 382.67, '风险关注', '2026-03-28', '差旅消费', 1, 348, 384.89, '数字活跃', '2026-03-06', '代发工资', 1, 354, 387.11, '风险关注', '2026-03-12', '差旅消费', 1, 360, 389.33, '数字活跃', '2026-03-18', '代发工资', 1, 366, 391.55, '风险关注', '2026-03-24', '差旅消费', 1, 372, 393.77, '数字活跃', '2026-03-02', '代发工资', 1, 378, 395.99, '风险关注', '2026-03-08', '差旅消费', 1, 384, 398.21, '数字活跃', '2026-03-14', '代发工资', 1, 390, 400.43, '风险关注', '2026-03-20', '差旅消费', 1, 396, 402.65, '数字活跃', '2026-03-26', '代发工资', 1, 402, 404.87, '风险关注', '2026-03-04', '差旅消费', 1, 408, 407.09, '数字活跃', '2026-03-10', '代发工资', 1, 414, 409.31, '风险关注', '2026-03-16', '差旅消费', 1, 420, 411.53, '数字活跃', '2026-03-22', '代发工资', 1, 426, 413.75, '风险关注', '2026-03-28', '差旅消费', 1, 432, 415.97, '数字活跃', '2026-03-06', '代发工资', 1, 438, 418.19, '风险关注', '2026-03-12', '差旅消费', 1, 444, 420.41, '数字活跃', '2026-03-18', '代发工资', 1, 450, 422.63, '风险关注', '2026-03-24', '差旅消费', 1, 456, 424.85, '数字活跃', '2026-03-02', '代发工资', 1, 462, 427.07, '风险关注', '2026-03-08', '差旅消费', 1, 468, 429.29, '数字活跃', '2026-03-14', '代发工资', 1, 474, 431.51, '风险关注', '2026-03-20', '差旅消费', 1, 480, 433.73, '数字活跃', '2026-03-26', '代发工资', 1, 486, 435.95, '风险关注', '2026-03-04', '差旅消费', 1, 492, 438.17, '数字活跃', '2026-03-10', '代发工资', 1, 498, 440.39, '风险关注', '2026-03-16', '差旅消费', 1, 504, 442.61, '数字活跃', '2026-03-22', '代发工资', 1, 510, 444.83, '风险关注', '2026-03-28', '差旅消费'),
  (1016, '2026-04-16', '张伟', 'AN********1016', '138****1016', 1, 35, '大众客户', '北京', '北京', 1, '产品经理', '2024-04-16', '大众客户', 151.5, 36.5, 3.8, 0.0, 17.0, 1.38, 0, 1, 1, 10, 785, 'AAA', 1, '手机银行', 35, '2026-04-27', '低', '大众客户', 0.61, 127.5, '高净值客户,基金投资者,手机银行活跃', 0, '2026-04-20 10:00:00', '2026-04-27 18:00:00', 0, 57, 288.61, '养老规划', '2026-03-21', '教育储蓄', 0, 63, 290.83, '网点偏好', '2026-03-27', '基金投资者', 0, 69, 293.05, '养老规划', '2026-03-05', '教育储蓄', 0, 75, 295.27, '网点偏好', '2026-03-11', '基金投资者', 0, 81, 297.49, '养老规划', '2026-03-17', '教育储蓄', 0, 87, 299.71, '网点偏好', '2026-03-23', '基金投资者', 0, 93, 301.93, '养老规划', '2026-03-01', '教育储蓄', 0, 99, 304.15, '网点偏好', '2026-03-07', '基金投资者', 0, 105, 306.37, '养老规划', '2026-03-13', '教育储蓄', 0, 111, 308.59, '网点偏好', '2026-03-19', '基金投资者', 0, 117, 310.81, '养老规划', '2026-03-25', '教育储蓄', 0, 123, 313.03, '网点偏好', '2026-03-03', '基金投资者', 0, 129, 315.25, '养老规划', '2026-03-09', '教育储蓄', 0, 135, 317.47, '网点偏好', '2026-03-15', '基金投资者', 0, 141, 319.69, '养老规划', '2026-03-21', '教育储蓄', 0, 147, 321.91, '网点偏好', '2026-03-27', '基金投资者', 0, 153, 324.13, '养老规划', '2026-03-05', '教育储蓄', 0, 159, 326.35, '网点偏好', '2026-03-11', '基金投资者', 0, 165, 328.57, '养老规划', '2026-03-17', '教育储蓄', 0, 171, 330.79, '网点偏好', '2026-03-23', '基金投资者', 0, 177, 333.01, '养老规划', '2026-03-01', '教育储蓄', 0, 183, 335.23, '网点偏好', '2026-03-07', '基金投资者', 0, 189, 337.45, '养老规划', '2026-03-13', '教育储蓄', 0, 195, 339.67, '网点偏好', '2026-03-19', '基金投资者', 0, 201, 341.89, '养老规划', '2026-03-25', '教育储蓄', 0, 207, 344.11, '网点偏好', '2026-03-03', '基金投资者', 0, 213, 346.33, '养老规划', '2026-03-09', '教育储蓄', 0, 219, 348.55, '网点偏好', '2026-03-15', '基金投资者', 0, 225, 350.77, '养老规划', '2026-03-21', '教育储蓄', 0, 231, 352.99, '网点偏好', '2026-03-27', '基金投资者', 0, 237, 355.21, '养老规划', '2026-03-05', '教育储蓄', 0, 243, 357.43, '网点偏好', '2026-03-11', '基金投资者', 0, 249, 359.65, '养老规划', '2026-03-17', '教育储蓄', 0, 255, 361.87, '网点偏好', '2026-03-23', '基金投资者', 0, 261, 364.09, '养老规划', '2026-03-01', '教育储蓄', 0, 267, 366.31, '网点偏好', '2026-03-07', '基金投资者', 0, 273, 368.53, '养老规划', '2026-03-13', '教育储蓄', 0, 279, 370.75, '网点偏好', '2026-03-19', '基金投资者', 0, 285, 372.97, '养老规划', '2026-03-25', '教育储蓄', 0, 291, 375.19, '网点偏好', '2026-03-03', '基金投资者', 0, 297, 377.41, '养老规划', '2026-03-09', '教育储蓄', 0, 303, 379.63, '网点偏好', '2026-03-15', '基金投资者', 0, 309, 381.85, '养老规划', '2026-03-21', '教育储蓄', 0, 315, 384.07, '网点偏好', '2026-03-27', '基金投资者', 0, 321, 386.29, '养老规划', '2026-03-05', '教育储蓄', 0, 327, 388.51, '网点偏好', '2026-03-11', '基金投资者', 0, 333, 390.73, '养老规划', '2026-03-17', '教育储蓄', 0, 339, 392.95, '网点偏好', '2026-03-23', '基金投资者', 0, 345, 395.17, '养老规划', '2026-03-01', '教育储蓄', 0, 351, 397.39, '网点偏好', '2026-03-07', '基金投资者', 0, 357, 399.61, '养老规划', '2026-03-13', '教育储蓄', 0, 363, 401.83, '网点偏好', '2026-03-19', '基金投资者', 0, 369, 404.05, '养老规划', '2026-03-25', '教育储蓄', 0, 375, 406.27, '网点偏好', '2026-03-03', '基金投资者', 0, 381, 408.49, '养老规划', '2026-03-09', '教育储蓄', 0, 387, 410.71, '网点偏好', '2026-03-15', '基金投资者', 0, 393, 412.93, '养老规划', '2026-03-21', '教育储蓄', 0, 399, 415.15, '网点偏好', '2026-03-27', '基金投资者', 0, 405, 417.37, '养老规划', '2026-03-05', '教育储蓄', 0, 411, 419.59, '网点偏好', '2026-03-11', '基金投资者', 0, 417, 421.81, '养老规划', '2026-03-17', '教育储蓄', 0, 423, 424.03, '网点偏好', '2026-03-23', '基金投资者', 0, 429, 426.25, '养老规划', '2026-03-01', '教育储蓄', 0, 435, 428.47, '网点偏好', '2026-03-07', '基金投资者', 0, 441, 430.69, '养老规划', '2026-03-13', '教育储蓄', 0, 447, 432.91, '网点偏好', '2026-03-19', '基金投资者', 0, 453, 435.13, '养老规划', '2026-03-25', '教育储蓄', 0, 459, 437.35, '网点偏好', '2026-03-03', '基金投资者', 0, 465, 439.57, '养老规划', '2026-03-09', '教育储蓄', 0, 471, 441.79, '网点偏好', '2026-03-15', '基金投资者', 0, 477, 444.01, '养老规划', '2026-03-21', '教育储蓄', 0, 483, 446.23, '网点偏好', '2026-03-27', '基金投资者', 0, 489, 448.45, '养老规划', '2026-03-05', '教育储蓄', 0, 495, 450.67, '网点偏好', '2026-03-11', '基金投资者', 0, 501, 452.89, '养老规划', '2026-03-17', '教育储蓄', 0, 507, 455.11, '网点偏好', '2026-03-23', '基金投资者', 0, 513, 457.33, '养老规划', '2026-03-01', '教育储蓄'),
  (1017, '2026-04-17', '王芳', 'HU********1017', '138****1017', 2, 30, '成长客户', '上海', '上海', 2, '软件工程师', '2024-05-17', '成长客户', 149.2, 38.6, 6.4, 12.0, 22.0, 0.12, 1, 1, 0, 3, 794, 'A', 1, '网点柜面', 37, '2026-04-20', '中', '成长客户', 0.12, 132.0, '高净值客户,基金投资者,手机银行活跃', 0, '2026-04-20 10:00:00', '2026-04-20 18:00:00', 1, 60, 301.11, '差旅消费', '2026-03-22', '保险潜客', 1, 66, 303.33, '代发工资', '2026-03-28', '房贷家庭', 1, 72, 305.55, '差旅消费', '2026-03-06', '保险潜客', 1, 78, 307.77, '代发工资', '2026-03-12', '房贷家庭', 1, 84, 309.99, '差旅消费', '2026-03-18', '保险潜客', 1, 90, 312.21, '代发工资', '2026-03-24', '房贷家庭', 1, 96, 314.43, '差旅消费', '2026-03-02', '保险潜客', 1, 102, 316.65, '代发工资', '2026-03-08', '房贷家庭', 1, 108, 318.87, '差旅消费', '2026-03-14', '保险潜客', 1, 114, 321.09, '代发工资', '2026-03-20', '房贷家庭', 1, 120, 323.31, '差旅消费', '2026-03-26', '保险潜客', 1, 126, 325.53, '代发工资', '2026-03-04', '房贷家庭', 1, 132, 327.75, '差旅消费', '2026-03-10', '保险潜客', 1, 138, 329.97, '代发工资', '2026-03-16', '房贷家庭', 1, 144, 332.19, '差旅消费', '2026-03-22', '保险潜客', 1, 150, 334.41, '代发工资', '2026-03-28', '房贷家庭', 1, 156, 336.63, '差旅消费', '2026-03-06', '保险潜客', 1, 162, 338.85, '代发工资', '2026-03-12', '房贷家庭', 1, 168, 341.07, '差旅消费', '2026-03-18', '保险潜客', 1, 174, 343.29, '代发工资', '2026-03-24', '房贷家庭', 1, 180, 345.51, '差旅消费', '2026-03-02', '保险潜客', 1, 186, 347.73, '代发工资', '2026-03-08', '房贷家庭', 1, 192, 349.95, '差旅消费', '2026-03-14', '保险潜客', 1, 198, 352.17, '代发工资', '2026-03-20', '房贷家庭', 1, 204, 354.39, '差旅消费', '2026-03-26', '保险潜客', 1, 210, 356.61, '代发工资', '2026-03-04', '房贷家庭', 1, 216, 358.83, '差旅消费', '2026-03-10', '保险潜客', 1, 222, 361.05, '代发工资', '2026-03-16', '房贷家庭', 1, 228, 363.27, '差旅消费', '2026-03-22', '保险潜客', 1, 234, 365.49, '代发工资', '2026-03-28', '房贷家庭', 1, 240, 367.71, '差旅消费', '2026-03-06', '保险潜客', 1, 246, 369.93, '代发工资', '2026-03-12', '房贷家庭', 1, 252, 372.15, '差旅消费', '2026-03-18', '保险潜客', 1, 258, 374.37, '代发工资', '2026-03-24', '房贷家庭', 1, 264, 376.59, '差旅消费', '2026-03-02', '保险潜客', 1, 270, 378.81, '代发工资', '2026-03-08', '房贷家庭', 1, 276, 381.03, '差旅消费', '2026-03-14', '保险潜客', 1, 282, 383.25, '代发工资', '2026-03-20', '房贷家庭', 1, 288, 385.47, '差旅消费', '2026-03-26', '保险潜客', 1, 294, 387.69, '代发工资', '2026-03-04', '房贷家庭', 1, 300, 389.91, '差旅消费', '2026-03-10', '保险潜客', 1, 306, 392.13, '代发工资', '2026-03-16', '房贷家庭', 1, 312, 394.35, '差旅消费', '2026-03-22', '保险潜客', 1, 318, 396.57, '代发工资', '2026-03-28', '房贷家庭', 1, 324, 398.79, '差旅消费', '2026-03-06', '保险潜客', 1, 330, 401.01, '代发工资', '2026-03-12', '房贷家庭', 1, 336, 403.23, '差旅消费', '2026-03-18', '保险潜客', 1, 342, 405.45, '代发工资', '2026-03-24', '房贷家庭', 1, 348, 407.67, '差旅消费', '2026-03-02', '保险潜客', 1, 354, 409.89, '代发工资', '2026-03-08', '房贷家庭', 1, 360, 412.11, '差旅消费', '2026-03-14', '保险潜客', 1, 366, 414.33, '代发工资', '2026-03-20', '房贷家庭', 1, 372, 416.55, '差旅消费', '2026-03-26', '保险潜客', 1, 378, 418.77, '代发工资', '2026-03-04', '房贷家庭', 1, 384, 420.99, '差旅消费', '2026-03-10', '保险潜客', 1, 390, 423.21, '代发工资', '2026-03-16', '房贷家庭', 1, 396, 425.43, '差旅消费', '2026-03-22', '保险潜客', 1, 402, 427.65, '代发工资', '2026-03-28', '房贷家庭', 1, 408, 429.87, '差旅消费', '2026-03-06', '保险潜客', 1, 414, 432.09, '代发工资', '2026-03-12', '房贷家庭', 1, 420, 434.31, '差旅消费', '2026-03-18', '保险潜客', 1, 426, 436.53, '代发工资', '2026-03-24', '房贷家庭', 1, 432, 438.75, '差旅消费', '2026-03-02', '保险潜客', 1, 438, 440.97, '代发工资', '2026-03-08', '房贷家庭', 1, 444, 443.19, '差旅消费', '2026-03-14', '保险潜客', 1, 450, 445.41, '代发工资', '2026-03-20', '房贷家庭', 1, 456, 447.63, '差旅消费', '2026-03-26', '保险潜客', 1, 462, 449.85, '代发工资', '2026-03-04', '房贷家庭', 1, 468, 452.07, '差旅消费', '2026-03-10', '保险潜客', 1, 474, 454.29, '代发工资', '2026-03-16', '房贷家庭', 1, 480, 456.51, '差旅消费', '2026-03-22', '保险潜客', 1, 486, 458.73, '代发工资', '2026-03-28', '房贷家庭', 1, 492, 460.95, '差旅消费', '2026-03-06', '保险潜客', 1, 498, 463.17, '代发工资', '2026-03-12', '房贷家庭', 1, 504, 465.39, '差旅消费', '2026-03-18', '保险潜客', 1, 510, 467.61, '代发工资', '2026-03-24', '房贷家庭', 1, 516, 469.83, '差旅消费', '2026-03-02', '保险潜客'),
  (1018, '2026-04-18', '李娜', 'HE********1018', '138****1018', 1, 43, '财富客户', '深圳', '广东', 3, '私人银行顾问', '2024-06-18', '财富客户', 160.9, 40.7, 9.0, 24.0, 27.0, 0.54, 0, 1, 0, 4, 803, 'A+', 3, '网上银行', 39, '2026-04-21', '高', '财富客户', 0.19, 136.5, '高净值客户,基金投资者,手机银行活跃', 1, '2026-04-20 10:00:00', '2026-04-21 18:00:00', 0, 63, 313.61, '教育储蓄', '2026-03-23', '交叉销售候选', 0, 69, 315.83, '基金投资者', '2026-03-01', '小微企业主', 0, 75, 318.05, '教育储蓄', '2026-03-07', '交叉销售候选', 0, 81, 320.27, '基金投资者', '2026-03-13', '小微企业主', 0, 87, 322.49, '教育储蓄', '2026-03-19', '交叉销售候选', 0, 93, 324.71, '基金投资者', '2026-03-25', '小微企业主', 0, 99, 326.93, '教育储蓄', '2026-03-03', '交叉销售候选', 0, 105, 329.15, '基金投资者', '2026-03-09', '小微企业主', 0, 111, 331.37, '教育储蓄', '2026-03-15', '交叉销售候选', 0, 117, 333.59, '基金投资者', '2026-03-21', '小微企业主', 0, 123, 335.81, '教育储蓄', '2026-03-27', '交叉销售候选', 0, 129, 338.03, '基金投资者', '2026-03-05', '小微企业主', 0, 135, 340.25, '教育储蓄', '2026-03-11', '交叉销售候选', 0, 141, 342.47, '基金投资者', '2026-03-17', '小微企业主', 0, 147, 344.69, '教育储蓄', '2026-03-23', '交叉销售候选', 0, 153, 346.91, '基金投资者', '2026-03-01', '小微企业主', 0, 159, 349.13, '教育储蓄', '2026-03-07', '交叉销售候选', 0, 165, 351.35, '基金投资者', '2026-03-13', '小微企业主', 0, 171, 353.57, '教育储蓄', '2026-03-19', '交叉销售候选', 0, 177, 355.79, '基金投资者', '2026-03-25', '小微企业主', 0, 183, 358.01, '教育储蓄', '2026-03-03', '交叉销售候选', 0, 189, 360.23, '基金投资者', '2026-03-09', '小微企业主', 0, 195, 362.45, '教育储蓄', '2026-03-15', '交叉销售候选', 0, 201, 364.67, '基金投资者', '2026-03-21', '小微企业主', 0, 207, 366.89, '教育储蓄', '2026-03-27', '交叉销售候选', 0, 213, 369.11, '基金投资者', '2026-03-05', '小微企业主', 0, 219, 371.33, '教育储蓄', '2026-03-11', '交叉销售候选', 0, 225, 373.55, '基金投资者', '2026-03-17', '小微企业主', 0, 231, 375.77, '教育储蓄', '2026-03-23', '交叉销售候选', 0, 237, 377.99, '基金投资者', '2026-03-01', '小微企业主', 0, 243, 380.21, '教育储蓄', '2026-03-07', '交叉销售候选', 0, 249, 382.43, '基金投资者', '2026-03-13', '小微企业主', 0, 255, 384.65, '教育储蓄', '2026-03-19', '交叉销售候选', 0, 261, 386.87, '基金投资者', '2026-03-25', '小微企业主', 0, 267, 389.09, '教育储蓄', '2026-03-03', '交叉销售候选', 0, 273, 391.31, '基金投资者', '2026-03-09', '小微企业主', 0, 279, 393.53, '教育储蓄', '2026-03-15', '交叉销售候选', 0, 285, 395.75, '基金投资者', '2026-03-21', '小微企业主', 0, 291, 397.97, '教育储蓄', '2026-03-27', '交叉销售候选', 0, 297, 400.19, '基金投资者', '2026-03-05', '小微企业主', 0, 303, 402.41, '教育储蓄', '2026-03-11', '交叉销售候选', 0, 309, 404.63, '基金投资者', '2026-03-17', '小微企业主', 0, 315, 406.85, '教育储蓄', '2026-03-23', '交叉销售候选', 0, 321, 409.07, '基金投资者', '2026-03-01', '小微企业主', 0, 327, 411.29, '教育储蓄', '2026-03-07', '交叉销售候选', 0, 333, 413.51, '基金投资者', '2026-03-13', '小微企业主', 0, 339, 415.73, '教育储蓄', '2026-03-19', '交叉销售候选', 0, 345, 417.95, '基金投资者', '2026-03-25', '小微企业主', 0, 351, 420.17, '教育储蓄', '2026-03-03', '交叉销售候选', 0, 357, 422.39, '基金投资者', '2026-03-09', '小微企业主', 0, 363, 424.61, '教育储蓄', '2026-03-15', '交叉销售候选', 0, 369, 426.83, '基金投资者', '2026-03-21', '小微企业主', 0, 375, 429.05, '教育储蓄', '2026-03-27', '交叉销售候选', 0, 381, 431.27, '基金投资者', '2026-03-05', '小微企业主', 0, 387, 433.49, '教育储蓄', '2026-03-11', '交叉销售候选', 0, 393, 435.71, '基金投资者', '2026-03-17', '小微企业主', 0, 399, 437.93, '教育储蓄', '2026-03-23', '交叉销售候选', 0, 405, 440.15, '基金投资者', '2026-03-01', '小微企业主', 0, 411, 442.37, '教育储蓄', '2026-03-07', '交叉销售候选', 0, 417, 444.59, '基金投资者', '2026-03-13', '小微企业主', 0, 423, 446.81, '教育储蓄', '2026-03-19', '交叉销售候选', 0, 429, 449.03, '基金投资者', '2026-03-25', '小微企业主', 0, 435, 451.25, '教育储蓄', '2026-03-03', '交叉销售候选', 0, 441, 453.47, '基金投资者', '2026-03-09', '小微企业主', 0, 447, 455.69, '教育储蓄', '2026-03-15', '交叉销售候选', 0, 453, 457.91, '基金投资者', '2026-03-21', '小微企业主', 0, 459, 460.13, '教育储蓄', '2026-03-27', '交叉销售候选', 0, 465, 462.35, '基金投资者', '2026-03-05', '小微企业主', 0, 471, 464.57, '教育储蓄', '2026-03-11', '交叉销售候选', 0, 477, 466.79, '基金投资者', '2026-03-17', '小微企业主', 0, 483, 469.01, '教育储蓄', '2026-03-23', '交叉销售候选', 0, 489, 471.23, '基金投资者', '2026-03-01', '小微企业主', 0, 495, 473.45, '教育储蓄', '2026-03-07', '交叉销售候选', 0, 501, 475.67, '基金投资者', '2026-03-13', '小微企业主', 0, 507, 477.89, '教育储蓄', '2026-03-19', '交叉销售候选', 0, 513, 480.11, '基金投资者', '2026-03-25', '小微企业主', 0, 519, 482.33, '教育储蓄', '2026-03-03', '交叉销售候选'),
  (1019, '2026-04-19', '刘洋', 'GU********1019', '138****1019', 2, 40, '成熟客户', '杭州', '浙江', 4, '小微企业主', '2024-07-19', '成熟客户', 172.6, 42.8, 11.6, 36.0, 2.0, 0.96, 1, 1, 0, 5, 812, 'AA', 1, '微信小程序', 41, '2026-04-22', '严重', '成熟客户', 0.26, 141.0, '高净值客户,基金投资者,手机银行活跃', 0, '2026-04-20 10:00:00', '2026-04-22 18:00:00', 1, 66, 326.11, '保险潜客', '2026-03-24', '数字活跃', 1, 72, 328.33, '房贷家庭', '2026-03-02', '风险关注', 1, 78, 330.55, '保险潜客', '2026-03-08', '数字活跃', 1, 84, 332.77, '房贷家庭', '2026-03-14', '风险关注', 1, 90, 334.99, '保险潜客', '2026-03-20', '数字活跃', 1, 96, 337.21, '房贷家庭', '2026-03-26', '风险关注', 1, 102, 339.43, '保险潜客', '2026-03-04', '数字活跃', 1, 108, 341.65, '房贷家庭', '2026-03-10', '风险关注', 1, 114, 343.87, '保险潜客', '2026-03-16', '数字活跃', 1, 120, 346.09, '房贷家庭', '2026-03-22', '风险关注', 1, 126, 348.31, '保险潜客', '2026-03-28', '数字活跃', 1, 132, 350.53, '房贷家庭', '2026-03-06', '风险关注', 1, 138, 352.75, '保险潜客', '2026-03-12', '数字活跃', 1, 144, 354.97, '房贷家庭', '2026-03-18', '风险关注', 1, 150, 357.19, '保险潜客', '2026-03-24', '数字活跃', 1, 156, 359.41, '房贷家庭', '2026-03-02', '风险关注', 1, 162, 361.63, '保险潜客', '2026-03-08', '数字活跃', 1, 168, 363.85, '房贷家庭', '2026-03-14', '风险关注', 1, 174, 366.07, '保险潜客', '2026-03-20', '数字活跃', 1, 180, 368.29, '房贷家庭', '2026-03-26', '风险关注', 1, 186, 370.51, '保险潜客', '2026-03-04', '数字活跃', 1, 192, 372.73, '房贷家庭', '2026-03-10', '风险关注', 1, 198, 374.95, '保险潜客', '2026-03-16', '数字活跃', 1, 204, 377.17, '房贷家庭', '2026-03-22', '风险关注', 1, 210, 379.39, '保险潜客', '2026-03-28', '数字活跃', 1, 216, 381.61, '房贷家庭', '2026-03-06', '风险关注', 1, 222, 383.83, '保险潜客', '2026-03-12', '数字活跃', 1, 228, 386.05, '房贷家庭', '2026-03-18', '风险关注', 1, 234, 388.27, '保险潜客', '2026-03-24', '数字活跃', 1, 240, 390.49, '房贷家庭', '2026-03-02', '风险关注', 1, 246, 392.71, '保险潜客', '2026-03-08', '数字活跃', 1, 252, 394.93, '房贷家庭', '2026-03-14', '风险关注', 1, 258, 397.15, '保险潜客', '2026-03-20', '数字活跃', 1, 264, 399.37, '房贷家庭', '2026-03-26', '风险关注', 1, 270, 401.59, '保险潜客', '2026-03-04', '数字活跃', 1, 276, 403.81, '房贷家庭', '2026-03-10', '风险关注', 1, 282, 406.03, '保险潜客', '2026-03-16', '数字活跃', 1, 288, 408.25, '房贷家庭', '2026-03-22', '风险关注', 1, 294, 410.47, '保险潜客', '2026-03-28', '数字活跃', 1, 300, 412.69, '房贷家庭', '2026-03-06', '风险关注', 1, 306, 414.91, '保险潜客', '2026-03-12', '数字活跃', 1, 312, 417.13, '房贷家庭', '2026-03-18', '风险关注', 1, 318, 419.35, '保险潜客', '2026-03-24', '数字活跃', 1, 324, 421.57, '房贷家庭', '2026-03-02', '风险关注', 1, 330, 423.79, '保险潜客', '2026-03-08', '数字活跃', 1, 336, 426.01, '房贷家庭', '2026-03-14', '风险关注', 1, 342, 428.23, '保险潜客', '2026-03-20', '数字活跃', 1, 348, 430.45, '房贷家庭', '2026-03-26', '风险关注', 1, 354, 432.67, '保险潜客', '2026-03-04', '数字活跃', 1, 360, 434.89, '房贷家庭', '2026-03-10', '风险关注', 1, 366, 437.11, '保险潜客', '2026-03-16', '数字活跃', 1, 372, 439.33, '房贷家庭', '2026-03-22', '风险关注', 1, 378, 441.55, '保险潜客', '2026-03-28', '数字活跃', 1, 384, 443.77, '房贷家庭', '2026-03-06', '风险关注', 1, 390, 445.99, '保险潜客', '2026-03-12', '数字活跃', 1, 396, 448.21, '房贷家庭', '2026-03-18', '风险关注', 1, 402, 450.43, '保险潜客', '2026-03-24', '数字活跃', 1, 408, 452.65, '房贷家庭', '2026-03-02', '风险关注', 1, 414, 454.87, '保险潜客', '2026-03-08', '数字活跃', 1, 420, 457.09, '房贷家庭', '2026-03-14', '风险关注', 1, 426, 459.31, '保险潜客', '2026-03-20', '数字活跃', 1, 432, 461.53, '房贷家庭', '2026-03-26', '风险关注', 1, 438, 463.75, '保险潜客', '2026-03-04', '数字活跃', 1, 444, 465.97, '房贷家庭', '2026-03-10', '风险关注', 1, 450, 468.19, '保险潜客', '2026-03-16', '数字活跃', 1, 456, 470.41, '房贷家庭', '2026-03-22', '风险关注', 1, 462, 472.63, '保险潜客', '2026-03-28', '数字活跃', 1, 468, 474.85, '房贷家庭', '2026-03-06', '风险关注', 1, 474, 477.07, '保险潜客', '2026-03-12', '数字活跃', 1, 480, 479.29, '房贷家庭', '2026-03-18', '风险关注', 1, 486, 481.51, '保险潜客', '2026-03-24', '数字活跃', 1, 492, 483.73, '房贷家庭', '2026-03-02', '风险关注', 1, 498, 485.95, '保险潜客', '2026-03-08', '数字活跃', 1, 504, 488.17, '房贷家庭', '2026-03-14', '风险关注', 1, 510, 490.39, '保险潜客', '2026-03-20', '数字活跃', 1, 516, 492.61, '房贷家庭', '2026-03-26', '风险关注', 1, 522, 494.83, '保险潜客', '2026-03-04', '数字活跃'),
  (1020, '2026-04-20', '陈晨', 'YU********1020', '138****1020', 1, 38, '私行客户', '成都', '四川', 5, '教师', '2024-08-20', '私行客户', 184.3, 44.9, 14.2, 48.0, 7.0, 1.38, 0, 1, 0, 6, 821, 'AAA', 1, '开放接口', 43, '2026-04-23', '低', '私行客户', 0.33, 145.5, '高净值客户,基金投资者,手机银行活跃', 0, '2026-04-20 10:00:00', '2026-04-23 18:00:00', 0, 69, 338.61, '交叉销售候选', '2026-03-25', '网点偏好', 0, 75, 340.83, '小微企业主', '2026-03-03', '养老规划', 0, 81, 343.05, '交叉销售候选', '2026-03-09', '网点偏好', 0, 87, 345.27, '小微企业主', '2026-03-15', '养老规划', 0, 93, 347.49, '交叉销售候选', '2026-03-21', '网点偏好', 0, 99, 349.71, '小微企业主', '2026-03-27', '养老规划', 0, 105, 351.93, '交叉销售候选', '2026-03-05', '网点偏好', 0, 111, 354.15, '小微企业主', '2026-03-11', '养老规划', 0, 117, 356.37, '交叉销售候选', '2026-03-17', '网点偏好', 0, 123, 358.59, '小微企业主', '2026-03-23', '养老规划', 0, 129, 360.81, '交叉销售候选', '2026-03-01', '网点偏好', 0, 135, 363.03, '小微企业主', '2026-03-07', '养老规划', 0, 141, 365.25, '交叉销售候选', '2026-03-13', '网点偏好', 0, 147, 367.47, '小微企业主', '2026-03-19', '养老规划', 0, 153, 369.69, '交叉销售候选', '2026-03-25', '网点偏好', 0, 159, 371.91, '小微企业主', '2026-03-03', '养老规划', 0, 165, 374.13, '交叉销售候选', '2026-03-09', '网点偏好', 0, 171, 376.35, '小微企业主', '2026-03-15', '养老规划', 0, 177, 378.57, '交叉销售候选', '2026-03-21', '网点偏好', 0, 183, 380.79, '小微企业主', '2026-03-27', '养老规划', 0, 189, 383.01, '交叉销售候选', '2026-03-05', '网点偏好', 0, 195, 385.23, '小微企业主', '2026-03-11', '养老规划', 0, 201, 387.45, '交叉销售候选', '2026-03-17', '网点偏好', 0, 207, 389.67, '小微企业主', '2026-03-23', '养老规划', 0, 213, 391.89, '交叉销售候选', '2026-03-01', '网点偏好', 0, 219, 394.11, '小微企业主', '2026-03-07', '养老规划', 0, 225, 396.33, '交叉销售候选', '2026-03-13', '网点偏好', 0, 231, 398.55, '小微企业主', '2026-03-19', '养老规划', 0, 237, 400.77, '交叉销售候选', '2026-03-25', '网点偏好', 0, 243, 402.99, '小微企业主', '2026-03-03', '养老规划', 0, 249, 405.21, '交叉销售候选', '2026-03-09', '网点偏好', 0, 255, 407.43, '小微企业主', '2026-03-15', '养老规划', 0, 261, 409.65, '交叉销售候选', '2026-03-21', '网点偏好', 0, 267, 411.87, '小微企业主', '2026-03-27', '养老规划', 0, 273, 414.09, '交叉销售候选', '2026-03-05', '网点偏好', 0, 279, 416.31, '小微企业主', '2026-03-11', '养老规划', 0, 285, 418.53, '交叉销售候选', '2026-03-17', '网点偏好', 0, 291, 420.75, '小微企业主', '2026-03-23', '养老规划', 0, 297, 422.97, '交叉销售候选', '2026-03-01', '网点偏好', 0, 303, 425.19, '小微企业主', '2026-03-07', '养老规划', 0, 309, 427.41, '交叉销售候选', '2026-03-13', '网点偏好', 0, 315, 429.63, '小微企业主', '2026-03-19', '养老规划', 0, 321, 431.85, '交叉销售候选', '2026-03-25', '网点偏好', 0, 327, 434.07, '小微企业主', '2026-03-03', '养老规划', 0, 333, 436.29, '交叉销售候选', '2026-03-09', '网点偏好', 0, 339, 438.51, '小微企业主', '2026-03-15', '养老规划', 0, 345, 440.73, '交叉销售候选', '2026-03-21', '网点偏好', 0, 351, 442.95, '小微企业主', '2026-03-27', '养老规划', 0, 357, 445.17, '交叉销售候选', '2026-03-05', '网点偏好', 0, 363, 447.39, '小微企业主', '2026-03-11', '养老规划', 0, 369, 449.61, '交叉销售候选', '2026-03-17', '网点偏好', 0, 375, 451.83, '小微企业主', '2026-03-23', '养老规划', 0, 381, 454.05, '交叉销售候选', '2026-03-01', '网点偏好', 0, 387, 456.27, '小微企业主', '2026-03-07', '养老规划', 0, 393, 458.49, '交叉销售候选', '2026-03-13', '网点偏好', 0, 399, 460.71, '小微企业主', '2026-03-19', '养老规划', 0, 405, 462.93, '交叉销售候选', '2026-03-25', '网点偏好', 0, 411, 465.15, '小微企业主', '2026-03-03', '养老规划', 0, 417, 467.37, '交叉销售候选', '2026-03-09', '网点偏好', 0, 423, 469.59, '小微企业主', '2026-03-15', '养老规划', 0, 429, 471.81, '交叉销售候选', '2026-03-21', '网点偏好', 0, 435, 474.03, '小微企业主', '2026-03-27', '养老规划', 0, 441, 476.25, '交叉销售候选', '2026-03-05', '网点偏好', 0, 447, 478.47, '小微企业主', '2026-03-11', '养老规划', 0, 453, 480.69, '交叉销售候选', '2026-03-17', '网点偏好', 0, 459, 482.91, '小微企业主', '2026-03-23', '养老规划', 0, 465, 485.13, '交叉销售候选', '2026-03-01', '网点偏好', 0, 471, 487.35, '小微企业主', '2026-03-07', '养老规划', 0, 477, 489.57, '交叉销售候选', '2026-03-13', '网点偏好', 0, 483, 491.79, '小微企业主', '2026-03-19', '养老规划', 0, 489, 494.01, '交叉销售候选', '2026-03-25', '网点偏好', 0, 495, 496.23, '小微企业主', '2026-03-03', '养老规划', 0, 501, 498.45, '交叉销售候选', '2026-03-09', '网点偏好', 0, 507, 500.67, '小微企业主', '2026-03-15', '养老规划', 0, 513, 502.89, '交叉销售候选', '2026-03-21', '网点偏好', 0, 519, 505.11, '小微企业主', '2026-03-27', '养老规划', 0, 525, 507.33, '交叉销售候选', '2026-03-05', '网点偏好');

-- Table: user_wide_point_query
TRUNCATE TABLE user_wide_point_query;
INSERT INTO user_wide_point_query(`user_id`, `update_date`, `user_name`, `id_card`, `phone`, `gender`, `age`, `age_group`, `city`, `province`, `education`, `occupation`, `register_date`, `asset_level`, `aum_total`, `deposit_amount`, `fund_amount`, `loan_amount`, `wm_amount`, `insurance_amount`, `has_credit_card`, `has_debit_card`, `has_mortgage`, `product_count`, `credit_score`, `credit_grade`, `risk_level`, `preferred_channel`, `app_login_30d`, `app_last_login`, `active_level`, `lifecycle_stage`, `churn_prob`, `clv_score`, `log_tags`, `anomaly_flag`, `created_at`, `updated_at`, `profile_attr_001`, `profile_attr_002`, `profile_attr_003`, `profile_attr_004`, `profile_attr_005`, `profile_attr_006`, `profile_attr_007`, `profile_attr_008`, `profile_attr_009`, `profile_attr_010`, `profile_attr_011`, `profile_attr_012`, `profile_attr_013`, `profile_attr_014`, `profile_attr_015`, `profile_attr_016`, `profile_attr_017`, `profile_attr_018`, `profile_attr_019`, `profile_attr_020`, `profile_attr_021`, `profile_attr_022`, `profile_attr_023`, `profile_attr_024`, `profile_attr_025`, `profile_attr_026`, `profile_attr_027`, `profile_attr_028`, `profile_attr_029`, `profile_attr_030`, `profile_attr_031`, `profile_attr_032`, `profile_attr_033`, `profile_attr_034`, `profile_attr_035`, `profile_attr_036`, `profile_attr_037`, `profile_attr_038`, `profile_attr_039`, `profile_attr_040`, `profile_attr_041`, `profile_attr_042`, `profile_attr_043`, `profile_attr_044`, `profile_attr_045`, `profile_attr_046`, `profile_attr_047`, `profile_attr_048`, `profile_attr_049`, `profile_attr_050`, `profile_attr_051`, `profile_attr_052`, `profile_attr_053`, `profile_attr_054`, `profile_attr_055`, `profile_attr_056`, `profile_attr_057`, `profile_attr_058`, `profile_attr_059`, `profile_attr_060`, `profile_attr_061`, `profile_attr_062`, `profile_attr_063`, `profile_attr_064`, `profile_attr_065`, `profile_attr_066`, `profile_attr_067`, `profile_attr_068`, `profile_attr_069`, `profile_attr_070`, `profile_attr_071`, `profile_attr_072`, `profile_attr_073`, `profile_attr_074`, `profile_attr_075`, `profile_attr_076`, `profile_attr_077`, `profile_attr_078`, `profile_attr_079`, `profile_attr_080`, `profile_attr_081`, `profile_attr_082`, `profile_attr_083`, `profile_attr_084`, `profile_attr_085`, `profile_attr_086`, `profile_attr_087`, `profile_attr_088`, `profile_attr_089`, `profile_attr_090`, `profile_attr_091`, `profile_attr_092`, `profile_attr_093`, `profile_attr_094`, `profile_attr_095`, `profile_attr_096`, `profile_attr_097`, `profile_attr_098`, `profile_attr_099`, `profile_attr_100`, `profile_attr_101`, `profile_attr_102`, `profile_attr_103`, `profile_attr_104`, `profile_attr_105`, `profile_attr_106`, `profile_attr_107`, `profile_attr_108`, `profile_attr_109`, `profile_attr_110`, `profile_attr_111`, `profile_attr_112`, `profile_attr_113`, `profile_attr_114`, `profile_attr_115`, `profile_attr_116`, `profile_attr_117`, `profile_attr_118`, `profile_attr_119`, `profile_attr_120`, `profile_attr_121`, `profile_attr_122`, `profile_attr_123`, `profile_attr_124`, `profile_attr_125`, `profile_attr_126`, `profile_attr_127`, `profile_attr_128`, `profile_attr_129`, `profile_attr_130`, `profile_attr_131`, `profile_attr_132`, `profile_attr_133`, `profile_attr_134`, `profile_attr_135`, `profile_attr_136`, `profile_attr_137`, `profile_attr_138`, `profile_attr_139`, `profile_attr_140`, `profile_attr_141`, `profile_attr_142`, `profile_attr_143`, `profile_attr_144`, `profile_attr_145`, `profile_attr_146`, `profile_attr_147`, `profile_attr_148`, `profile_attr_149`, `profile_attr_150`, `profile_attr_151`, `profile_attr_152`, `profile_attr_153`, `profile_attr_154`, `profile_attr_155`, `profile_attr_156`, `profile_attr_157`, `profile_attr_158`, `profile_attr_159`, `profile_attr_160`, `profile_attr_161`, `profile_attr_162`, `profile_attr_163`, `profile_attr_164`, `profile_attr_165`, `profile_attr_166`, `profile_attr_167`, `profile_attr_168`, `profile_attr_169`, `profile_attr_170`, `profile_attr_171`, `profile_attr_172`, `profile_attr_173`, `profile_attr_174`, `profile_attr_175`, `profile_attr_176`, `profile_attr_177`, `profile_attr_178`, `profile_attr_179`, `profile_attr_180`, `profile_attr_181`, `profile_attr_182`, `profile_attr_183`, `profile_attr_184`, `profile_attr_185`, `profile_attr_186`, `profile_attr_187`, `profile_attr_188`, `profile_attr_189`, `profile_attr_190`, `profile_attr_191`, `profile_attr_192`, `profile_attr_193`, `profile_attr_194`, `profile_attr_195`, `profile_attr_196`, `profile_attr_197`, `profile_attr_198`, `profile_attr_199`, `profile_attr_200`, `profile_attr_201`, `profile_attr_202`, `profile_attr_203`, `profile_attr_204`, `profile_attr_205`, `profile_attr_206`, `profile_attr_207`, `profile_attr_208`, `profile_attr_209`, `profile_attr_210`, `profile_attr_211`, `profile_attr_212`, `profile_attr_213`, `profile_attr_214`, `profile_attr_215`, `profile_attr_216`, `profile_attr_217`, `profile_attr_218`, `profile_attr_219`, `profile_attr_220`, `profile_attr_221`, `profile_attr_222`, `profile_attr_223`, `profile_attr_224`, `profile_attr_225`, `profile_attr_226`, `profile_attr_227`, `profile_attr_228`, `profile_attr_229`, `profile_attr_230`, `profile_attr_231`, `profile_attr_232`, `profile_attr_233`, `profile_attr_234`, `profile_attr_235`, `profile_attr_236`, `profile_attr_237`, `profile_attr_238`, `profile_attr_239`, `profile_attr_240`, `profile_attr_241`, `profile_attr_242`, `profile_attr_243`, `profile_attr_244`, `profile_attr_245`, `profile_attr_246`, `profile_attr_247`, `profile_attr_248`, `profile_attr_249`, `profile_attr_250`, `profile_attr_251`, `profile_attr_252`, `profile_attr_253`, `profile_attr_254`, `profile_attr_255`, `profile_attr_256`, `profile_attr_257`, `profile_attr_258`, `profile_attr_259`, `profile_attr_260`, `profile_attr_261`, `profile_attr_262`, `profile_attr_263`, `profile_attr_264`, `profile_attr_265`, `profile_attr_266`, `profile_attr_267`, `profile_attr_268`, `profile_attr_269`, `profile_attr_270`, `profile_attr_271`, `profile_attr_272`, `profile_attr_273`, `profile_attr_274`, `profile_attr_275`, `profile_attr_276`, `profile_attr_277`, `profile_attr_278`, `profile_attr_279`, `profile_attr_280`, `profile_attr_281`, `profile_attr_282`, `profile_attr_283`, `profile_attr_284`, `profile_attr_285`, `profile_attr_286`, `profile_attr_287`, `profile_attr_288`, `profile_attr_289`, `profile_attr_290`, `profile_attr_291`, `profile_attr_292`, `profile_attr_293`, `profile_attr_294`, `profile_attr_295`, `profile_attr_296`, `profile_attr_297`, `profile_attr_298`, `profile_attr_299`, `profile_attr_300`, `profile_attr_301`, `profile_attr_302`, `profile_attr_303`, `profile_attr_304`, `profile_attr_305`, `profile_attr_306`, `profile_attr_307`, `profile_attr_308`, `profile_attr_309`, `profile_attr_310`, `profile_attr_311`, `profile_attr_312`, `profile_attr_313`, `profile_attr_314`, `profile_attr_315`, `profile_attr_316`, `profile_attr_317`, `profile_attr_318`, `profile_attr_319`, `profile_attr_320`, `profile_attr_321`, `profile_attr_322`, `profile_attr_323`, `profile_attr_324`, `profile_attr_325`, `profile_attr_326`, `profile_attr_327`, `profile_attr_328`, `profile_attr_329`, `profile_attr_330`, `profile_attr_331`, `profile_attr_332`, `profile_attr_333`, `profile_attr_334`, `profile_attr_335`, `profile_attr_336`, `profile_attr_337`, `profile_attr_338`, `profile_attr_339`, `profile_attr_340`, `profile_attr_341`, `profile_attr_342`, `profile_attr_343`, `profile_attr_344`, `profile_attr_345`, `profile_attr_346`, `profile_attr_347`, `profile_attr_348`, `profile_attr_349`, `profile_attr_350`, `profile_attr_351`, `profile_attr_352`, `profile_attr_353`, `profile_attr_354`, `profile_attr_355`, `profile_attr_356`, `profile_attr_357`, `profile_attr_358`, `profile_attr_359`, `profile_attr_360`, `profile_attr_361`, `profile_attr_362`, `profile_attr_363`, `profile_attr_364`, `profile_attr_365`, `profile_attr_366`, `profile_attr_367`, `profile_attr_368`, `profile_attr_369`, `profile_attr_370`, `profile_attr_371`, `profile_attr_372`, `profile_attr_373`, `profile_attr_374`, `profile_attr_375`, `profile_attr_376`, `profile_attr_377`, `profile_attr_378`, `profile_attr_379`, `profile_attr_380`, `profile_attr_381`, `profile_attr_382`, `profile_attr_383`, `profile_attr_384`, `profile_attr_385`, `profile_attr_386`, `profile_attr_387`, `profile_attr_388`, `profile_attr_389`, `profile_attr_390`, `profile_attr_391`, `profile_attr_392`, `profile_attr_393`, `profile_attr_394`, `profile_attr_395`, `profile_attr_396`, `profile_attr_397`, `profile_attr_398`, `profile_attr_399`, `profile_attr_400`, `profile_attr_401`, `profile_attr_402`, `profile_attr_403`, `profile_attr_404`, `profile_attr_405`, `profile_attr_406`, `profile_attr_407`, `profile_attr_408`, `profile_attr_409`, `profile_attr_410`, `profile_attr_411`, `profile_attr_412`, `profile_attr_413`, `profile_attr_414`, `profile_attr_415`, `profile_attr_416`, `profile_attr_417`, `profile_attr_418`, `profile_attr_419`, `profile_attr_420`, `profile_attr_421`, `profile_attr_422`, `profile_attr_423`, `profile_attr_424`, `profile_attr_425`, `profile_attr_426`, `profile_attr_427`, `profile_attr_428`, `profile_attr_429`, `profile_attr_430`, `profile_attr_431`, `profile_attr_432`, `profile_attr_433`, `profile_attr_434`, `profile_attr_435`, `profile_attr_436`, `profile_attr_437`, `profile_attr_438`, `profile_attr_439`, `profile_attr_440`, `profile_attr_441`, `profile_attr_442`, `profile_attr_443`, `profile_attr_444`, `profile_attr_445`, `profile_attr_446`, `profile_attr_447`, `profile_attr_448`, `profile_attr_449`, `profile_attr_450`, `profile_attr_451`, `profile_attr_452`, `profile_attr_453`, `profile_attr_454`, `profile_attr_455`, `profile_attr_456`, `profile_attr_457`, `profile_attr_458`, `profile_attr_459`, `profile_attr_460`, `profile_attr_461`, `profile_attr_462`) VALUES
  (1001, '2026-04-01', '张伟', 'BE********1001', '138****1001', 2, 31, '大众客户', '北京', '北京', 1, '产品经理', '2024-01-01', '大众客户', 18.0, 5.0, 1.2, 0.0, 2.0, 0.12, 1, 1, 0, 3, 650, 'A', 1, '手机银行', 5, '2026-04-20', '低', '大众客户', 0.12, 60.0, '高净值客户,基金投资者,手机银行活跃', 0, '2026-04-20 10:00:00', '2026-04-20 18:00:00', 1, 12, 101.11, '房贷家庭', '2026-03-06', '风险关注', 1, 18, 103.33, '保险潜客', '2026-03-12', '数字活跃', 1, 24, 105.55, '房贷家庭', '2026-03-18', '风险关注', 1, 30, 107.77, '保险潜客', '2026-03-24', '数字活跃', 1, 36, 109.99, '房贷家庭', '2026-03-02', '风险关注', 1, 42, 112.21, '保险潜客', '2026-03-08', '数字活跃', 1, 48, 114.43, '房贷家庭', '2026-03-14', '风险关注', 1, 54, 116.65, '保险潜客', '2026-03-20', '数字活跃', 1, 60, 118.87, '房贷家庭', '2026-03-26', '风险关注', 1, 66, 121.09, '保险潜客', '2026-03-04', '数字活跃', 1, 72, 123.31, '房贷家庭', '2026-03-10', '风险关注', 1, 78, 125.53, '保险潜客', '2026-03-16', '数字活跃', 1, 84, 127.75, '房贷家庭', '2026-03-22', '风险关注', 1, 90, 129.97, '保险潜客', '2026-03-28', '数字活跃', 1, 96, 132.19, '房贷家庭', '2026-03-06', '风险关注', 1, 102, 134.41, '保险潜客', '2026-03-12', '数字活跃', 1, 108, 136.63, '房贷家庭', '2026-03-18', '风险关注', 1, 114, 138.85, '保险潜客', '2026-03-24', '数字活跃', 1, 120, 141.07, '房贷家庭', '2026-03-02', '风险关注', 1, 126, 143.29, '保险潜客', '2026-03-08', '数字活跃', 1, 132, 145.51, '房贷家庭', '2026-03-14', '风险关注', 1, 138, 147.73, '保险潜客', '2026-03-20', '数字活跃', 1, 144, 149.95, '房贷家庭', '2026-03-26', '风险关注', 1, 150, 152.17, '保险潜客', '2026-03-04', '数字活跃', 1, 156, 154.39, '房贷家庭', '2026-03-10', '风险关注', 1, 162, 156.61, '保险潜客', '2026-03-16', '数字活跃', 1, 168, 158.83, '房贷家庭', '2026-03-22', '风险关注', 1, 174, 161.05, '保险潜客', '2026-03-28', '数字活跃', 1, 180, 163.27, '房贷家庭', '2026-03-06', '风险关注', 1, 186, 165.49, '保险潜客', '2026-03-12', '数字活跃', 1, 192, 167.71, '房贷家庭', '2026-03-18', '风险关注', 1, 198, 169.93, '保险潜客', '2026-03-24', '数字活跃', 1, 204, 172.15, '房贷家庭', '2026-03-02', '风险关注', 1, 210, 174.37, '保险潜客', '2026-03-08', '数字活跃', 1, 216, 176.59, '房贷家庭', '2026-03-14', '风险关注', 1, 222, 178.81, '保险潜客', '2026-03-20', '数字活跃', 1, 228, 181.03, '房贷家庭', '2026-03-26', '风险关注', 1, 234, 183.25, '保险潜客', '2026-03-04', '数字活跃', 1, 240, 185.47, '房贷家庭', '2026-03-10', '风险关注', 1, 246, 187.69, '保险潜客', '2026-03-16', '数字活跃', 1, 252, 189.91, '房贷家庭', '2026-03-22', '风险关注', 1, 258, 192.13, '保险潜客', '2026-03-28', '数字活跃', 1, 264, 194.35, '房贷家庭', '2026-03-06', '风险关注', 1, 270, 196.57, '保险潜客', '2026-03-12', '数字活跃', 1, 276, 198.79, '房贷家庭', '2026-03-18', '风险关注', 1, 282, 201.01, '保险潜客', '2026-03-24', '数字活跃', 1, 288, 203.23, '房贷家庭', '2026-03-02', '风险关注', 1, 294, 205.45, '保险潜客', '2026-03-08', '数字活跃', 1, 300, 207.67, '房贷家庭', '2026-03-14', '风险关注', 1, 306, 209.89, '保险潜客', '2026-03-20', '数字活跃', 1, 312, 212.11, '房贷家庭', '2026-03-26', '风险关注', 1, 318, 214.33, '保险潜客', '2026-03-04', '数字活跃', 1, 324, 216.55, '房贷家庭', '2026-03-10', '风险关注', 1, 330, 218.77, '保险潜客', '2026-03-16', '数字活跃', 1, 336, 220.99, '房贷家庭', '2026-03-22', '风险关注', 1, 342, 223.21, '保险潜客', '2026-03-28', '数字活跃', 1, 348, 225.43, '房贷家庭', '2026-03-06', '风险关注', 1, 354, 227.65, '保险潜客', '2026-03-12', '数字活跃', 1, 360, 229.87, '房贷家庭', '2026-03-18', '风险关注', 1, 366, 232.09, '保险潜客', '2026-03-24', '数字活跃', 1, 372, 234.31, '房贷家庭', '2026-03-02', '风险关注', 1, 378, 236.53, '保险潜客', '2026-03-08', '数字活跃', 1, 384, 238.75, '房贷家庭', '2026-03-14', '风险关注', 1, 390, 240.97, '保险潜客', '2026-03-20', '数字活跃', 1, 396, 243.19, '房贷家庭', '2026-03-26', '风险关注', 1, 402, 245.41, '保险潜客', '2026-03-04', '数字活跃', 1, 408, 247.63, '房贷家庭', '2026-03-10', '风险关注', 1, 414, 249.85, '保险潜客', '2026-03-16', '数字活跃', 1, 420, 252.07, '房贷家庭', '2026-03-22', '风险关注', 1, 426, 254.29, '保险潜客', '2026-03-28', '数字活跃', 1, 432, 256.51, '房贷家庭', '2026-03-06', '风险关注', 1, 438, 258.73, '保险潜客', '2026-03-12', '数字活跃', 1, 444, 260.95, '房贷家庭', '2026-03-18', '风险关注', 1, 450, 263.17, '保险潜客', '2026-03-24', '数字活跃', 1, 456, 265.39, '房贷家庭', '2026-03-02', '风险关注', 1, 462, 267.61, '保险潜客', '2026-03-08', '数字活跃', 1, 468, 269.83, '房贷家庭', '2026-03-14', '风险关注'),
  (1002, '2026-04-02', '王芳', 'SH********1002', '138****1002', 1, 29, '成长客户', '上海', '上海', 2, '软件工程师', '2024-02-02', '成长客户', 29.7, 7.1, 3.8, 12.0, 7.0, 0.54, 1, 1, 0, 4, 659, 'A+', 1, '网点柜面', 7, '2026-04-21', '中', '成长客户', 0.19, 64.5, '高净值客户,基金投资者,手机银行活跃', 0, '2026-04-20 10:00:00', '2026-04-21 18:00:00', 0, 15, 113.61, '小微企业主', '2026-03-07', '养老规划', 0, 21, 115.83, '交叉销售候选', '2026-03-13', '网点偏好', 0, 27, 118.05, '小微企业主', '2026-03-19', '养老规划', 0, 33, 120.27, '交叉销售候选', '2026-03-25', '网点偏好', 0, 39, 122.49, '小微企业主', '2026-03-03', '养老规划', 0, 45, 124.71, '交叉销售候选', '2026-03-09', '网点偏好', 0, 51, 126.93, '小微企业主', '2026-03-15', '养老规划', 0, 57, 129.15, '交叉销售候选', '2026-03-21', '网点偏好', 0, 63, 131.37, '小微企业主', '2026-03-27', '养老规划', 0, 69, 133.59, '交叉销售候选', '2026-03-05', '网点偏好', 0, 75, 135.81, '小微企业主', '2026-03-11', '养老规划', 0, 81, 138.03, '交叉销售候选', '2026-03-17', '网点偏好', 0, 87, 140.25, '小微企业主', '2026-03-23', '养老规划', 0, 93, 142.47, '交叉销售候选', '2026-03-01', '网点偏好', 0, 99, 144.69, '小微企业主', '2026-03-07', '养老规划', 0, 105, 146.91, '交叉销售候选', '2026-03-13', '网点偏好', 0, 111, 149.13, '小微企业主', '2026-03-19', '养老规划', 0, 117, 151.35, '交叉销售候选', '2026-03-25', '网点偏好', 0, 123, 153.57, '小微企业主', '2026-03-03', '养老规划', 0, 129, 155.79, '交叉销售候选', '2026-03-09', '网点偏好', 0, 135, 158.01, '小微企业主', '2026-03-15', '养老规划', 0, 141, 160.23, '交叉销售候选', '2026-03-21', '网点偏好', 0, 147, 162.45, '小微企业主', '2026-03-27', '养老规划', 0, 153, 164.67, '交叉销售候选', '2026-03-05', '网点偏好', 0, 159, 166.89, '小微企业主', '2026-03-11', '养老规划', 0, 165, 169.11, '交叉销售候选', '2026-03-17', '网点偏好', 0, 171, 171.33, '小微企业主', '2026-03-23', '养老规划', 0, 177, 173.55, '交叉销售候选', '2026-03-01', '网点偏好', 0, 183, 175.77, '小微企业主', '2026-03-07', '养老规划', 0, 189, 177.99, '交叉销售候选', '2026-03-13', '网点偏好', 0, 195, 180.21, '小微企业主', '2026-03-19', '养老规划', 0, 201, 182.43, '交叉销售候选', '2026-03-25', '网点偏好', 0, 207, 184.65, '小微企业主', '2026-03-03', '养老规划', 0, 213, 186.87, '交叉销售候选', '2026-03-09', '网点偏好', 0, 219, 189.09, '小微企业主', '2026-03-15', '养老规划', 0, 225, 191.31, '交叉销售候选', '2026-03-21', '网点偏好', 0, 231, 193.53, '小微企业主', '2026-03-27', '养老规划', 0, 237, 195.75, '交叉销售候选', '2026-03-05', '网点偏好', 0, 243, 197.97, '小微企业主', '2026-03-11', '养老规划', 0, 249, 200.19, '交叉销售候选', '2026-03-17', '网点偏好', 0, 255, 202.41, '小微企业主', '2026-03-23', '养老规划', 0, 261, 204.63, '交叉销售候选', '2026-03-01', '网点偏好', 0, 267, 206.85, '小微企业主', '2026-03-07', '养老规划', 0, 273, 209.07, '交叉销售候选', '2026-03-13', '网点偏好', 0, 279, 211.29, '小微企业主', '2026-03-19', '养老规划', 0, 285, 213.51, '交叉销售候选', '2026-03-25', '网点偏好', 0, 291, 215.73, '小微企业主', '2026-03-03', '养老规划', 0, 297, 217.95, '交叉销售候选', '2026-03-09', '网点偏好', 0, 303, 220.17, '小微企业主', '2026-03-15', '养老规划', 0, 309, 222.39, '交叉销售候选', '2026-03-21', '网点偏好', 0, 315, 224.61, '小微企业主', '2026-03-27', '养老规划', 0, 321, 226.83, '交叉销售候选', '2026-03-05', '网点偏好', 0, 327, 229.05, '小微企业主', '2026-03-11', '养老规划', 0, 333, 231.27, '交叉销售候选', '2026-03-17', '网点偏好', 0, 339, 233.49, '小微企业主', '2026-03-23', '养老规划', 0, 345, 235.71, '交叉销售候选', '2026-03-01', '网点偏好', 0, 351, 237.93, '小微企业主', '2026-03-07', '养老规划', 0, 357, 240.15, '交叉销售候选', '2026-03-13', '网点偏好', 0, 363, 242.37, '小微企业主', '2026-03-19', '养老规划', 0, 369, 244.59, '交叉销售候选', '2026-03-25', '网点偏好', 0, 375, 246.81, '小微企业主', '2026-03-03', '养老规划', 0, 381, 249.03, '交叉销售候选', '2026-03-09', '网点偏好', 0, 387, 251.25, '小微企业主', '2026-03-15', '养老规划', 0, 393, 253.47, '交叉销售候选', '2026-03-21', '网点偏好', 0, 399, 255.69, '小微企业主', '2026-03-27', '养老规划', 0, 405, 257.91, '交叉销售候选', '2026-03-05', '网点偏好', 0, 411, 260.13, '小微企业主', '2026-03-11', '养老规划', 0, 417, 262.35, '交叉销售候选', '2026-03-17', '网点偏好', 0, 423, 264.57, '小微企业主', '2026-03-23', '养老规划', 0, 429, 266.79, '交叉销售候选', '2026-03-01', '网点偏好', 0, 435, 269.01, '小微企业主', '2026-03-07', '养老规划', 0, 441, 271.23, '交叉销售候选', '2026-03-13', '网点偏好', 0, 447, 273.45, '小微企业主', '2026-03-19', '养老规划', 0, 453, 275.67, '交叉销售候选', '2026-03-25', '网点偏好', 0, 459, 277.89, '小微企业主', '2026-03-03', '养老规划', 0, 465, 280.11, '交叉销售候选', '2026-03-09', '网点偏好', 0, 471, 282.33, '小微企业主', '2026-03-15', '养老规划'),
  (1003, '2026-04-03', '李娜', 'GU********1003', '138****1003', 2, 36, '财富客户', '深圳', '广东', 3, '私人银行顾问', '2024-03-03', '财富客户', 41.4, 9.2, 6.4, 24.0, 12.0, 0.96, 1, 1, 0, 5, 668, 'AA', 1, '网上银行', 9, '2026-04-22', '高', '财富客户', 0.26, 69.0, '高净值客户,基金投资者,手机银行活跃', 0, '2026-04-20 10:00:00', '2026-04-22 18:00:00', 1, 18, 126.11, '风险关注', '2026-03-08', '差旅消费', 1, 24, 128.33, '数字活跃', '2026-03-14', '代发工资', 1, 30, 130.55, '风险关注', '2026-03-20', '差旅消费', 1, 36, 132.77, '数字活跃', '2026-03-26', '代发工资', 1, 42, 134.99, '风险关注', '2026-03-04', '差旅消费', 1, 48, 137.21, '数字活跃', '2026-03-10', '代发工资', 1, 54, 139.43, '风险关注', '2026-03-16', '差旅消费', 1, 60, 141.65, '数字活跃', '2026-03-22', '代发工资', 1, 66, 143.87, '风险关注', '2026-03-28', '差旅消费', 1, 72, 146.09, '数字活跃', '2026-03-06', '代发工资', 1, 78, 148.31, '风险关注', '2026-03-12', '差旅消费', 1, 84, 150.53, '数字活跃', '2026-03-18', '代发工资', 1, 90, 152.75, '风险关注', '2026-03-24', '差旅消费', 1, 96, 154.97, '数字活跃', '2026-03-02', '代发工资', 1, 102, 157.19, '风险关注', '2026-03-08', '差旅消费', 1, 108, 159.41, '数字活跃', '2026-03-14', '代发工资', 1, 114, 161.63, '风险关注', '2026-03-20', '差旅消费', 1, 120, 163.85, '数字活跃', '2026-03-26', '代发工资', 1, 126, 166.07, '风险关注', '2026-03-04', '差旅消费', 1, 132, 168.29, '数字活跃', '2026-03-10', '代发工资', 1, 138, 170.51, '风险关注', '2026-03-16', '差旅消费', 1, 144, 172.73, '数字活跃', '2026-03-22', '代发工资', 1, 150, 174.95, '风险关注', '2026-03-28', '差旅消费', 1, 156, 177.17, '数字活跃', '2026-03-06', '代发工资', 1, 162, 179.39, '风险关注', '2026-03-12', '差旅消费', 1, 168, 181.61, '数字活跃', '2026-03-18', '代发工资', 1, 174, 183.83, '风险关注', '2026-03-24', '差旅消费', 1, 180, 186.05, '数字活跃', '2026-03-02', '代发工资', 1, 186, 188.27, '风险关注', '2026-03-08', '差旅消费', 1, 192, 190.49, '数字活跃', '2026-03-14', '代发工资', 1, 198, 192.71, '风险关注', '2026-03-20', '差旅消费', 1, 204, 194.93, '数字活跃', '2026-03-26', '代发工资', 1, 210, 197.15, '风险关注', '2026-03-04', '差旅消费', 1, 216, 199.37, '数字活跃', '2026-03-10', '代发工资', 1, 222, 201.59, '风险关注', '2026-03-16', '差旅消费', 1, 228, 203.81, '数字活跃', '2026-03-22', '代发工资', 1, 234, 206.03, '风险关注', '2026-03-28', '差旅消费', 1, 240, 208.25, '数字活跃', '2026-03-06', '代发工资', 1, 246, 210.47, '风险关注', '2026-03-12', '差旅消费', 1, 252, 212.69, '数字活跃', '2026-03-18', '代发工资', 1, 258, 214.91, '风险关注', '2026-03-24', '差旅消费', 1, 264, 217.13, '数字活跃', '2026-03-02', '代发工资', 1, 270, 219.35, '风险关注', '2026-03-08', '差旅消费', 1, 276, 221.57, '数字活跃', '2026-03-14', '代发工资', 1, 282, 223.79, '风险关注', '2026-03-20', '差旅消费', 1, 288, 226.01, '数字活跃', '2026-03-26', '代发工资', 1, 294, 228.23, '风险关注', '2026-03-04', '差旅消费', 1, 300, 230.45, '数字活跃', '2026-03-10', '代发工资', 1, 306, 232.67, '风险关注', '2026-03-16', '差旅消费', 1, 312, 234.89, '数字活跃', '2026-03-22', '代发工资', 1, 318, 237.11, '风险关注', '2026-03-28', '差旅消费', 1, 324, 239.33, '数字活跃', '2026-03-06', '代发工资', 1, 330, 241.55, '风险关注', '2026-03-12', '差旅消费', 1, 336, 243.77, '数字活跃', '2026-03-18', '代发工资', 1, 342, 245.99, '风险关注', '2026-03-24', '差旅消费', 1, 348, 248.21, '数字活跃', '2026-03-02', '代发工资', 1, 354, 250.43, '风险关注', '2026-03-08', '差旅消费', 1, 360, 252.65, '数字活跃', '2026-03-14', '代发工资', 1, 366, 254.87, '风险关注', '2026-03-20', '差旅消费', 1, 372, 257.09, '数字活跃', '2026-03-26', '代发工资', 1, 378, 259.31, '风险关注', '2026-03-04', '差旅消费', 1, 384, 261.53, '数字活跃', '2026-03-10', '代发工资', 1, 390, 263.75, '风险关注', '2026-03-16', '差旅消费', 1, 396, 265.97, '数字活跃', '2026-03-22', '代发工资', 1, 402, 268.19, '风险关注', '2026-03-28', '差旅消费', 1, 408, 270.41, '数字活跃', '2026-03-06', '代发工资', 1, 414, 272.63, '风险关注', '2026-03-12', '差旅消费', 1, 420, 274.85, '数字活跃', '2026-03-18', '代发工资', 1, 426, 277.07, '风险关注', '2026-03-24', '差旅消费', 1, 432, 279.29, '数字活跃', '2026-03-02', '代发工资', 1, 438, 281.51, '风险关注', '2026-03-08', '差旅消费', 1, 444, 283.73, '数字活跃', '2026-03-14', '代发工资', 1, 450, 285.95, '风险关注', '2026-03-20', '差旅消费', 1, 456, 288.17, '数字活跃', '2026-03-26', '代发工资', 1, 462, 290.39, '风险关注', '2026-03-04', '差旅消费', 1, 468, 292.61, '数字活跃', '2026-03-10', '代发工资', 1, 474, 294.83, '风险关注', '2026-03-16', '差旅消费'),
  (1004, '2026-04-04', '刘洋', 'ZH********1004', '138****1004', 1, 42, '成熟客户', '杭州', '浙江', 4, '小微企业主', '2024-04-04', '成熟客户', 53.1, 11.3, 9.0, 36.0, 17.0, 1.38, 0, 1, 0, 6, 677, 'AAA', 3, '微信小程序', 11, '2026-04-23', '严重', '成熟客户', 0.33, 73.5, '高净值客户,基金投资者,手机银行活跃', 1, '2026-04-20 10:00:00', '2026-04-23 18:00:00', 0, 21, 138.61, '养老规划', '2026-03-09', '教育储蓄', 0, 27, 140.83, '网点偏好', '2026-03-15', '基金投资者', 0, 33, 143.05, '养老规划', '2026-03-21', '教育储蓄', 0, 39, 145.27, '网点偏好', '2026-03-27', '基金投资者', 0, 45, 147.49, '养老规划', '2026-03-05', '教育储蓄', 0, 51, 149.71, '网点偏好', '2026-03-11', '基金投资者', 0, 57, 151.93, '养老规划', '2026-03-17', '教育储蓄', 0, 63, 154.15, '网点偏好', '2026-03-23', '基金投资者', 0, 69, 156.37, '养老规划', '2026-03-01', '教育储蓄', 0, 75, 158.59, '网点偏好', '2026-03-07', '基金投资者', 0, 81, 160.81, '养老规划', '2026-03-13', '教育储蓄', 0, 87, 163.03, '网点偏好', '2026-03-19', '基金投资者', 0, 93, 165.25, '养老规划', '2026-03-25', '教育储蓄', 0, 99, 167.47, '网点偏好', '2026-03-03', '基金投资者', 0, 105, 169.69, '养老规划', '2026-03-09', '教育储蓄', 0, 111, 171.91, '网点偏好', '2026-03-15', '基金投资者', 0, 117, 174.13, '养老规划', '2026-03-21', '教育储蓄', 0, 123, 176.35, '网点偏好', '2026-03-27', '基金投资者', 0, 129, 178.57, '养老规划', '2026-03-05', '教育储蓄', 0, 135, 180.79, '网点偏好', '2026-03-11', '基金投资者', 0, 141, 183.01, '养老规划', '2026-03-17', '教育储蓄', 0, 147, 185.23, '网点偏好', '2026-03-23', '基金投资者', 0, 153, 187.45, '养老规划', '2026-03-01', '教育储蓄', 0, 159, 189.67, '网点偏好', '2026-03-07', '基金投资者', 0, 165, 191.89, '养老规划', '2026-03-13', '教育储蓄', 0, 171, 194.11, '网点偏好', '2026-03-19', '基金投资者', 0, 177, 196.33, '养老规划', '2026-03-25', '教育储蓄', 0, 183, 198.55, '网点偏好', '2026-03-03', '基金投资者', 0, 189, 200.77, '养老规划', '2026-03-09', '教育储蓄', 0, 195, 202.99, '网点偏好', '2026-03-15', '基金投资者', 0, 201, 205.21, '养老规划', '2026-03-21', '教育储蓄', 0, 207, 207.43, '网点偏好', '2026-03-27', '基金投资者', 0, 213, 209.65, '养老规划', '2026-03-05', '教育储蓄', 0, 219, 211.87, '网点偏好', '2026-03-11', '基金投资者', 0, 225, 214.09, '养老规划', '2026-03-17', '教育储蓄', 0, 231, 216.31, '网点偏好', '2026-03-23', '基金投资者', 0, 237, 218.53, '养老规划', '2026-03-01', '教育储蓄', 0, 243, 220.75, '网点偏好', '2026-03-07', '基金投资者', 0, 249, 222.97, '养老规划', '2026-03-13', '教育储蓄', 0, 255, 225.19, '网点偏好', '2026-03-19', '基金投资者', 0, 261, 227.41, '养老规划', '2026-03-25', '教育储蓄', 0, 267, 229.63, '网点偏好', '2026-03-03', '基金投资者', 0, 273, 231.85, '养老规划', '2026-03-09', '教育储蓄', 0, 279, 234.07, '网点偏好', '2026-03-15', '基金投资者', 0, 285, 236.29, '养老规划', '2026-03-21', '教育储蓄', 0, 291, 238.51, '网点偏好', '2026-03-27', '基金投资者', 0, 297, 240.73, '养老规划', '2026-03-05', '教育储蓄', 0, 303, 242.95, '网点偏好', '2026-03-11', '基金投资者', 0, 309, 245.17, '养老规划', '2026-03-17', '教育储蓄', 0, 315, 247.39, '网点偏好', '2026-03-23', '基金投资者', 0, 321, 249.61, '养老规划', '2026-03-01', '教育储蓄', 0, 327, 251.83, '网点偏好', '2026-03-07', '基金投资者', 0, 333, 254.05, '养老规划', '2026-03-13', '教育储蓄', 0, 339, 256.27, '网点偏好', '2026-03-19', '基金投资者', 0, 345, 258.49, '养老规划', '2026-03-25', '教育储蓄', 0, 351, 260.71, '网点偏好', '2026-03-03', '基金投资者', 0, 357, 262.93, '养老规划', '2026-03-09', '教育储蓄', 0, 363, 265.15, '网点偏好', '2026-03-15', '基金投资者', 0, 369, 267.37, '养老规划', '2026-03-21', '教育储蓄', 0, 375, 269.59, '网点偏好', '2026-03-27', '基金投资者', 0, 381, 271.81, '养老规划', '2026-03-05', '教育储蓄', 0, 387, 274.03, '网点偏好', '2026-03-11', '基金投资者', 0, 393, 276.25, '养老规划', '2026-03-17', '教育储蓄', 0, 399, 278.47, '网点偏好', '2026-03-23', '基金投资者', 0, 405, 280.69, '养老规划', '2026-03-01', '教育储蓄', 0, 411, 282.91, '网点偏好', '2026-03-07', '基金投资者', 0, 417, 285.13, '养老规划', '2026-03-13', '教育储蓄', 0, 423, 287.35, '网点偏好', '2026-03-19', '基金投资者', 0, 429, 289.57, '养老规划', '2026-03-25', '教育储蓄', 0, 435, 291.79, '网点偏好', '2026-03-03', '基金投资者', 0, 441, 294.01, '养老规划', '2026-03-09', '教育储蓄', 0, 447, 296.23, '网点偏好', '2026-03-15', '基金投资者', 0, 453, 298.45, '养老规划', '2026-03-21', '教育储蓄', 0, 459, 300.67, '网点偏好', '2026-03-27', '基金投资者', 0, 465, 302.89, '养老规划', '2026-03-05', '教育储蓄', 0, 471, 305.11, '网点偏好', '2026-03-11', '基金投资者', 0, 477, 307.33, '养老规划', '2026-03-17', '教育储蓄'),
  (1005, '2026-04-05', '陈晨', 'SI********1005', '138****1005', 2, 34, '私行客户', '成都', '四川', 5, '教师', '2024-05-05', '私行客户', 50.8, 13.4, 11.6, 48.0, 22.0, 0.12, 1, 1, 0, 7, 686, 'A', 1, '开放接口', 13, '2026-04-24', '低', '私行客户', 0.4, 78.0, '高净值客户,基金投资者,手机银行活跃', 0, '2026-04-20 10:00:00', '2026-04-24 18:00:00', 1, 24, 151.11, '差旅消费', '2026-03-10', '保险潜客', 1, 30, 153.33, '代发工资', '2026-03-16', '房贷家庭', 1, 36, 155.55, '差旅消费', '2026-03-22', '保险潜客', 1, 42, 157.77, '代发工资', '2026-03-28', '房贷家庭', 1, 48, 159.99, '差旅消费', '2026-03-06', '保险潜客', 1, 54, 162.21, '代发工资', '2026-03-12', '房贷家庭', 1, 60, 164.43, '差旅消费', '2026-03-18', '保险潜客', 1, 66, 166.65, '代发工资', '2026-03-24', '房贷家庭', 1, 72, 168.87, '差旅消费', '2026-03-02', '保险潜客', 1, 78, 171.09, '代发工资', '2026-03-08', '房贷家庭', 1, 84, 173.31, '差旅消费', '2026-03-14', '保险潜客', 1, 90, 175.53, '代发工资', '2026-03-20', '房贷家庭', 1, 96, 177.75, '差旅消费', '2026-03-26', '保险潜客', 1, 102, 179.97, '代发工资', '2026-03-04', '房贷家庭', 1, 108, 182.19, '差旅消费', '2026-03-10', '保险潜客', 1, 114, 184.41, '代发工资', '2026-03-16', '房贷家庭', 1, 120, 186.63, '差旅消费', '2026-03-22', '保险潜客', 1, 126, 188.85, '代发工资', '2026-03-28', '房贷家庭', 1, 132, 191.07, '差旅消费', '2026-03-06', '保险潜客', 1, 138, 193.29, '代发工资', '2026-03-12', '房贷家庭', 1, 144, 195.51, '差旅消费', '2026-03-18', '保险潜客', 1, 150, 197.73, '代发工资', '2026-03-24', '房贷家庭', 1, 156, 199.95, '差旅消费', '2026-03-02', '保险潜客', 1, 162, 202.17, '代发工资', '2026-03-08', '房贷家庭', 1, 168, 204.39, '差旅消费', '2026-03-14', '保险潜客', 1, 174, 206.61, '代发工资', '2026-03-20', '房贷家庭', 1, 180, 208.83, '差旅消费', '2026-03-26', '保险潜客', 1, 186, 211.05, '代发工资', '2026-03-04', '房贷家庭', 1, 192, 213.27, '差旅消费', '2026-03-10', '保险潜客', 1, 198, 215.49, '代发工资', '2026-03-16', '房贷家庭', 1, 204, 217.71, '差旅消费', '2026-03-22', '保险潜客', 1, 210, 219.93, '代发工资', '2026-03-28', '房贷家庭', 1, 216, 222.15, '差旅消费', '2026-03-06', '保险潜客', 1, 222, 224.37, '代发工资', '2026-03-12', '房贷家庭', 1, 228, 226.59, '差旅消费', '2026-03-18', '保险潜客', 1, 234, 228.81, '代发工资', '2026-03-24', '房贷家庭', 1, 240, 231.03, '差旅消费', '2026-03-02', '保险潜客', 1, 246, 233.25, '代发工资', '2026-03-08', '房贷家庭', 1, 252, 235.47, '差旅消费', '2026-03-14', '保险潜客', 1, 258, 237.69, '代发工资', '2026-03-20', '房贷家庭', 1, 264, 239.91, '差旅消费', '2026-03-26', '保险潜客', 1, 270, 242.13, '代发工资', '2026-03-04', '房贷家庭', 1, 276, 244.35, '差旅消费', '2026-03-10', '保险潜客', 1, 282, 246.57, '代发工资', '2026-03-16', '房贷家庭', 1, 288, 248.79, '差旅消费', '2026-03-22', '保险潜客', 1, 294, 251.01, '代发工资', '2026-03-28', '房贷家庭', 1, 300, 253.23, '差旅消费', '2026-03-06', '保险潜客', 1, 306, 255.45, '代发工资', '2026-03-12', '房贷家庭', 1, 312, 257.67, '差旅消费', '2026-03-18', '保险潜客', 1, 318, 259.89, '代发工资', '2026-03-24', '房贷家庭', 1, 324, 262.11, '差旅消费', '2026-03-02', '保险潜客', 1, 330, 264.33, '代发工资', '2026-03-08', '房贷家庭', 1, 336, 266.55, '差旅消费', '2026-03-14', '保险潜客', 1, 342, 268.77, '代发工资', '2026-03-20', '房贷家庭', 1, 348, 270.99, '差旅消费', '2026-03-26', '保险潜客', 1, 354, 273.21, '代发工资', '2026-03-04', '房贷家庭', 1, 360, 275.43, '差旅消费', '2026-03-10', '保险潜客', 1, 366, 277.65, '代发工资', '2026-03-16', '房贷家庭', 1, 372, 279.87, '差旅消费', '2026-03-22', '保险潜客', 1, 378, 282.09, '代发工资', '2026-03-28', '房贷家庭', 1, 384, 284.31, '差旅消费', '2026-03-06', '保险潜客', 1, 390, 286.53, '代发工资', '2026-03-12', '房贷家庭', 1, 396, 288.75, '差旅消费', '2026-03-18', '保险潜客', 1, 402, 290.97, '代发工资', '2026-03-24', '房贷家庭', 1, 408, 293.19, '差旅消费', '2026-03-02', '保险潜客', 1, 414, 295.41, '代发工资', '2026-03-08', '房贷家庭', 1, 420, 297.63, '差旅消费', '2026-03-14', '保险潜客', 1, 426, 299.85, '代发工资', '2026-03-20', '房贷家庭', 1, 432, 302.07, '差旅消费', '2026-03-26', '保险潜客', 1, 438, 304.29, '代发工资', '2026-03-04', '房贷家庭', 1, 444, 306.51, '差旅消费', '2026-03-10', '保险潜客', 1, 450, 308.73, '代发工资', '2026-03-16', '房贷家庭', 1, 456, 310.95, '差旅消费', '2026-03-22', '保险潜客', 1, 462, 313.17, '代发工资', '2026-03-28', '房贷家庭', 1, 468, 315.39, '差旅消费', '2026-03-06', '保险潜客', 1, 474, 317.61, '代发工资', '2026-03-12', '房贷家庭', 1, 480, 319.83, '差旅消费', '2026-03-18', '保险潜客'),
  (1006, '2026-04-06', '张伟', 'JI********1006', '138****1006', 1, 45, '大众客户', '北京', '北京', 1, '产品经理', '2024-06-06', '大众客户', 62.5, 15.5, 14.2, 0.0, 27.0, 0.54, 0, 1, 1, 8, 695, 'A+', 1, '手机银行', 15, '2026-04-25', '低', '大众客户', 0.47, 82.5, '高净值客户,基金投资者,手机银行活跃', 0, '2026-04-20 10:00:00', '2026-04-25 18:00:00', 0, 27, 163.61, '教育储蓄', '2026-03-11', '交叉销售候选', 0, 33, 165.83, '基金投资者', '2026-03-17', '小微企业主', 0, 39, 168.05, '教育储蓄', '2026-03-23', '交叉销售候选', 0, 45, 170.27, '基金投资者', '2026-03-01', '小微企业主', 0, 51, 172.49, '教育储蓄', '2026-03-07', '交叉销售候选', 0, 57, 174.71, '基金投资者', '2026-03-13', '小微企业主', 0, 63, 176.93, '教育储蓄', '2026-03-19', '交叉销售候选', 0, 69, 179.15, '基金投资者', '2026-03-25', '小微企业主', 0, 75, 181.37, '教育储蓄', '2026-03-03', '交叉销售候选', 0, 81, 183.59, '基金投资者', '2026-03-09', '小微企业主', 0, 87, 185.81, '教育储蓄', '2026-03-15', '交叉销售候选', 0, 93, 188.03, '基金投资者', '2026-03-21', '小微企业主', 0, 99, 190.25, '教育储蓄', '2026-03-27', '交叉销售候选', 0, 105, 192.47, '基金投资者', '2026-03-05', '小微企业主', 0, 111, 194.69, '教育储蓄', '2026-03-11', '交叉销售候选', 0, 117, 196.91, '基金投资者', '2026-03-17', '小微企业主', 0, 123, 199.13, '教育储蓄', '2026-03-23', '交叉销售候选', 0, 129, 201.35, '基金投资者', '2026-03-01', '小微企业主', 0, 135, 203.57, '教育储蓄', '2026-03-07', '交叉销售候选', 0, 141, 205.79, '基金投资者', '2026-03-13', '小微企业主', 0, 147, 208.01, '教育储蓄', '2026-03-19', '交叉销售候选', 0, 153, 210.23, '基金投资者', '2026-03-25', '小微企业主', 0, 159, 212.45, '教育储蓄', '2026-03-03', '交叉销售候选', 0, 165, 214.67, '基金投资者', '2026-03-09', '小微企业主', 0, 171, 216.89, '教育储蓄', '2026-03-15', '交叉销售候选', 0, 177, 219.11, '基金投资者', '2026-03-21', '小微企业主', 0, 183, 221.33, '教育储蓄', '2026-03-27', '交叉销售候选', 0, 189, 223.55, '基金投资者', '2026-03-05', '小微企业主', 0, 195, 225.77, '教育储蓄', '2026-03-11', '交叉销售候选', 0, 201, 227.99, '基金投资者', '2026-03-17', '小微企业主', 0, 207, 230.21, '教育储蓄', '2026-03-23', '交叉销售候选', 0, 213, 232.43, '基金投资者', '2026-03-01', '小微企业主', 0, 219, 234.65, '教育储蓄', '2026-03-07', '交叉销售候选', 0, 225, 236.87, '基金投资者', '2026-03-13', '小微企业主', 0, 231, 239.09, '教育储蓄', '2026-03-19', '交叉销售候选', 0, 237, 241.31, '基金投资者', '2026-03-25', '小微企业主', 0, 243, 243.53, '教育储蓄', '2026-03-03', '交叉销售候选', 0, 249, 245.75, '基金投资者', '2026-03-09', '小微企业主', 0, 255, 247.97, '教育储蓄', '2026-03-15', '交叉销售候选', 0, 261, 250.19, '基金投资者', '2026-03-21', '小微企业主', 0, 267, 252.41, '教育储蓄', '2026-03-27', '交叉销售候选', 0, 273, 254.63, '基金投资者', '2026-03-05', '小微企业主', 0, 279, 256.85, '教育储蓄', '2026-03-11', '交叉销售候选', 0, 285, 259.07, '基金投资者', '2026-03-17', '小微企业主', 0, 291, 261.29, '教育储蓄', '2026-03-23', '交叉销售候选', 0, 297, 263.51, '基金投资者', '2026-03-01', '小微企业主', 0, 303, 265.73, '教育储蓄', '2026-03-07', '交叉销售候选', 0, 309, 267.95, '基金投资者', '2026-03-13', '小微企业主', 0, 315, 270.17, '教育储蓄', '2026-03-19', '交叉销售候选', 0, 321, 272.39, '基金投资者', '2026-03-25', '小微企业主', 0, 327, 274.61, '教育储蓄', '2026-03-03', '交叉销售候选', 0, 333, 276.83, '基金投资者', '2026-03-09', '小微企业主', 0, 339, 279.05, '教育储蓄', '2026-03-15', '交叉销售候选', 0, 345, 281.27, '基金投资者', '2026-03-21', '小微企业主', 0, 351, 283.49, '教育储蓄', '2026-03-27', '交叉销售候选', 0, 357, 285.71, '基金投资者', '2026-03-05', '小微企业主', 0, 363, 287.93, '教育储蓄', '2026-03-11', '交叉销售候选', 0, 369, 290.15, '基金投资者', '2026-03-17', '小微企业主', 0, 375, 292.37, '教育储蓄', '2026-03-23', '交叉销售候选', 0, 381, 294.59, '基金投资者', '2026-03-01', '小微企业主', 0, 387, 296.81, '教育储蓄', '2026-03-07', '交叉销售候选', 0, 393, 299.03, '基金投资者', '2026-03-13', '小微企业主', 0, 399, 301.25, '教育储蓄', '2026-03-19', '交叉销售候选', 0, 405, 303.47, '基金投资者', '2026-03-25', '小微企业主', 0, 411, 305.69, '教育储蓄', '2026-03-03', '交叉销售候选', 0, 417, 307.91, '基金投资者', '2026-03-09', '小微企业主', 0, 423, 310.13, '教育储蓄', '2026-03-15', '交叉销售候选', 0, 429, 312.35, '基金投资者', '2026-03-21', '小微企业主', 0, 435, 314.57, '教育储蓄', '2026-03-27', '交叉销售候选', 0, 441, 316.79, '基金投资者', '2026-03-05', '小微企业主', 0, 447, 319.01, '教育储蓄', '2026-03-11', '交叉销售候选', 0, 453, 321.23, '基金投资者', '2026-03-17', '小微企业主', 0, 459, 323.45, '教育储蓄', '2026-03-23', '交叉销售候选', 0, 465, 325.67, '基金投资者', '2026-03-01', '小微企业主', 0, 471, 327.89, '教育储蓄', '2026-03-07', '交叉销售候选', 0, 477, 330.11, '基金投资者', '2026-03-13', '小微企业主', 0, 483, 332.33, '教育储蓄', '2026-03-19', '交叉销售候选'),
  (1007, '2026-04-07', '王芳', 'HU********1007', '138****1007', 2, 27, '成长客户', '上海', '上海', 2, '软件工程师', '2024-07-07', '成长客户', 74.2, 17.6, 16.8, 12.0, 2.0, 0.96, 1, 1, 0, 9, 704, 'AA', 1, '网点柜面', 17, '2026-04-26', '中', '成长客户', 0.54, 87.0, '高净值客户,基金投资者,手机银行活跃', 0, '2026-04-20 10:00:00', '2026-04-26 18:00:00', 1, 30, 176.11, '保险潜客', '2026-03-12', '数字活跃', 1, 36, 178.33, '房贷家庭', '2026-03-18', '风险关注', 1, 42, 180.55, '保险潜客', '2026-03-24', '数字活跃', 1, 48, 182.77, '房贷家庭', '2026-03-02', '风险关注', 1, 54, 184.99, '保险潜客', '2026-03-08', '数字活跃', 1, 60, 187.21, '房贷家庭', '2026-03-14', '风险关注', 1, 66, 189.43, '保险潜客', '2026-03-20', '数字活跃', 1, 72, 191.65, '房贷家庭', '2026-03-26', '风险关注', 1, 78, 193.87, '保险潜客', '2026-03-04', '数字活跃', 1, 84, 196.09, '房贷家庭', '2026-03-10', '风险关注', 1, 90, 198.31, '保险潜客', '2026-03-16', '数字活跃', 1, 96, 200.53, '房贷家庭', '2026-03-22', '风险关注', 1, 102, 202.75, '保险潜客', '2026-03-28', '数字活跃', 1, 108, 204.97, '房贷家庭', '2026-03-06', '风险关注', 1, 114, 207.19, '保险潜客', '2026-03-12', '数字活跃', 1, 120, 209.41, '房贷家庭', '2026-03-18', '风险关注', 1, 126, 211.63, '保险潜客', '2026-03-24', '数字活跃', 1, 132, 213.85, '房贷家庭', '2026-03-02', '风险关注', 1, 138, 216.07, '保险潜客', '2026-03-08', '数字活跃', 1, 144, 218.29, '房贷家庭', '2026-03-14', '风险关注', 1, 150, 220.51, '保险潜客', '2026-03-20', '数字活跃', 1, 156, 222.73, '房贷家庭', '2026-03-26', '风险关注', 1, 162, 224.95, '保险潜客', '2026-03-04', '数字活跃', 1, 168, 227.17, '房贷家庭', '2026-03-10', '风险关注', 1, 174, 229.39, '保险潜客', '2026-03-16', '数字活跃', 1, 180, 231.61, '房贷家庭', '2026-03-22', '风险关注', 1, 186, 233.83, '保险潜客', '2026-03-28', '数字活跃', 1, 192, 236.05, '房贷家庭', '2026-03-06', '风险关注', 1, 198, 238.27, '保险潜客', '2026-03-12', '数字活跃', 1, 204, 240.49, '房贷家庭', '2026-03-18', '风险关注', 1, 210, 242.71, '保险潜客', '2026-03-24', '数字活跃', 1, 216, 244.93, '房贷家庭', '2026-03-02', '风险关注', 1, 222, 247.15, '保险潜客', '2026-03-08', '数字活跃', 1, 228, 249.37, '房贷家庭', '2026-03-14', '风险关注', 1, 234, 251.59, '保险潜客', '2026-03-20', '数字活跃', 1, 240, 253.81, '房贷家庭', '2026-03-26', '风险关注', 1, 246, 256.03, '保险潜客', '2026-03-04', '数字活跃', 1, 252, 258.25, '房贷家庭', '2026-03-10', '风险关注', 1, 258, 260.47, '保险潜客', '2026-03-16', '数字活跃', 1, 264, 262.69, '房贷家庭', '2026-03-22', '风险关注', 1, 270, 264.91, '保险潜客', '2026-03-28', '数字活跃', 1, 276, 267.13, '房贷家庭', '2026-03-06', '风险关注', 1, 282, 269.35, '保险潜客', '2026-03-12', '数字活跃', 1, 288, 271.57, '房贷家庭', '2026-03-18', '风险关注', 1, 294, 273.79, '保险潜客', '2026-03-24', '数字活跃', 1, 300, 276.01, '房贷家庭', '2026-03-02', '风险关注', 1, 306, 278.23, '保险潜客', '2026-03-08', '数字活跃', 1, 312, 280.45, '房贷家庭', '2026-03-14', '风险关注', 1, 318, 282.67, '保险潜客', '2026-03-20', '数字活跃', 1, 324, 284.89, '房贷家庭', '2026-03-26', '风险关注', 1, 330, 287.11, '保险潜客', '2026-03-04', '数字活跃', 1, 336, 289.33, '房贷家庭', '2026-03-10', '风险关注', 1, 342, 291.55, '保险潜客', '2026-03-16', '数字活跃', 1, 348, 293.77, '房贷家庭', '2026-03-22', '风险关注', 1, 354, 295.99, '保险潜客', '2026-03-28', '数字活跃', 1, 360, 298.21, '房贷家庭', '2026-03-06', '风险关注', 1, 366, 300.43, '保险潜客', '2026-03-12', '数字活跃', 1, 372, 302.65, '房贷家庭', '2026-03-18', '风险关注', 1, 378, 304.87, '保险潜客', '2026-03-24', '数字活跃', 1, 384, 307.09, '房贷家庭', '2026-03-02', '风险关注', 1, 390, 309.31, '保险潜客', '2026-03-08', '数字活跃', 1, 396, 311.53, '房贷家庭', '2026-03-14', '风险关注', 1, 402, 313.75, '保险潜客', '2026-03-20', '数字活跃', 1, 408, 315.97, '房贷家庭', '2026-03-26', '风险关注', 1, 414, 318.19, '保险潜客', '2026-03-04', '数字活跃', 1, 420, 320.41, '房贷家庭', '2026-03-10', '风险关注', 1, 426, 322.63, '保险潜客', '2026-03-16', '数字活跃', 1, 432, 324.85, '房贷家庭', '2026-03-22', '风险关注', 1, 438, 327.07, '保险潜客', '2026-03-28', '数字活跃', 1, 444, 329.29, '房贷家庭', '2026-03-06', '风险关注', 1, 450, 331.51, '保险潜客', '2026-03-12', '数字活跃', 1, 456, 333.73, '房贷家庭', '2026-03-18', '风险关注', 1, 462, 335.95, '保险潜客', '2026-03-24', '数字活跃', 1, 468, 338.17, '房贷家庭', '2026-03-02', '风险关注', 1, 474, 340.39, '保险潜客', '2026-03-08', '数字活跃', 1, 480, 342.61, '房贷家庭', '2026-03-14', '风险关注', 1, 486, 344.83, '保险潜客', '2026-03-20', '数字活跃'),
  (1008, '2026-04-08', '李娜', 'SH********1008', '138****1008', 1, 39, '财富客户', '深圳', '广东', 3, '私人银行顾问', '2024-08-08', '财富客户', 85.9, 19.7, 1.2, 24.0, 7.0, 1.38, 0, 1, 0, 10, 713, 'AAA', 1, '网上银行', 19, '2026-04-27', '高', '财富客户', 0.61, 91.5, '高净值客户,基金投资者,手机银行活跃', 0, '2026-04-20 10:00:00', '2026-04-27 18:00:00', 0, 33, 188.61, '交叉销售候选', '2026-03-13', '网点偏好', 0, 39, 190.83, '小微企业主', '2026-03-19', '养老规划', 0, 45, 193.05, '交叉销售候选', '2026-03-25', '网点偏好', 0, 51, 195.27, '小微企业主', '2026-03-03', '养老规划', 0, 57, 197.49, '交叉销售候选', '2026-03-09', '网点偏好', 0, 63, 199.71, '小微企业主', '2026-03-15', '养老规划', 0, 69, 201.93, '交叉销售候选', '2026-03-21', '网点偏好', 0, 75, 204.15, '小微企业主', '2026-03-27', '养老规划', 0, 81, 206.37, '交叉销售候选', '2026-03-05', '网点偏好', 0, 87, 208.59, '小微企业主', '2026-03-11', '养老规划', 0, 93, 210.81, '交叉销售候选', '2026-03-17', '网点偏好', 0, 99, 213.03, '小微企业主', '2026-03-23', '养老规划', 0, 105, 215.25, '交叉销售候选', '2026-03-01', '网点偏好', 0, 111, 217.47, '小微企业主', '2026-03-07', '养老规划', 0, 117, 219.69, '交叉销售候选', '2026-03-13', '网点偏好', 0, 123, 221.91, '小微企业主', '2026-03-19', '养老规划', 0, 129, 224.13, '交叉销售候选', '2026-03-25', '网点偏好', 0, 135, 226.35, '小微企业主', '2026-03-03', '养老规划', 0, 141, 228.57, '交叉销售候选', '2026-03-09', '网点偏好', 0, 147, 230.79, '小微企业主', '2026-03-15', '养老规划', 0, 153, 233.01, '交叉销售候选', '2026-03-21', '网点偏好', 0, 159, 235.23, '小微企业主', '2026-03-27', '养老规划', 0, 165, 237.45, '交叉销售候选', '2026-03-05', '网点偏好', 0, 171, 239.67, '小微企业主', '2026-03-11', '养老规划', 0, 177, 241.89, '交叉销售候选', '2026-03-17', '网点偏好', 0, 183, 244.11, '小微企业主', '2026-03-23', '养老规划', 0, 189, 246.33, '交叉销售候选', '2026-03-01', '网点偏好', 0, 195, 248.55, '小微企业主', '2026-03-07', '养老规划', 0, 201, 250.77, '交叉销售候选', '2026-03-13', '网点偏好', 0, 207, 252.99, '小微企业主', '2026-03-19', '养老规划', 0, 213, 255.21, '交叉销售候选', '2026-03-25', '网点偏好', 0, 219, 257.43, '小微企业主', '2026-03-03', '养老规划', 0, 225, 259.65, '交叉销售候选', '2026-03-09', '网点偏好', 0, 231, 261.87, '小微企业主', '2026-03-15', '养老规划', 0, 237, 264.09, '交叉销售候选', '2026-03-21', '网点偏好', 0, 243, 266.31, '小微企业主', '2026-03-27', '养老规划', 0, 249, 268.53, '交叉销售候选', '2026-03-05', '网点偏好', 0, 255, 270.75, '小微企业主', '2026-03-11', '养老规划', 0, 261, 272.97, '交叉销售候选', '2026-03-17', '网点偏好', 0, 267, 275.19, '小微企业主', '2026-03-23', '养老规划', 0, 273, 277.41, '交叉销售候选', '2026-03-01', '网点偏好', 0, 279, 279.63, '小微企业主', '2026-03-07', '养老规划', 0, 285, 281.85, '交叉销售候选', '2026-03-13', '网点偏好', 0, 291, 284.07, '小微企业主', '2026-03-19', '养老规划', 0, 297, 286.29, '交叉销售候选', '2026-03-25', '网点偏好', 0, 303, 288.51, '小微企业主', '2026-03-03', '养老规划', 0, 309, 290.73, '交叉销售候选', '2026-03-09', '网点偏好', 0, 315, 292.95, '小微企业主', '2026-03-15', '养老规划', 0, 321, 295.17, '交叉销售候选', '2026-03-21', '网点偏好', 0, 327, 297.39, '小微企业主', '2026-03-27', '养老规划', 0, 333, 299.61, '交叉销售候选', '2026-03-05', '网点偏好', 0, 339, 301.83, '小微企业主', '2026-03-11', '养老规划', 0, 345, 304.05, '交叉销售候选', '2026-03-17', '网点偏好', 0, 351, 306.27, '小微企业主', '2026-03-23', '养老规划', 0, 357, 308.49, '交叉销售候选', '2026-03-01', '网点偏好', 0, 363, 310.71, '小微企业主', '2026-03-07', '养老规划', 0, 369, 312.93, '交叉销售候选', '2026-03-13', '网点偏好', 0, 375, 315.15, '小微企业主', '2026-03-19', '养老规划', 0, 381, 317.37, '交叉销售候选', '2026-03-25', '网点偏好', 0, 387, 319.59, '小微企业主', '2026-03-03', '养老规划', 0, 393, 321.81, '交叉销售候选', '2026-03-09', '网点偏好', 0, 399, 324.03, '小微企业主', '2026-03-15', '养老规划', 0, 405, 326.25, '交叉销售候选', '2026-03-21', '网点偏好', 0, 411, 328.47, '小微企业主', '2026-03-27', '养老规划', 0, 417, 330.69, '交叉销售候选', '2026-03-05', '网点偏好', 0, 423, 332.91, '小微企业主', '2026-03-11', '养老规划', 0, 429, 335.13, '交叉销售候选', '2026-03-17', '网点偏好', 0, 435, 337.35, '小微企业主', '2026-03-23', '养老规划', 0, 441, 339.57, '交叉销售候选', '2026-03-01', '网点偏好', 0, 447, 341.79, '小微企业主', '2026-03-07', '养老规划', 0, 453, 344.01, '交叉销售候选', '2026-03-13', '网点偏好', 0, 459, 346.23, '小微企业主', '2026-03-19', '养老规划', 0, 465, 348.45, '交叉销售候选', '2026-03-25', '网点偏好', 0, 471, 350.67, '小微企业主', '2026-03-03', '养老规划', 0, 477, 352.89, '交叉销售候选', '2026-03-09', '网点偏好', 0, 483, 355.11, '小微企业主', '2026-03-15', '养老规划', 0, 489, 357.33, '交叉销售候选', '2026-03-21', '网点偏好'),
  (1009, '2026-04-09', '刘洋', 'JI********1009', '138****1009', 2, 41, '成熟客户', '杭州', '浙江', 4, '小微企业主', '2024-09-09', '成熟客户', 83.6, 21.8, 3.8, 36.0, 12.0, 0.12, 1, 1, 1, 3, 722, 'A', 1, '微信小程序', 21, '2026-04-20', '严重', '成熟客户', 0.12, 96.0, '高净值客户,基金投资者,手机银行活跃', 0, '2026-04-20 10:00:00', '2026-04-20 18:00:00', 1, 36, 201.11, '数字活跃', '2026-03-14', '代发工资', 1, 42, 203.33, '风险关注', '2026-03-20', '差旅消费', 1, 48, 205.55, '数字活跃', '2026-03-26', '代发工资', 1, 54, 207.77, '风险关注', '2026-03-04', '差旅消费', 1, 60, 209.99, '数字活跃', '2026-03-10', '代发工资', 1, 66, 212.21, '风险关注', '2026-03-16', '差旅消费', 1, 72, 214.43, '数字活跃', '2026-03-22', '代发工资', 1, 78, 216.65, '风险关注', '2026-03-28', '差旅消费', 1, 84, 218.87, '数字活跃', '2026-03-06', '代发工资', 1, 90, 221.09, '风险关注', '2026-03-12', '差旅消费', 1, 96, 223.31, '数字活跃', '2026-03-18', '代发工资', 1, 102, 225.53, '风险关注', '2026-03-24', '差旅消费', 1, 108, 227.75, '数字活跃', '2026-03-02', '代发工资', 1, 114, 229.97, '风险关注', '2026-03-08', '差旅消费', 1, 120, 232.19, '数字活跃', '2026-03-14', '代发工资', 1, 126, 234.41, '风险关注', '2026-03-20', '差旅消费', 1, 132, 236.63, '数字活跃', '2026-03-26', '代发工资', 1, 138, 238.85, '风险关注', '2026-03-04', '差旅消费', 1, 144, 241.07, '数字活跃', '2026-03-10', '代发工资', 1, 150, 243.29, '风险关注', '2026-03-16', '差旅消费', 1, 156, 245.51, '数字活跃', '2026-03-22', '代发工资', 1, 162, 247.73, '风险关注', '2026-03-28', '差旅消费', 1, 168, 249.95, '数字活跃', '2026-03-06', '代发工资', 1, 174, 252.17, '风险关注', '2026-03-12', '差旅消费', 1, 180, 254.39, '数字活跃', '2026-03-18', '代发工资', 1, 186, 256.61, '风险关注', '2026-03-24', '差旅消费', 1, 192, 258.83, '数字活跃', '2026-03-02', '代发工资', 1, 198, 261.05, '风险关注', '2026-03-08', '差旅消费', 1, 204, 263.27, '数字活跃', '2026-03-14', '代发工资', 1, 210, 265.49, '风险关注', '2026-03-20', '差旅消费', 1, 216, 267.71, '数字活跃', '2026-03-26', '代发工资', 1, 222, 269.93, '风险关注', '2026-03-04', '差旅消费', 1, 228, 272.15, '数字活跃', '2026-03-10', '代发工资', 1, 234, 274.37, '风险关注', '2026-03-16', '差旅消费', 1, 240, 276.59, '数字活跃', '2026-03-22', '代发工资', 1, 246, 278.81, '风险关注', '2026-03-28', '差旅消费', 1, 252, 281.03, '数字活跃', '2026-03-06', '代发工资', 1, 258, 283.25, '风险关注', '2026-03-12', '差旅消费', 1, 264, 285.47, '数字活跃', '2026-03-18', '代发工资', 1, 270, 287.69, '风险关注', '2026-03-24', '差旅消费', 1, 276, 289.91, '数字活跃', '2026-03-02', '代发工资', 1, 282, 292.13, '风险关注', '2026-03-08', '差旅消费', 1, 288, 294.35, '数字活跃', '2026-03-14', '代发工资', 1, 294, 296.57, '风险关注', '2026-03-20', '差旅消费', 1, 300, 298.79, '数字活跃', '2026-03-26', '代发工资', 1, 306, 301.01, '风险关注', '2026-03-04', '差旅消费', 1, 312, 303.23, '数字活跃', '2026-03-10', '代发工资', 1, 318, 305.45, '风险关注', '2026-03-16', '差旅消费', 1, 324, 307.67, '数字活跃', '2026-03-22', '代发工资', 1, 330, 309.89, '风险关注', '2026-03-28', '差旅消费', 1, 336, 312.11, '数字活跃', '2026-03-06', '代发工资', 1, 342, 314.33, '风险关注', '2026-03-12', '差旅消费', 1, 348, 316.55, '数字活跃', '2026-03-18', '代发工资', 1, 354, 318.77, '风险关注', '2026-03-24', '差旅消费', 1, 360, 320.99, '数字活跃', '2026-03-02', '代发工资', 1, 366, 323.21, '风险关注', '2026-03-08', '差旅消费', 1, 372, 325.43, '数字活跃', '2026-03-14', '代发工资', 1, 378, 327.65, '风险关注', '2026-03-20', '差旅消费', 1, 384, 329.87, '数字活跃', '2026-03-26', '代发工资', 1, 390, 332.09, '风险关注', '2026-03-04', '差旅消费', 1, 396, 334.31, '数字活跃', '2026-03-10', '代发工资', 1, 402, 336.53, '风险关注', '2026-03-16', '差旅消费', 1, 408, 338.75, '数字活跃', '2026-03-22', '代发工资', 1, 414, 340.97, '风险关注', '2026-03-28', '差旅消费', 1, 420, 343.19, '数字活跃', '2026-03-06', '代发工资', 1, 426, 345.41, '风险关注', '2026-03-12', '差旅消费', 1, 432, 347.63, '数字活跃', '2026-03-18', '代发工资', 1, 438, 349.85, '风险关注', '2026-03-24', '差旅消费', 1, 444, 352.07, '数字活跃', '2026-03-02', '代发工资', 1, 450, 354.29, '风险关注', '2026-03-08', '差旅消费', 1, 456, 356.51, '数字活跃', '2026-03-14', '代发工资', 1, 462, 358.73, '风险关注', '2026-03-20', '差旅消费', 1, 468, 360.95, '数字活跃', '2026-03-26', '代发工资', 1, 474, 363.17, '风险关注', '2026-03-04', '差旅消费', 1, 480, 365.39, '数字活跃', '2026-03-10', '代发工资', 1, 486, 367.61, '风险关注', '2026-03-16', '差旅消费', 1, 492, 369.83, '数字活跃', '2026-03-22', '代发工资'),
  (1010, '2026-04-10', '陈晨', 'GU********1010', '138****1010', 1, 48, '私行客户', '成都', '四川', 5, '教师', '2024-10-10', '私行客户', 95.3, 23.9, 6.4, 48.0, 17.0, 0.54, 0, 1, 0, 4, 731, 'A+', 1, '开放接口', 23, '2026-04-21', '低', '私行客户', 0.19, 100.5, '高净值客户,基金投资者,手机银行活跃', 0, '2026-04-20 10:00:00', '2026-04-21 18:00:00', 0, 39, 213.61, '网点偏好', '2026-03-15', '基金投资者', 0, 45, 215.83, '养老规划', '2026-03-21', '教育储蓄', 0, 51, 218.05, '网点偏好', '2026-03-27', '基金投资者', 0, 57, 220.27, '养老规划', '2026-03-05', '教育储蓄', 0, 63, 222.49, '网点偏好', '2026-03-11', '基金投资者', 0, 69, 224.71, '养老规划', '2026-03-17', '教育储蓄', 0, 75, 226.93, '网点偏好', '2026-03-23', '基金投资者', 0, 81, 229.15, '养老规划', '2026-03-01', '教育储蓄', 0, 87, 231.37, '网点偏好', '2026-03-07', '基金投资者', 0, 93, 233.59, '养老规划', '2026-03-13', '教育储蓄', 0, 99, 235.81, '网点偏好', '2026-03-19', '基金投资者', 0, 105, 238.03, '养老规划', '2026-03-25', '教育储蓄', 0, 111, 240.25, '网点偏好', '2026-03-03', '基金投资者', 0, 117, 242.47, '养老规划', '2026-03-09', '教育储蓄', 0, 123, 244.69, '网点偏好', '2026-03-15', '基金投资者', 0, 129, 246.91, '养老规划', '2026-03-21', '教育储蓄', 0, 135, 249.13, '网点偏好', '2026-03-27', '基金投资者', 0, 141, 251.35, '养老规划', '2026-03-05', '教育储蓄', 0, 147, 253.57, '网点偏好', '2026-03-11', '基金投资者', 0, 153, 255.79, '养老规划', '2026-03-17', '教育储蓄', 0, 159, 258.01, '网点偏好', '2026-03-23', '基金投资者', 0, 165, 260.23, '养老规划', '2026-03-01', '教育储蓄', 0, 171, 262.45, '网点偏好', '2026-03-07', '基金投资者', 0, 177, 264.67, '养老规划', '2026-03-13', '教育储蓄', 0, 183, 266.89, '网点偏好', '2026-03-19', '基金投资者', 0, 189, 269.11, '养老规划', '2026-03-25', '教育储蓄', 0, 195, 271.33, '网点偏好', '2026-03-03', '基金投资者', 0, 201, 273.55, '养老规划', '2026-03-09', '教育储蓄', 0, 207, 275.77, '网点偏好', '2026-03-15', '基金投资者', 0, 213, 277.99, '养老规划', '2026-03-21', '教育储蓄', 0, 219, 280.21, '网点偏好', '2026-03-27', '基金投资者', 0, 225, 282.43, '养老规划', '2026-03-05', '教育储蓄', 0, 231, 284.65, '网点偏好', '2026-03-11', '基金投资者', 0, 237, 286.87, '养老规划', '2026-03-17', '教育储蓄', 0, 243, 289.09, '网点偏好', '2026-03-23', '基金投资者', 0, 249, 291.31, '养老规划', '2026-03-01', '教育储蓄', 0, 255, 293.53, '网点偏好', '2026-03-07', '基金投资者', 0, 261, 295.75, '养老规划', '2026-03-13', '教育储蓄', 0, 267, 297.97, '网点偏好', '2026-03-19', '基金投资者', 0, 273, 300.19, '养老规划', '2026-03-25', '教育储蓄', 0, 279, 302.41, '网点偏好', '2026-03-03', '基金投资者', 0, 285, 304.63, '养老规划', '2026-03-09', '教育储蓄', 0, 291, 306.85, '网点偏好', '2026-03-15', '基金投资者', 0, 297, 309.07, '养老规划', '2026-03-21', '教育储蓄', 0, 303, 311.29, '网点偏好', '2026-03-27', '基金投资者', 0, 309, 313.51, '养老规划', '2026-03-05', '教育储蓄', 0, 315, 315.73, '网点偏好', '2026-03-11', '基金投资者', 0, 321, 317.95, '养老规划', '2026-03-17', '教育储蓄', 0, 327, 320.17, '网点偏好', '2026-03-23', '基金投资者', 0, 333, 322.39, '养老规划', '2026-03-01', '教育储蓄', 0, 339, 324.61, '网点偏好', '2026-03-07', '基金投资者', 0, 345, 326.83, '养老规划', '2026-03-13', '教育储蓄', 0, 351, 329.05, '网点偏好', '2026-03-19', '基金投资者', 0, 357, 331.27, '养老规划', '2026-03-25', '教育储蓄', 0, 363, 333.49, '网点偏好', '2026-03-03', '基金投资者', 0, 369, 335.71, '养老规划', '2026-03-09', '教育储蓄', 0, 375, 337.93, '网点偏好', '2026-03-15', '基金投资者', 0, 381, 340.15, '养老规划', '2026-03-21', '教育储蓄', 0, 387, 342.37, '网点偏好', '2026-03-27', '基金投资者', 0, 393, 344.59, '养老规划', '2026-03-05', '教育储蓄', 0, 399, 346.81, '网点偏好', '2026-03-11', '基金投资者', 0, 405, 349.03, '养老规划', '2026-03-17', '教育储蓄', 0, 411, 351.25, '网点偏好', '2026-03-23', '基金投资者', 0, 417, 353.47, '养老规划', '2026-03-01', '教育储蓄', 0, 423, 355.69, '网点偏好', '2026-03-07', '基金投资者', 0, 429, 357.91, '养老规划', '2026-03-13', '教育储蓄', 0, 435, 360.13, '网点偏好', '2026-03-19', '基金投资者', 0, 441, 362.35, '养老规划', '2026-03-25', '教育储蓄', 0, 447, 364.57, '网点偏好', '2026-03-03', '基金投资者', 0, 453, 366.79, '养老规划', '2026-03-09', '教育储蓄', 0, 459, 369.01, '网点偏好', '2026-03-15', '基金投资者', 0, 465, 371.23, '养老规划', '2026-03-21', '教育储蓄', 0, 471, 373.45, '网点偏好', '2026-03-27', '基金投资者', 0, 477, 375.67, '养老规划', '2026-03-05', '教育储蓄', 0, 483, 377.89, '网点偏好', '2026-03-11', '基金投资者', 0, 489, 380.11, '养老规划', '2026-03-17', '教育储蓄', 0, 495, 382.33, '网点偏好', '2026-03-23', '基金投资者'),
  (1011, '2026-04-11', '张伟', 'CH********1011', '138****1011', 2, 33, '大众客户', '北京', '北京', 1, '产品经理', '2024-11-11', '大众客户', 107.0, 26.0, 9.0, 0.0, 22.0, 0.96, 1, 1, 0, 5, 740, 'AA', 2, '手机银行', 25, '2026-04-22', '低', '大众客户', 0.26, 105.0, '高净值客户,基金投资者,手机银行活跃', 1, '2026-04-20 10:00:00', '2026-04-22 18:00:00', 1, 42, 226.11, '代发工资', '2026-03-16', '房贷家庭', 1, 48, 228.33, '差旅消费', '2026-03-22', '保险潜客', 1, 54, 230.55, '代发工资', '2026-03-28', '房贷家庭', 1, 60, 232.77, '差旅消费', '2026-03-06', '保险潜客', 1, 66, 234.99, '代发工资', '2026-03-12', '房贷家庭', 1, 72, 237.21, '差旅消费', '2026-03-18', '保险潜客', 1, 78, 239.43, '代发工资', '2026-03-24', '房贷家庭', 1, 84, 241.65, '差旅消费', '2026-03-02', '保险潜客', 1, 90, 243.87, '代发工资', '2026-03-08', '房贷家庭', 1, 96, 246.09, '差旅消费', '2026-03-14', '保险潜客', 1, 102, 248.31, '代发工资', '2026-03-20', '房贷家庭', 1, 108, 250.53, '差旅消费', '2026-03-26', '保险潜客', 1, 114, 252.75, '代发工资', '2026-03-04', '房贷家庭', 1, 120, 254.97, '差旅消费', '2026-03-10', '保险潜客', 1, 126, 257.19, '代发工资', '2026-03-16', '房贷家庭', 1, 132, 259.41, '差旅消费', '2026-03-22', '保险潜客', 1, 138, 261.63, '代发工资', '2026-03-28', '房贷家庭', 1, 144, 263.85, '差旅消费', '2026-03-06', '保险潜客', 1, 150, 266.07, '代发工资', '2026-03-12', '房贷家庭', 1, 156, 268.29, '差旅消费', '2026-03-18', '保险潜客', 1, 162, 270.51, '代发工资', '2026-03-24', '房贷家庭', 1, 168, 272.73, '差旅消费', '2026-03-02', '保险潜客', 1, 174, 274.95, '代发工资', '2026-03-08', '房贷家庭', 1, 180, 277.17, '差旅消费', '2026-03-14', '保险潜客', 1, 186, 279.39, '代发工资', '2026-03-20', '房贷家庭', 1, 192, 281.61, '差旅消费', '2026-03-26', '保险潜客', 1, 198, 283.83, '代发工资', '2026-03-04', '房贷家庭', 1, 204, 286.05, '差旅消费', '2026-03-10', '保险潜客', 1, 210, 288.27, '代发工资', '2026-03-16', '房贷家庭', 1, 216, 290.49, '差旅消费', '2026-03-22', '保险潜客', 1, 222, 292.71, '代发工资', '2026-03-28', '房贷家庭', 1, 228, 294.93, '差旅消费', '2026-03-06', '保险潜客', 1, 234, 297.15, '代发工资', '2026-03-12', '房贷家庭', 1, 240, 299.37, '差旅消费', '2026-03-18', '保险潜客', 1, 246, 301.59, '代发工资', '2026-03-24', '房贷家庭', 1, 252, 303.81, '差旅消费', '2026-03-02', '保险潜客', 1, 258, 306.03, '代发工资', '2026-03-08', '房贷家庭', 1, 264, 308.25, '差旅消费', '2026-03-14', '保险潜客', 1, 270, 310.47, '代发工资', '2026-03-20', '房贷家庭', 1, 276, 312.69, '差旅消费', '2026-03-26', '保险潜客', 1, 282, 314.91, '代发工资', '2026-03-04', '房贷家庭', 1, 288, 317.13, '差旅消费', '2026-03-10', '保险潜客', 1, 294, 319.35, '代发工资', '2026-03-16', '房贷家庭', 1, 300, 321.57, '差旅消费', '2026-03-22', '保险潜客', 1, 306, 323.79, '代发工资', '2026-03-28', '房贷家庭', 1, 312, 326.01, '差旅消费', '2026-03-06', '保险潜客', 1, 318, 328.23, '代发工资', '2026-03-12', '房贷家庭', 1, 324, 330.45, '差旅消费', '2026-03-18', '保险潜客', 1, 330, 332.67, '代发工资', '2026-03-24', '房贷家庭', 1, 336, 334.89, '差旅消费', '2026-03-02', '保险潜客', 1, 342, 337.11, '代发工资', '2026-03-08', '房贷家庭', 1, 348, 339.33, '差旅消费', '2026-03-14', '保险潜客', 1, 354, 341.55, '代发工资', '2026-03-20', '房贷家庭', 1, 360, 343.77, '差旅消费', '2026-03-26', '保险潜客', 1, 366, 345.99, '代发工资', '2026-03-04', '房贷家庭', 1, 372, 348.21, '差旅消费', '2026-03-10', '保险潜客', 1, 378, 350.43, '代发工资', '2026-03-16', '房贷家庭', 1, 384, 352.65, '差旅消费', '2026-03-22', '保险潜客', 1, 390, 354.87, '代发工资', '2026-03-28', '房贷家庭', 1, 396, 357.09, '差旅消费', '2026-03-06', '保险潜客', 1, 402, 359.31, '代发工资', '2026-03-12', '房贷家庭', 1, 408, 361.53, '差旅消费', '2026-03-18', '保险潜客', 1, 414, 363.75, '代发工资', '2026-03-24', '房贷家庭', 1, 420, 365.97, '差旅消费', '2026-03-02', '保险潜客', 1, 426, 368.19, '代发工资', '2026-03-08', '房贷家庭', 1, 432, 370.41, '差旅消费', '2026-03-14', '保险潜客', 1, 438, 372.63, '代发工资', '2026-03-20', '房贷家庭', 1, 444, 374.85, '差旅消费', '2026-03-26', '保险潜客', 1, 450, 377.07, '代发工资', '2026-03-04', '房贷家庭', 1, 456, 379.29, '差旅消费', '2026-03-10', '保险潜客', 1, 462, 381.51, '代发工资', '2026-03-16', '房贷家庭', 1, 468, 383.73, '差旅消费', '2026-03-22', '保险潜客', 1, 474, 385.95, '代发工资', '2026-03-28', '房贷家庭', 1, 480, 388.17, '差旅消费', '2026-03-06', '保险潜客', 1, 486, 390.39, '代发工资', '2026-03-12', '房贷家庭', 1, 492, 392.61, '差旅消费', '2026-03-18', '保险潜客', 1, 498, 394.83, '代发工资', '2026-03-24', '房贷家庭'),
  (1012, '2026-04-12', '王芳', 'SH********1012', '138****1012', 1, 46, '成长客户', '上海', '上海', 2, '软件工程师', '2024-12-12', '成长客户', 118.7, 28.1, 11.6, 12.0, 27.0, 1.38, 0, 1, 0, 6, 749, 'AAA', 1, '网点柜面', 27, '2026-04-23', '中', '成长客户', 0.33, 109.5, '高净值客户,基金投资者,手机银行活跃', 0, '2026-04-20 10:00:00', '2026-04-23 18:00:00', 0, 45, 238.61, '基金投资者', '2026-03-17', '小微企业主', 0, 51, 240.83, '教育储蓄', '2026-03-23', '交叉销售候选', 0, 57, 243.05, '基金投资者', '2026-03-01', '小微企业主', 0, 63, 245.27, '教育储蓄', '2026-03-07', '交叉销售候选', 0, 69, 247.49, '基金投资者', '2026-03-13', '小微企业主', 0, 75, 249.71, '教育储蓄', '2026-03-19', '交叉销售候选', 0, 81, 251.93, '基金投资者', '2026-03-25', '小微企业主', 0, 87, 254.15, '教育储蓄', '2026-03-03', '交叉销售候选', 0, 93, 256.37, '基金投资者', '2026-03-09', '小微企业主', 0, 99, 258.59, '教育储蓄', '2026-03-15', '交叉销售候选', 0, 105, 260.81, '基金投资者', '2026-03-21', '小微企业主', 0, 111, 263.03, '教育储蓄', '2026-03-27', '交叉销售候选', 0, 117, 265.25, '基金投资者', '2026-03-05', '小微企业主', 0, 123, 267.47, '教育储蓄', '2026-03-11', '交叉销售候选', 0, 129, 269.69, '基金投资者', '2026-03-17', '小微企业主', 0, 135, 271.91, '教育储蓄', '2026-03-23', '交叉销售候选', 0, 141, 274.13, '基金投资者', '2026-03-01', '小微企业主', 0, 147, 276.35, '教育储蓄', '2026-03-07', '交叉销售候选', 0, 153, 278.57, '基金投资者', '2026-03-13', '小微企业主', 0, 159, 280.79, '教育储蓄', '2026-03-19', '交叉销售候选', 0, 165, 283.01, '基金投资者', '2026-03-25', '小微企业主', 0, 171, 285.23, '教育储蓄', '2026-03-03', '交叉销售候选', 0, 177, 287.45, '基金投资者', '2026-03-09', '小微企业主', 0, 183, 289.67, '教育储蓄', '2026-03-15', '交叉销售候选', 0, 189, 291.89, '基金投资者', '2026-03-21', '小微企业主', 0, 195, 294.11, '教育储蓄', '2026-03-27', '交叉销售候选', 0, 201, 296.33, '基金投资者', '2026-03-05', '小微企业主', 0, 207, 298.55, '教育储蓄', '2026-03-11', '交叉销售候选', 0, 213, 300.77, '基金投资者', '2026-03-17', '小微企业主', 0, 219, 302.99, '教育储蓄', '2026-03-23', '交叉销售候选', 0, 225, 305.21, '基金投资者', '2026-03-01', '小微企业主', 0, 231, 307.43, '教育储蓄', '2026-03-07', '交叉销售候选', 0, 237, 309.65, '基金投资者', '2026-03-13', '小微企业主', 0, 243, 311.87, '教育储蓄', '2026-03-19', '交叉销售候选', 0, 249, 314.09, '基金投资者', '2026-03-25', '小微企业主', 0, 255, 316.31, '教育储蓄', '2026-03-03', '交叉销售候选', 0, 261, 318.53, '基金投资者', '2026-03-09', '小微企业主', 0, 267, 320.75, '教育储蓄', '2026-03-15', '交叉销售候选', 0, 273, 322.97, '基金投资者', '2026-03-21', '小微企业主', 0, 279, 325.19, '教育储蓄', '2026-03-27', '交叉销售候选', 0, 285, 327.41, '基金投资者', '2026-03-05', '小微企业主', 0, 291, 329.63, '教育储蓄', '2026-03-11', '交叉销售候选', 0, 297, 331.85, '基金投资者', '2026-03-17', '小微企业主', 0, 303, 334.07, '教育储蓄', '2026-03-23', '交叉销售候选', 0, 309, 336.29, '基金投资者', '2026-03-01', '小微企业主', 0, 315, 338.51, '教育储蓄', '2026-03-07', '交叉销售候选', 0, 321, 340.73, '基金投资者', '2026-03-13', '小微企业主', 0, 327, 342.95, '教育储蓄', '2026-03-19', '交叉销售候选', 0, 333, 345.17, '基金投资者', '2026-03-25', '小微企业主', 0, 339, 347.39, '教育储蓄', '2026-03-03', '交叉销售候选', 0, 345, 349.61, '基金投资者', '2026-03-09', '小微企业主', 0, 351, 351.83, '教育储蓄', '2026-03-15', '交叉销售候选', 0, 357, 354.05, '基金投资者', '2026-03-21', '小微企业主', 0, 363, 356.27, '教育储蓄', '2026-03-27', '交叉销售候选', 0, 369, 358.49, '基金投资者', '2026-03-05', '小微企业主', 0, 375, 360.71, '教育储蓄', '2026-03-11', '交叉销售候选', 0, 381, 362.93, '基金投资者', '2026-03-17', '小微企业主', 0, 387, 365.15, '教育储蓄', '2026-03-23', '交叉销售候选', 0, 393, 367.37, '基金投资者', '2026-03-01', '小微企业主', 0, 399, 369.59, '教育储蓄', '2026-03-07', '交叉销售候选', 0, 405, 371.81, '基金投资者', '2026-03-13', '小微企业主', 0, 411, 374.03, '教育储蓄', '2026-03-19', '交叉销售候选', 0, 417, 376.25, '基金投资者', '2026-03-25', '小微企业主', 0, 423, 378.47, '教育储蓄', '2026-03-03', '交叉销售候选', 0, 429, 380.69, '基金投资者', '2026-03-09', '小微企业主', 0, 435, 382.91, '教育储蓄', '2026-03-15', '交叉销售候选', 0, 441, 385.13, '基金投资者', '2026-03-21', '小微企业主', 0, 447, 387.35, '教育储蓄', '2026-03-27', '交叉销售候选', 0, 453, 389.57, '基金投资者', '2026-03-05', '小微企业主', 0, 459, 391.79, '教育储蓄', '2026-03-11', '交叉销售候选', 0, 465, 394.01, '基金投资者', '2026-03-17', '小微企业主', 0, 471, 396.23, '教育储蓄', '2026-03-23', '交叉销售候选', 0, 477, 398.45, '基金投资者', '2026-03-01', '小微企业主', 0, 483, 400.67, '教育储蓄', '2026-03-07', '交叉销售候选', 0, 489, 402.89, '基金投资者', '2026-03-13', '小微企业主', 0, 495, 405.11, '教育储蓄', '2026-03-19', '交叉销售候选', 0, 501, 407.33, '基金投资者', '2026-03-25', '小微企业主'),
  (1013, '2026-04-13', '李娜', 'FU********1013', '138****1013', 2, 28, '财富客户', '深圳', '广东', 3, '私人银行顾问', '2024-01-13', '财富客户', 116.4, 30.2, 14.2, 24.0, 2.0, 0.12, 1, 1, 0, 7, 758, 'A', 1, '网上银行', 29, '2026-04-24', '高', '财富客户', 0.4, 114.0, '高净值客户,基金投资者,手机银行活跃', 0, '2026-04-20 10:00:00', '2026-04-24 18:00:00', 1, 48, 251.11, '房贷家庭', '2026-03-18', '风险关注', 1, 54, 253.33, '保险潜客', '2026-03-24', '数字活跃', 1, 60, 255.55, '房贷家庭', '2026-03-02', '风险关注', 1, 66, 257.77, '保险潜客', '2026-03-08', '数字活跃', 1, 72, 259.99, '房贷家庭', '2026-03-14', '风险关注', 1, 78, 262.21, '保险潜客', '2026-03-20', '数字活跃', 1, 84, 264.43, '房贷家庭', '2026-03-26', '风险关注', 1, 90, 266.65, '保险潜客', '2026-03-04', '数字活跃', 1, 96, 268.87, '房贷家庭', '2026-03-10', '风险关注', 1, 102, 271.09, '保险潜客', '2026-03-16', '数字活跃', 1, 108, 273.31, '房贷家庭', '2026-03-22', '风险关注', 1, 114, 275.53, '保险潜客', '2026-03-28', '数字活跃', 1, 120, 277.75, '房贷家庭', '2026-03-06', '风险关注', 1, 126, 279.97, '保险潜客', '2026-03-12', '数字活跃', 1, 132, 282.19, '房贷家庭', '2026-03-18', '风险关注', 1, 138, 284.41, '保险潜客', '2026-03-24', '数字活跃', 1, 144, 286.63, '房贷家庭', '2026-03-02', '风险关注', 1, 150, 288.85, '保险潜客', '2026-03-08', '数字活跃', 1, 156, 291.07, '房贷家庭', '2026-03-14', '风险关注', 1, 162, 293.29, '保险潜客', '2026-03-20', '数字活跃', 1, 168, 295.51, '房贷家庭', '2026-03-26', '风险关注', 1, 174, 297.73, '保险潜客', '2026-03-04', '数字活跃', 1, 180, 299.95, '房贷家庭', '2026-03-10', '风险关注', 1, 186, 302.17, '保险潜客', '2026-03-16', '数字活跃', 1, 192, 304.39, '房贷家庭', '2026-03-22', '风险关注', 1, 198, 306.61, '保险潜客', '2026-03-28', '数字活跃', 1, 204, 308.83, '房贷家庭', '2026-03-06', '风险关注', 1, 210, 311.05, '保险潜客', '2026-03-12', '数字活跃', 1, 216, 313.27, '房贷家庭', '2026-03-18', '风险关注', 1, 222, 315.49, '保险潜客', '2026-03-24', '数字活跃', 1, 228, 317.71, '房贷家庭', '2026-03-02', '风险关注', 1, 234, 319.93, '保险潜客', '2026-03-08', '数字活跃', 1, 240, 322.15, '房贷家庭', '2026-03-14', '风险关注', 1, 246, 324.37, '保险潜客', '2026-03-20', '数字活跃', 1, 252, 326.59, '房贷家庭', '2026-03-26', '风险关注', 1, 258, 328.81, '保险潜客', '2026-03-04', '数字活跃', 1, 264, 331.03, '房贷家庭', '2026-03-10', '风险关注', 1, 270, 333.25, '保险潜客', '2026-03-16', '数字活跃', 1, 276, 335.47, '房贷家庭', '2026-03-22', '风险关注', 1, 282, 337.69, '保险潜客', '2026-03-28', '数字活跃', 1, 288, 339.91, '房贷家庭', '2026-03-06', '风险关注', 1, 294, 342.13, '保险潜客', '2026-03-12', '数字活跃', 1, 300, 344.35, '房贷家庭', '2026-03-18', '风险关注', 1, 306, 346.57, '保险潜客', '2026-03-24', '数字活跃', 1, 312, 348.79, '房贷家庭', '2026-03-02', '风险关注', 1, 318, 351.01, '保险潜客', '2026-03-08', '数字活跃', 1, 324, 353.23, '房贷家庭', '2026-03-14', '风险关注', 1, 330, 355.45, '保险潜客', '2026-03-20', '数字活跃', 1, 336, 357.67, '房贷家庭', '2026-03-26', '风险关注', 1, 342, 359.89, '保险潜客', '2026-03-04', '数字活跃', 1, 348, 362.11, '房贷家庭', '2026-03-10', '风险关注', 1, 354, 364.33, '保险潜客', '2026-03-16', '数字活跃', 1, 360, 366.55, '房贷家庭', '2026-03-22', '风险关注', 1, 366, 368.77, '保险潜客', '2026-03-28', '数字活跃', 1, 372, 370.99, '房贷家庭', '2026-03-06', '风险关注', 1, 378, 373.21, '保险潜客', '2026-03-12', '数字活跃', 1, 384, 375.43, '房贷家庭', '2026-03-18', '风险关注', 1, 390, 377.65, '保险潜客', '2026-03-24', '数字活跃', 1, 396, 379.87, '房贷家庭', '2026-03-02', '风险关注', 1, 402, 382.09, '保险潜客', '2026-03-08', '数字活跃', 1, 408, 384.31, '房贷家庭', '2026-03-14', '风险关注', 1, 414, 386.53, '保险潜客', '2026-03-20', '数字活跃', 1, 420, 388.75, '房贷家庭', '2026-03-26', '风险关注', 1, 426, 390.97, '保险潜客', '2026-03-04', '数字活跃', 1, 432, 393.19, '房贷家庭', '2026-03-10', '风险关注', 1, 438, 395.41, '保险潜客', '2026-03-16', '数字活跃', 1, 444, 397.63, '房贷家庭', '2026-03-22', '风险关注', 1, 450, 399.85, '保险潜客', '2026-03-28', '数字活跃', 1, 456, 402.07, '房贷家庭', '2026-03-06', '风险关注', 1, 462, 404.29, '保险潜客', '2026-03-12', '数字活跃', 1, 468, 406.51, '房贷家庭', '2026-03-18', '风险关注', 1, 474, 408.73, '保险潜客', '2026-03-24', '数字活跃', 1, 480, 410.95, '房贷家庭', '2026-03-02', '风险关注', 1, 486, 413.17, '保险潜客', '2026-03-08', '数字活跃', 1, 492, 415.39, '房贷家庭', '2026-03-14', '风险关注', 1, 498, 417.61, '保险潜客', '2026-03-20', '数字活跃', 1, 504, 419.83, '房贷家庭', '2026-03-26', '风险关注'),
  (1014, '2026-04-14', '刘洋', 'TI********1014', '138****1014', 1, 44, '成熟客户', '杭州', '浙江', 4, '小微企业主', '2024-02-14', '成熟客户', 128.1, 32.3, 16.8, 36.0, 7.0, 0.54, 0, 1, 0, 8, 767, 'A+', 1, '微信小程序', 31, '2026-04-25', '严重', '成熟客户', 0.47, 118.5, '高净值客户,基金投资者,手机银行活跃', 0, '2026-04-20 10:00:00', '2026-04-25 18:00:00', 0, 51, 263.61, '小微企业主', '2026-03-19', '养老规划', 0, 57, 265.83, '交叉销售候选', '2026-03-25', '网点偏好', 0, 63, 268.05, '小微企业主', '2026-03-03', '养老规划', 0, 69, 270.27, '交叉销售候选', '2026-03-09', '网点偏好', 0, 75, 272.49, '小微企业主', '2026-03-15', '养老规划', 0, 81, 274.71, '交叉销售候选', '2026-03-21', '网点偏好', 0, 87, 276.93, '小微企业主', '2026-03-27', '养老规划', 0, 93, 279.15, '交叉销售候选', '2026-03-05', '网点偏好', 0, 99, 281.37, '小微企业主', '2026-03-11', '养老规划', 0, 105, 283.59, '交叉销售候选', '2026-03-17', '网点偏好', 0, 111, 285.81, '小微企业主', '2026-03-23', '养老规划', 0, 117, 288.03, '交叉销售候选', '2026-03-01', '网点偏好', 0, 123, 290.25, '小微企业主', '2026-03-07', '养老规划', 0, 129, 292.47, '交叉销售候选', '2026-03-13', '网点偏好', 0, 135, 294.69, '小微企业主', '2026-03-19', '养老规划', 0, 141, 296.91, '交叉销售候选', '2026-03-25', '网点偏好', 0, 147, 299.13, '小微企业主', '2026-03-03', '养老规划', 0, 153, 301.35, '交叉销售候选', '2026-03-09', '网点偏好', 0, 159, 303.57, '小微企业主', '2026-03-15', '养老规划', 0, 165, 305.79, '交叉销售候选', '2026-03-21', '网点偏好', 0, 171, 308.01, '小微企业主', '2026-03-27', '养老规划', 0, 177, 310.23, '交叉销售候选', '2026-03-05', '网点偏好', 0, 183, 312.45, '小微企业主', '2026-03-11', '养老规划', 0, 189, 314.67, '交叉销售候选', '2026-03-17', '网点偏好', 0, 195, 316.89, '小微企业主', '2026-03-23', '养老规划', 0, 201, 319.11, '交叉销售候选', '2026-03-01', '网点偏好', 0, 207, 321.33, '小微企业主', '2026-03-07', '养老规划', 0, 213, 323.55, '交叉销售候选', '2026-03-13', '网点偏好', 0, 219, 325.77, '小微企业主', '2026-03-19', '养老规划', 0, 225, 327.99, '交叉销售候选', '2026-03-25', '网点偏好', 0, 231, 330.21, '小微企业主', '2026-03-03', '养老规划', 0, 237, 332.43, '交叉销售候选', '2026-03-09', '网点偏好', 0, 243, 334.65, '小微企业主', '2026-03-15', '养老规划', 0, 249, 336.87, '交叉销售候选', '2026-03-21', '网点偏好', 0, 255, 339.09, '小微企业主', '2026-03-27', '养老规划', 0, 261, 341.31, '交叉销售候选', '2026-03-05', '网点偏好', 0, 267, 343.53, '小微企业主', '2026-03-11', '养老规划', 0, 273, 345.75, '交叉销售候选', '2026-03-17', '网点偏好', 0, 279, 347.97, '小微企业主', '2026-03-23', '养老规划', 0, 285, 350.19, '交叉销售候选', '2026-03-01', '网点偏好', 0, 291, 352.41, '小微企业主', '2026-03-07', '养老规划', 0, 297, 354.63, '交叉销售候选', '2026-03-13', '网点偏好', 0, 303, 356.85, '小微企业主', '2026-03-19', '养老规划', 0, 309, 359.07, '交叉销售候选', '2026-03-25', '网点偏好', 0, 315, 361.29, '小微企业主', '2026-03-03', '养老规划', 0, 321, 363.51, '交叉销售候选', '2026-03-09', '网点偏好', 0, 327, 365.73, '小微企业主', '2026-03-15', '养老规划', 0, 333, 367.95, '交叉销售候选', '2026-03-21', '网点偏好', 0, 339, 370.17, '小微企业主', '2026-03-27', '养老规划', 0, 345, 372.39, '交叉销售候选', '2026-03-05', '网点偏好', 0, 351, 374.61, '小微企业主', '2026-03-11', '养老规划', 0, 357, 376.83, '交叉销售候选', '2026-03-17', '网点偏好', 0, 363, 379.05, '小微企业主', '2026-03-23', '养老规划', 0, 369, 381.27, '交叉销售候选', '2026-03-01', '网点偏好', 0, 375, 383.49, '小微企业主', '2026-03-07', '养老规划', 0, 381, 385.71, '交叉销售候选', '2026-03-13', '网点偏好', 0, 387, 387.93, '小微企业主', '2026-03-19', '养老规划', 0, 393, 390.15, '交叉销售候选', '2026-03-25', '网点偏好', 0, 399, 392.37, '小微企业主', '2026-03-03', '养老规划', 0, 405, 394.59, '交叉销售候选', '2026-03-09', '网点偏好', 0, 411, 396.81, '小微企业主', '2026-03-15', '养老规划', 0, 417, 399.03, '交叉销售候选', '2026-03-21', '网点偏好', 0, 423, 401.25, '小微企业主', '2026-03-27', '养老规划', 0, 429, 403.47, '交叉销售候选', '2026-03-05', '网点偏好', 0, 435, 405.69, '小微企业主', '2026-03-11', '养老规划', 0, 441, 407.91, '交叉销售候选', '2026-03-17', '网点偏好', 0, 447, 410.13, '小微企业主', '2026-03-23', '养老规划', 0, 453, 412.35, '交叉销售候选', '2026-03-01', '网点偏好', 0, 459, 414.57, '小微企业主', '2026-03-07', '养老规划', 0, 465, 416.79, '交叉销售候选', '2026-03-13', '网点偏好', 0, 471, 419.01, '小微企业主', '2026-03-19', '养老规划', 0, 477, 421.23, '交叉销售候选', '2026-03-25', '网点偏好', 0, 483, 423.45, '小微企业主', '2026-03-03', '养老规划', 0, 489, 425.67, '交叉销售候选', '2026-03-09', '网点偏好', 0, 495, 427.89, '小微企业主', '2026-03-15', '养老规划', 0, 501, 430.11, '交叉销售候选', '2026-03-21', '网点偏好', 0, 507, 432.33, '小微企业主', '2026-03-27', '养老规划'),
  (1015, '2026-04-15', '陈晨', 'ZH********1015', '138****1015', 2, 37, '私行客户', '成都', '四川', 5, '教师', '2024-03-15', '私行客户', 139.8, 34.4, 1.2, 48.0, 12.0, 0.96, 1, 1, 0, 9, 776, 'AA', 1, '开放接口', 33, '2026-04-26', '低', '私行客户', 0.54, 123.0, '高净值客户,基金投资者,手机银行活跃', 0, '2026-04-20 10:00:00', '2026-04-26 18:00:00', 1, 54, 276.11, '风险关注', '2026-03-20', '差旅消费', 1, 60, 278.33, '数字活跃', '2026-03-26', '代发工资', 1, 66, 280.55, '风险关注', '2026-03-04', '差旅消费', 1, 72, 282.77, '数字活跃', '2026-03-10', '代发工资', 1, 78, 284.99, '风险关注', '2026-03-16', '差旅消费', 1, 84, 287.21, '数字活跃', '2026-03-22', '代发工资', 1, 90, 289.43, '风险关注', '2026-03-28', '差旅消费', 1, 96, 291.65, '数字活跃', '2026-03-06', '代发工资', 1, 102, 293.87, '风险关注', '2026-03-12', '差旅消费', 1, 108, 296.09, '数字活跃', '2026-03-18', '代发工资', 1, 114, 298.31, '风险关注', '2026-03-24', '差旅消费', 1, 120, 300.53, '数字活跃', '2026-03-02', '代发工资', 1, 126, 302.75, '风险关注', '2026-03-08', '差旅消费', 1, 132, 304.97, '数字活跃', '2026-03-14', '代发工资', 1, 138, 307.19, '风险关注', '2026-03-20', '差旅消费', 1, 144, 309.41, '数字活跃', '2026-03-26', '代发工资', 1, 150, 311.63, '风险关注', '2026-03-04', '差旅消费', 1, 156, 313.85, '数字活跃', '2026-03-10', '代发工资', 1, 162, 316.07, '风险关注', '2026-03-16', '差旅消费', 1, 168, 318.29, '数字活跃', '2026-03-22', '代发工资', 1, 174, 320.51, '风险关注', '2026-03-28', '差旅消费', 1, 180, 322.73, '数字活跃', '2026-03-06', '代发工资', 1, 186, 324.95, '风险关注', '2026-03-12', '差旅消费', 1, 192, 327.17, '数字活跃', '2026-03-18', '代发工资', 1, 198, 329.39, '风险关注', '2026-03-24', '差旅消费', 1, 204, 331.61, '数字活跃', '2026-03-02', '代发工资', 1, 210, 333.83, '风险关注', '2026-03-08', '差旅消费', 1, 216, 336.05, '数字活跃', '2026-03-14', '代发工资', 1, 222, 338.27, '风险关注', '2026-03-20', '差旅消费', 1, 228, 340.49, '数字活跃', '2026-03-26', '代发工资', 1, 234, 342.71, '风险关注', '2026-03-04', '差旅消费', 1, 240, 344.93, '数字活跃', '2026-03-10', '代发工资', 1, 246, 347.15, '风险关注', '2026-03-16', '差旅消费', 1, 252, 349.37, '数字活跃', '2026-03-22', '代发工资', 1, 258, 351.59, '风险关注', '2026-03-28', '差旅消费', 1, 264, 353.81, '数字活跃', '2026-03-06', '代发工资', 1, 270, 356.03, '风险关注', '2026-03-12', '差旅消费', 1, 276, 358.25, '数字活跃', '2026-03-18', '代发工资', 1, 282, 360.47, '风险关注', '2026-03-24', '差旅消费', 1, 288, 362.69, '数字活跃', '2026-03-02', '代发工资', 1, 294, 364.91, '风险关注', '2026-03-08', '差旅消费', 1, 300, 367.13, '数字活跃', '2026-03-14', '代发工资', 1, 306, 369.35, '风险关注', '2026-03-20', '差旅消费', 1, 312, 371.57, '数字活跃', '2026-03-26', '代发工资', 1, 318, 373.79, '风险关注', '2026-03-04', '差旅消费', 1, 324, 376.01, '数字活跃', '2026-03-10', '代发工资', 1, 330, 378.23, '风险关注', '2026-03-16', '差旅消费', 1, 336, 380.45, '数字活跃', '2026-03-22', '代发工资', 1, 342, 382.67, '风险关注', '2026-03-28', '差旅消费', 1, 348, 384.89, '数字活跃', '2026-03-06', '代发工资', 1, 354, 387.11, '风险关注', '2026-03-12', '差旅消费', 1, 360, 389.33, '数字活跃', '2026-03-18', '代发工资', 1, 366, 391.55, '风险关注', '2026-03-24', '差旅消费', 1, 372, 393.77, '数字活跃', '2026-03-02', '代发工资', 1, 378, 395.99, '风险关注', '2026-03-08', '差旅消费', 1, 384, 398.21, '数字活跃', '2026-03-14', '代发工资', 1, 390, 400.43, '风险关注', '2026-03-20', '差旅消费', 1, 396, 402.65, '数字活跃', '2026-03-26', '代发工资', 1, 402, 404.87, '风险关注', '2026-03-04', '差旅消费', 1, 408, 407.09, '数字活跃', '2026-03-10', '代发工资', 1, 414, 409.31, '风险关注', '2026-03-16', '差旅消费', 1, 420, 411.53, '数字活跃', '2026-03-22', '代发工资', 1, 426, 413.75, '风险关注', '2026-03-28', '差旅消费', 1, 432, 415.97, '数字活跃', '2026-03-06', '代发工资', 1, 438, 418.19, '风险关注', '2026-03-12', '差旅消费', 1, 444, 420.41, '数字活跃', '2026-03-18', '代发工资', 1, 450, 422.63, '风险关注', '2026-03-24', '差旅消费', 1, 456, 424.85, '数字活跃', '2026-03-02', '代发工资', 1, 462, 427.07, '风险关注', '2026-03-08', '差旅消费', 1, 468, 429.29, '数字活跃', '2026-03-14', '代发工资', 1, 474, 431.51, '风险关注', '2026-03-20', '差旅消费', 1, 480, 433.73, '数字活跃', '2026-03-26', '代发工资', 1, 486, 435.95, '风险关注', '2026-03-04', '差旅消费', 1, 492, 438.17, '数字活跃', '2026-03-10', '代发工资', 1, 498, 440.39, '风险关注', '2026-03-16', '差旅消费', 1, 504, 442.61, '数字活跃', '2026-03-22', '代发工资', 1, 510, 444.83, '风险关注', '2026-03-28', '差旅消费'),
  (1016, '2026-04-16', '张伟', 'AN********1016', '138****1016', 1, 35, '大众客户', '北京', '北京', 1, '产品经理', '2024-04-16', '大众客户', 151.5, 36.5, 3.8, 0.0, 17.0, 1.38, 0, 1, 1, 10, 785, 'AAA', 1, '手机银行', 35, '2026-04-27', '低', '大众客户', 0.61, 127.5, '高净值客户,基金投资者,手机银行活跃', 0, '2026-04-20 10:00:00', '2026-04-27 18:00:00', 0, 57, 288.61, '养老规划', '2026-03-21', '教育储蓄', 0, 63, 290.83, '网点偏好', '2026-03-27', '基金投资者', 0, 69, 293.05, '养老规划', '2026-03-05', '教育储蓄', 0, 75, 295.27, '网点偏好', '2026-03-11', '基金投资者', 0, 81, 297.49, '养老规划', '2026-03-17', '教育储蓄', 0, 87, 299.71, '网点偏好', '2026-03-23', '基金投资者', 0, 93, 301.93, '养老规划', '2026-03-01', '教育储蓄', 0, 99, 304.15, '网点偏好', '2026-03-07', '基金投资者', 0, 105, 306.37, '养老规划', '2026-03-13', '教育储蓄', 0, 111, 308.59, '网点偏好', '2026-03-19', '基金投资者', 0, 117, 310.81, '养老规划', '2026-03-25', '教育储蓄', 0, 123, 313.03, '网点偏好', '2026-03-03', '基金投资者', 0, 129, 315.25, '养老规划', '2026-03-09', '教育储蓄', 0, 135, 317.47, '网点偏好', '2026-03-15', '基金投资者', 0, 141, 319.69, '养老规划', '2026-03-21', '教育储蓄', 0, 147, 321.91, '网点偏好', '2026-03-27', '基金投资者', 0, 153, 324.13, '养老规划', '2026-03-05', '教育储蓄', 0, 159, 326.35, '网点偏好', '2026-03-11', '基金投资者', 0, 165, 328.57, '养老规划', '2026-03-17', '教育储蓄', 0, 171, 330.79, '网点偏好', '2026-03-23', '基金投资者', 0, 177, 333.01, '养老规划', '2026-03-01', '教育储蓄', 0, 183, 335.23, '网点偏好', '2026-03-07', '基金投资者', 0, 189, 337.45, '养老规划', '2026-03-13', '教育储蓄', 0, 195, 339.67, '网点偏好', '2026-03-19', '基金投资者', 0, 201, 341.89, '养老规划', '2026-03-25', '教育储蓄', 0, 207, 344.11, '网点偏好', '2026-03-03', '基金投资者', 0, 213, 346.33, '养老规划', '2026-03-09', '教育储蓄', 0, 219, 348.55, '网点偏好', '2026-03-15', '基金投资者', 0, 225, 350.77, '养老规划', '2026-03-21', '教育储蓄', 0, 231, 352.99, '网点偏好', '2026-03-27', '基金投资者', 0, 237, 355.21, '养老规划', '2026-03-05', '教育储蓄', 0, 243, 357.43, '网点偏好', '2026-03-11', '基金投资者', 0, 249, 359.65, '养老规划', '2026-03-17', '教育储蓄', 0, 255, 361.87, '网点偏好', '2026-03-23', '基金投资者', 0, 261, 364.09, '养老规划', '2026-03-01', '教育储蓄', 0, 267, 366.31, '网点偏好', '2026-03-07', '基金投资者', 0, 273, 368.53, '养老规划', '2026-03-13', '教育储蓄', 0, 279, 370.75, '网点偏好', '2026-03-19', '基金投资者', 0, 285, 372.97, '养老规划', '2026-03-25', '教育储蓄', 0, 291, 375.19, '网点偏好', '2026-03-03', '基金投资者', 0, 297, 377.41, '养老规划', '2026-03-09', '教育储蓄', 0, 303, 379.63, '网点偏好', '2026-03-15', '基金投资者', 0, 309, 381.85, '养老规划', '2026-03-21', '教育储蓄', 0, 315, 384.07, '网点偏好', '2026-03-27', '基金投资者', 0, 321, 386.29, '养老规划', '2026-03-05', '教育储蓄', 0, 327, 388.51, '网点偏好', '2026-03-11', '基金投资者', 0, 333, 390.73, '养老规划', '2026-03-17', '教育储蓄', 0, 339, 392.95, '网点偏好', '2026-03-23', '基金投资者', 0, 345, 395.17, '养老规划', '2026-03-01', '教育储蓄', 0, 351, 397.39, '网点偏好', '2026-03-07', '基金投资者', 0, 357, 399.61, '养老规划', '2026-03-13', '教育储蓄', 0, 363, 401.83, '网点偏好', '2026-03-19', '基金投资者', 0, 369, 404.05, '养老规划', '2026-03-25', '教育储蓄', 0, 375, 406.27, '网点偏好', '2026-03-03', '基金投资者', 0, 381, 408.49, '养老规划', '2026-03-09', '教育储蓄', 0, 387, 410.71, '网点偏好', '2026-03-15', '基金投资者', 0, 393, 412.93, '养老规划', '2026-03-21', '教育储蓄', 0, 399, 415.15, '网点偏好', '2026-03-27', '基金投资者', 0, 405, 417.37, '养老规划', '2026-03-05', '教育储蓄', 0, 411, 419.59, '网点偏好', '2026-03-11', '基金投资者', 0, 417, 421.81, '养老规划', '2026-03-17', '教育储蓄', 0, 423, 424.03, '网点偏好', '2026-03-23', '基金投资者', 0, 429, 426.25, '养老规划', '2026-03-01', '教育储蓄', 0, 435, 428.47, '网点偏好', '2026-03-07', '基金投资者', 0, 441, 430.69, '养老规划', '2026-03-13', '教育储蓄', 0, 447, 432.91, '网点偏好', '2026-03-19', '基金投资者', 0, 453, 435.13, '养老规划', '2026-03-25', '教育储蓄', 0, 459, 437.35, '网点偏好', '2026-03-03', '基金投资者', 0, 465, 439.57, '养老规划', '2026-03-09', '教育储蓄', 0, 471, 441.79, '网点偏好', '2026-03-15', '基金投资者', 0, 477, 444.01, '养老规划', '2026-03-21', '教育储蓄', 0, 483, 446.23, '网点偏好', '2026-03-27', '基金投资者', 0, 489, 448.45, '养老规划', '2026-03-05', '教育储蓄', 0, 495, 450.67, '网点偏好', '2026-03-11', '基金投资者', 0, 501, 452.89, '养老规划', '2026-03-17', '教育储蓄', 0, 507, 455.11, '网点偏好', '2026-03-23', '基金投资者', 0, 513, 457.33, '养老规划', '2026-03-01', '教育储蓄'),
  (1017, '2026-04-17', '王芳', 'HU********1017', '138****1017', 2, 30, '成长客户', '上海', '上海', 2, '软件工程师', '2024-05-17', '成长客户', 149.2, 38.6, 6.4, 12.0, 22.0, 0.12, 1, 1, 0, 3, 794, 'A', 1, '网点柜面', 37, '2026-04-20', '中', '成长客户', 0.12, 132.0, '高净值客户,基金投资者,手机银行活跃', 0, '2026-04-20 10:00:00', '2026-04-20 18:00:00', 1, 60, 301.11, '差旅消费', '2026-03-22', '保险潜客', 1, 66, 303.33, '代发工资', '2026-03-28', '房贷家庭', 1, 72, 305.55, '差旅消费', '2026-03-06', '保险潜客', 1, 78, 307.77, '代发工资', '2026-03-12', '房贷家庭', 1, 84, 309.99, '差旅消费', '2026-03-18', '保险潜客', 1, 90, 312.21, '代发工资', '2026-03-24', '房贷家庭', 1, 96, 314.43, '差旅消费', '2026-03-02', '保险潜客', 1, 102, 316.65, '代发工资', '2026-03-08', '房贷家庭', 1, 108, 318.87, '差旅消费', '2026-03-14', '保险潜客', 1, 114, 321.09, '代发工资', '2026-03-20', '房贷家庭', 1, 120, 323.31, '差旅消费', '2026-03-26', '保险潜客', 1, 126, 325.53, '代发工资', '2026-03-04', '房贷家庭', 1, 132, 327.75, '差旅消费', '2026-03-10', '保险潜客', 1, 138, 329.97, '代发工资', '2026-03-16', '房贷家庭', 1, 144, 332.19, '差旅消费', '2026-03-22', '保险潜客', 1, 150, 334.41, '代发工资', '2026-03-28', '房贷家庭', 1, 156, 336.63, '差旅消费', '2026-03-06', '保险潜客', 1, 162, 338.85, '代发工资', '2026-03-12', '房贷家庭', 1, 168, 341.07, '差旅消费', '2026-03-18', '保险潜客', 1, 174, 343.29, '代发工资', '2026-03-24', '房贷家庭', 1, 180, 345.51, '差旅消费', '2026-03-02', '保险潜客', 1, 186, 347.73, '代发工资', '2026-03-08', '房贷家庭', 1, 192, 349.95, '差旅消费', '2026-03-14', '保险潜客', 1, 198, 352.17, '代发工资', '2026-03-20', '房贷家庭', 1, 204, 354.39, '差旅消费', '2026-03-26', '保险潜客', 1, 210, 356.61, '代发工资', '2026-03-04', '房贷家庭', 1, 216, 358.83, '差旅消费', '2026-03-10', '保险潜客', 1, 222, 361.05, '代发工资', '2026-03-16', '房贷家庭', 1, 228, 363.27, '差旅消费', '2026-03-22', '保险潜客', 1, 234, 365.49, '代发工资', '2026-03-28', '房贷家庭', 1, 240, 367.71, '差旅消费', '2026-03-06', '保险潜客', 1, 246, 369.93, '代发工资', '2026-03-12', '房贷家庭', 1, 252, 372.15, '差旅消费', '2026-03-18', '保险潜客', 1, 258, 374.37, '代发工资', '2026-03-24', '房贷家庭', 1, 264, 376.59, '差旅消费', '2026-03-02', '保险潜客', 1, 270, 378.81, '代发工资', '2026-03-08', '房贷家庭', 1, 276, 381.03, '差旅消费', '2026-03-14', '保险潜客', 1, 282, 383.25, '代发工资', '2026-03-20', '房贷家庭', 1, 288, 385.47, '差旅消费', '2026-03-26', '保险潜客', 1, 294, 387.69, '代发工资', '2026-03-04', '房贷家庭', 1, 300, 389.91, '差旅消费', '2026-03-10', '保险潜客', 1, 306, 392.13, '代发工资', '2026-03-16', '房贷家庭', 1, 312, 394.35, '差旅消费', '2026-03-22', '保险潜客', 1, 318, 396.57, '代发工资', '2026-03-28', '房贷家庭', 1, 324, 398.79, '差旅消费', '2026-03-06', '保险潜客', 1, 330, 401.01, '代发工资', '2026-03-12', '房贷家庭', 1, 336, 403.23, '差旅消费', '2026-03-18', '保险潜客', 1, 342, 405.45, '代发工资', '2026-03-24', '房贷家庭', 1, 348, 407.67, '差旅消费', '2026-03-02', '保险潜客', 1, 354, 409.89, '代发工资', '2026-03-08', '房贷家庭', 1, 360, 412.11, '差旅消费', '2026-03-14', '保险潜客', 1, 366, 414.33, '代发工资', '2026-03-20', '房贷家庭', 1, 372, 416.55, '差旅消费', '2026-03-26', '保险潜客', 1, 378, 418.77, '代发工资', '2026-03-04', '房贷家庭', 1, 384, 420.99, '差旅消费', '2026-03-10', '保险潜客', 1, 390, 423.21, '代发工资', '2026-03-16', '房贷家庭', 1, 396, 425.43, '差旅消费', '2026-03-22', '保险潜客', 1, 402, 427.65, '代发工资', '2026-03-28', '房贷家庭', 1, 408, 429.87, '差旅消费', '2026-03-06', '保险潜客', 1, 414, 432.09, '代发工资', '2026-03-12', '房贷家庭', 1, 420, 434.31, '差旅消费', '2026-03-18', '保险潜客', 1, 426, 436.53, '代发工资', '2026-03-24', '房贷家庭', 1, 432, 438.75, '差旅消费', '2026-03-02', '保险潜客', 1, 438, 440.97, '代发工资', '2026-03-08', '房贷家庭', 1, 444, 443.19, '差旅消费', '2026-03-14', '保险潜客', 1, 450, 445.41, '代发工资', '2026-03-20', '房贷家庭', 1, 456, 447.63, '差旅消费', '2026-03-26', '保险潜客', 1, 462, 449.85, '代发工资', '2026-03-04', '房贷家庭', 1, 468, 452.07, '差旅消费', '2026-03-10', '保险潜客', 1, 474, 454.29, '代发工资', '2026-03-16', '房贷家庭', 1, 480, 456.51, '差旅消费', '2026-03-22', '保险潜客', 1, 486, 458.73, '代发工资', '2026-03-28', '房贷家庭', 1, 492, 460.95, '差旅消费', '2026-03-06', '保险潜客', 1, 498, 463.17, '代发工资', '2026-03-12', '房贷家庭', 1, 504, 465.39, '差旅消费', '2026-03-18', '保险潜客', 1, 510, 467.61, '代发工资', '2026-03-24', '房贷家庭', 1, 516, 469.83, '差旅消费', '2026-03-02', '保险潜客'),
  (1018, '2026-04-18', '李娜', 'HE********1018', '138****1018', 1, 43, '财富客户', '深圳', '广东', 3, '私人银行顾问', '2024-06-18', '财富客户', 160.9, 40.7, 9.0, 24.0, 27.0, 0.54, 0, 1, 0, 4, 803, 'A+', 3, '网上银行', 39, '2026-04-21', '高', '财富客户', 0.19, 136.5, '高净值客户,基金投资者,手机银行活跃', 1, '2026-04-20 10:00:00', '2026-04-21 18:00:00', 0, 63, 313.61, '教育储蓄', '2026-03-23', '交叉销售候选', 0, 69, 315.83, '基金投资者', '2026-03-01', '小微企业主', 0, 75, 318.05, '教育储蓄', '2026-03-07', '交叉销售候选', 0, 81, 320.27, '基金投资者', '2026-03-13', '小微企业主', 0, 87, 322.49, '教育储蓄', '2026-03-19', '交叉销售候选', 0, 93, 324.71, '基金投资者', '2026-03-25', '小微企业主', 0, 99, 326.93, '教育储蓄', '2026-03-03', '交叉销售候选', 0, 105, 329.15, '基金投资者', '2026-03-09', '小微企业主', 0, 111, 331.37, '教育储蓄', '2026-03-15', '交叉销售候选', 0, 117, 333.59, '基金投资者', '2026-03-21', '小微企业主', 0, 123, 335.81, '教育储蓄', '2026-03-27', '交叉销售候选', 0, 129, 338.03, '基金投资者', '2026-03-05', '小微企业主', 0, 135, 340.25, '教育储蓄', '2026-03-11', '交叉销售候选', 0, 141, 342.47, '基金投资者', '2026-03-17', '小微企业主', 0, 147, 344.69, '教育储蓄', '2026-03-23', '交叉销售候选', 0, 153, 346.91, '基金投资者', '2026-03-01', '小微企业主', 0, 159, 349.13, '教育储蓄', '2026-03-07', '交叉销售候选', 0, 165, 351.35, '基金投资者', '2026-03-13', '小微企业主', 0, 171, 353.57, '教育储蓄', '2026-03-19', '交叉销售候选', 0, 177, 355.79, '基金投资者', '2026-03-25', '小微企业主', 0, 183, 358.01, '教育储蓄', '2026-03-03', '交叉销售候选', 0, 189, 360.23, '基金投资者', '2026-03-09', '小微企业主', 0, 195, 362.45, '教育储蓄', '2026-03-15', '交叉销售候选', 0, 201, 364.67, '基金投资者', '2026-03-21', '小微企业主', 0, 207, 366.89, '教育储蓄', '2026-03-27', '交叉销售候选', 0, 213, 369.11, '基金投资者', '2026-03-05', '小微企业主', 0, 219, 371.33, '教育储蓄', '2026-03-11', '交叉销售候选', 0, 225, 373.55, '基金投资者', '2026-03-17', '小微企业主', 0, 231, 375.77, '教育储蓄', '2026-03-23', '交叉销售候选', 0, 237, 377.99, '基金投资者', '2026-03-01', '小微企业主', 0, 243, 380.21, '教育储蓄', '2026-03-07', '交叉销售候选', 0, 249, 382.43, '基金投资者', '2026-03-13', '小微企业主', 0, 255, 384.65, '教育储蓄', '2026-03-19', '交叉销售候选', 0, 261, 386.87, '基金投资者', '2026-03-25', '小微企业主', 0, 267, 389.09, '教育储蓄', '2026-03-03', '交叉销售候选', 0, 273, 391.31, '基金投资者', '2026-03-09', '小微企业主', 0, 279, 393.53, '教育储蓄', '2026-03-15', '交叉销售候选', 0, 285, 395.75, '基金投资者', '2026-03-21', '小微企业主', 0, 291, 397.97, '教育储蓄', '2026-03-27', '交叉销售候选', 0, 297, 400.19, '基金投资者', '2026-03-05', '小微企业主', 0, 303, 402.41, '教育储蓄', '2026-03-11', '交叉销售候选', 0, 309, 404.63, '基金投资者', '2026-03-17', '小微企业主', 0, 315, 406.85, '教育储蓄', '2026-03-23', '交叉销售候选', 0, 321, 409.07, '基金投资者', '2026-03-01', '小微企业主', 0, 327, 411.29, '教育储蓄', '2026-03-07', '交叉销售候选', 0, 333, 413.51, '基金投资者', '2026-03-13', '小微企业主', 0, 339, 415.73, '教育储蓄', '2026-03-19', '交叉销售候选', 0, 345, 417.95, '基金投资者', '2026-03-25', '小微企业主', 0, 351, 420.17, '教育储蓄', '2026-03-03', '交叉销售候选', 0, 357, 422.39, '基金投资者', '2026-03-09', '小微企业主', 0, 363, 424.61, '教育储蓄', '2026-03-15', '交叉销售候选', 0, 369, 426.83, '基金投资者', '2026-03-21', '小微企业主', 0, 375, 429.05, '教育储蓄', '2026-03-27', '交叉销售候选', 0, 381, 431.27, '基金投资者', '2026-03-05', '小微企业主', 0, 387, 433.49, '教育储蓄', '2026-03-11', '交叉销售候选', 0, 393, 435.71, '基金投资者', '2026-03-17', '小微企业主', 0, 399, 437.93, '教育储蓄', '2026-03-23', '交叉销售候选', 0, 405, 440.15, '基金投资者', '2026-03-01', '小微企业主', 0, 411, 442.37, '教育储蓄', '2026-03-07', '交叉销售候选', 0, 417, 444.59, '基金投资者', '2026-03-13', '小微企业主', 0, 423, 446.81, '教育储蓄', '2026-03-19', '交叉销售候选', 0, 429, 449.03, '基金投资者', '2026-03-25', '小微企业主', 0, 435, 451.25, '教育储蓄', '2026-03-03', '交叉销售候选', 0, 441, 453.47, '基金投资者', '2026-03-09', '小微企业主', 0, 447, 455.69, '教育储蓄', '2026-03-15', '交叉销售候选', 0, 453, 457.91, '基金投资者', '2026-03-21', '小微企业主', 0, 459, 460.13, '教育储蓄', '2026-03-27', '交叉销售候选', 0, 465, 462.35, '基金投资者', '2026-03-05', '小微企业主', 0, 471, 464.57, '教育储蓄', '2026-03-11', '交叉销售候选', 0, 477, 466.79, '基金投资者', '2026-03-17', '小微企业主', 0, 483, 469.01, '教育储蓄', '2026-03-23', '交叉销售候选', 0, 489, 471.23, '基金投资者', '2026-03-01', '小微企业主', 0, 495, 473.45, '教育储蓄', '2026-03-07', '交叉销售候选', 0, 501, 475.67, '基金投资者', '2026-03-13', '小微企业主', 0, 507, 477.89, '教育储蓄', '2026-03-19', '交叉销售候选', 0, 513, 480.11, '基金投资者', '2026-03-25', '小微企业主', 0, 519, 482.33, '教育储蓄', '2026-03-03', '交叉销售候选'),
  (1019, '2026-04-19', '刘洋', 'GU********1019', '138****1019', 2, 40, '成熟客户', '杭州', '浙江', 4, '小微企业主', '2024-07-19', '成熟客户', 172.6, 42.8, 11.6, 36.0, 2.0, 0.96, 1, 1, 0, 5, 812, 'AA', 1, '微信小程序', 41, '2026-04-22', '严重', '成熟客户', 0.26, 141.0, '高净值客户,基金投资者,手机银行活跃', 0, '2026-04-20 10:00:00', '2026-04-22 18:00:00', 1, 66, 326.11, '保险潜客', '2026-03-24', '数字活跃', 1, 72, 328.33, '房贷家庭', '2026-03-02', '风险关注', 1, 78, 330.55, '保险潜客', '2026-03-08', '数字活跃', 1, 84, 332.77, '房贷家庭', '2026-03-14', '风险关注', 1, 90, 334.99, '保险潜客', '2026-03-20', '数字活跃', 1, 96, 337.21, '房贷家庭', '2026-03-26', '风险关注', 1, 102, 339.43, '保险潜客', '2026-03-04', '数字活跃', 1, 108, 341.65, '房贷家庭', '2026-03-10', '风险关注', 1, 114, 343.87, '保险潜客', '2026-03-16', '数字活跃', 1, 120, 346.09, '房贷家庭', '2026-03-22', '风险关注', 1, 126, 348.31, '保险潜客', '2026-03-28', '数字活跃', 1, 132, 350.53, '房贷家庭', '2026-03-06', '风险关注', 1, 138, 352.75, '保险潜客', '2026-03-12', '数字活跃', 1, 144, 354.97, '房贷家庭', '2026-03-18', '风险关注', 1, 150, 357.19, '保险潜客', '2026-03-24', '数字活跃', 1, 156, 359.41, '房贷家庭', '2026-03-02', '风险关注', 1, 162, 361.63, '保险潜客', '2026-03-08', '数字活跃', 1, 168, 363.85, '房贷家庭', '2026-03-14', '风险关注', 1, 174, 366.07, '保险潜客', '2026-03-20', '数字活跃', 1, 180, 368.29, '房贷家庭', '2026-03-26', '风险关注', 1, 186, 370.51, '保险潜客', '2026-03-04', '数字活跃', 1, 192, 372.73, '房贷家庭', '2026-03-10', '风险关注', 1, 198, 374.95, '保险潜客', '2026-03-16', '数字活跃', 1, 204, 377.17, '房贷家庭', '2026-03-22', '风险关注', 1, 210, 379.39, '保险潜客', '2026-03-28', '数字活跃', 1, 216, 381.61, '房贷家庭', '2026-03-06', '风险关注', 1, 222, 383.83, '保险潜客', '2026-03-12', '数字活跃', 1, 228, 386.05, '房贷家庭', '2026-03-18', '风险关注', 1, 234, 388.27, '保险潜客', '2026-03-24', '数字活跃', 1, 240, 390.49, '房贷家庭', '2026-03-02', '风险关注', 1, 246, 392.71, '保险潜客', '2026-03-08', '数字活跃', 1, 252, 394.93, '房贷家庭', '2026-03-14', '风险关注', 1, 258, 397.15, '保险潜客', '2026-03-20', '数字活跃', 1, 264, 399.37, '房贷家庭', '2026-03-26', '风险关注', 1, 270, 401.59, '保险潜客', '2026-03-04', '数字活跃', 1, 276, 403.81, '房贷家庭', '2026-03-10', '风险关注', 1, 282, 406.03, '保险潜客', '2026-03-16', '数字活跃', 1, 288, 408.25, '房贷家庭', '2026-03-22', '风险关注', 1, 294, 410.47, '保险潜客', '2026-03-28', '数字活跃', 1, 300, 412.69, '房贷家庭', '2026-03-06', '风险关注', 1, 306, 414.91, '保险潜客', '2026-03-12', '数字活跃', 1, 312, 417.13, '房贷家庭', '2026-03-18', '风险关注', 1, 318, 419.35, '保险潜客', '2026-03-24', '数字活跃', 1, 324, 421.57, '房贷家庭', '2026-03-02', '风险关注', 1, 330, 423.79, '保险潜客', '2026-03-08', '数字活跃', 1, 336, 426.01, '房贷家庭', '2026-03-14', '风险关注', 1, 342, 428.23, '保险潜客', '2026-03-20', '数字活跃', 1, 348, 430.45, '房贷家庭', '2026-03-26', '风险关注', 1, 354, 432.67, '保险潜客', '2026-03-04', '数字活跃', 1, 360, 434.89, '房贷家庭', '2026-03-10', '风险关注', 1, 366, 437.11, '保险潜客', '2026-03-16', '数字活跃', 1, 372, 439.33, '房贷家庭', '2026-03-22', '风险关注', 1, 378, 441.55, '保险潜客', '2026-03-28', '数字活跃', 1, 384, 443.77, '房贷家庭', '2026-03-06', '风险关注', 1, 390, 445.99, '保险潜客', '2026-03-12', '数字活跃', 1, 396, 448.21, '房贷家庭', '2026-03-18', '风险关注', 1, 402, 450.43, '保险潜客', '2026-03-24', '数字活跃', 1, 408, 452.65, '房贷家庭', '2026-03-02', '风险关注', 1, 414, 454.87, '保险潜客', '2026-03-08', '数字活跃', 1, 420, 457.09, '房贷家庭', '2026-03-14', '风险关注', 1, 426, 459.31, '保险潜客', '2026-03-20', '数字活跃', 1, 432, 461.53, '房贷家庭', '2026-03-26', '风险关注', 1, 438, 463.75, '保险潜客', '2026-03-04', '数字活跃', 1, 444, 465.97, '房贷家庭', '2026-03-10', '风险关注', 1, 450, 468.19, '保险潜客', '2026-03-16', '数字活跃', 1, 456, 470.41, '房贷家庭', '2026-03-22', '风险关注', 1, 462, 472.63, '保险潜客', '2026-03-28', '数字活跃', 1, 468, 474.85, '房贷家庭', '2026-03-06', '风险关注', 1, 474, 477.07, '保险潜客', '2026-03-12', '数字活跃', 1, 480, 479.29, '房贷家庭', '2026-03-18', '风险关注', 1, 486, 481.51, '保险潜客', '2026-03-24', '数字活跃', 1, 492, 483.73, '房贷家庭', '2026-03-02', '风险关注', 1, 498, 485.95, '保险潜客', '2026-03-08', '数字活跃', 1, 504, 488.17, '房贷家庭', '2026-03-14', '风险关注', 1, 510, 490.39, '保险潜客', '2026-03-20', '数字活跃', 1, 516, 492.61, '房贷家庭', '2026-03-26', '风险关注', 1, 522, 494.83, '保险潜客', '2026-03-04', '数字活跃'),
  (1020, '2026-04-20', '陈晨', 'YU********1020', '138****1020', 1, 38, '私行客户', '成都', '四川', 5, '教师', '2024-08-20', '私行客户', 184.3, 44.9, 14.2, 48.0, 7.0, 1.38, 0, 1, 0, 6, 821, 'AAA', 1, '开放接口', 43, '2026-04-23', '低', '私行客户', 0.33, 145.5, '高净值客户,基金投资者,手机银行活跃', 0, '2026-04-20 10:00:00', '2026-04-23 18:00:00', 0, 69, 338.61, '交叉销售候选', '2026-03-25', '网点偏好', 0, 75, 340.83, '小微企业主', '2026-03-03', '养老规划', 0, 81, 343.05, '交叉销售候选', '2026-03-09', '网点偏好', 0, 87, 345.27, '小微企业主', '2026-03-15', '养老规划', 0, 93, 347.49, '交叉销售候选', '2026-03-21', '网点偏好', 0, 99, 349.71, '小微企业主', '2026-03-27', '养老规划', 0, 105, 351.93, '交叉销售候选', '2026-03-05', '网点偏好', 0, 111, 354.15, '小微企业主', '2026-03-11', '养老规划', 0, 117, 356.37, '交叉销售候选', '2026-03-17', '网点偏好', 0, 123, 358.59, '小微企业主', '2026-03-23', '养老规划', 0, 129, 360.81, '交叉销售候选', '2026-03-01', '网点偏好', 0, 135, 363.03, '小微企业主', '2026-03-07', '养老规划', 0, 141, 365.25, '交叉销售候选', '2026-03-13', '网点偏好', 0, 147, 367.47, '小微企业主', '2026-03-19', '养老规划', 0, 153, 369.69, '交叉销售候选', '2026-03-25', '网点偏好', 0, 159, 371.91, '小微企业主', '2026-03-03', '养老规划', 0, 165, 374.13, '交叉销售候选', '2026-03-09', '网点偏好', 0, 171, 376.35, '小微企业主', '2026-03-15', '养老规划', 0, 177, 378.57, '交叉销售候选', '2026-03-21', '网点偏好', 0, 183, 380.79, '小微企业主', '2026-03-27', '养老规划', 0, 189, 383.01, '交叉销售候选', '2026-03-05', '网点偏好', 0, 195, 385.23, '小微企业主', '2026-03-11', '养老规划', 0, 201, 387.45, '交叉销售候选', '2026-03-17', '网点偏好', 0, 207, 389.67, '小微企业主', '2026-03-23', '养老规划', 0, 213, 391.89, '交叉销售候选', '2026-03-01', '网点偏好', 0, 219, 394.11, '小微企业主', '2026-03-07', '养老规划', 0, 225, 396.33, '交叉销售候选', '2026-03-13', '网点偏好', 0, 231, 398.55, '小微企业主', '2026-03-19', '养老规划', 0, 237, 400.77, '交叉销售候选', '2026-03-25', '网点偏好', 0, 243, 402.99, '小微企业主', '2026-03-03', '养老规划', 0, 249, 405.21, '交叉销售候选', '2026-03-09', '网点偏好', 0, 255, 407.43, '小微企业主', '2026-03-15', '养老规划', 0, 261, 409.65, '交叉销售候选', '2026-03-21', '网点偏好', 0, 267, 411.87, '小微企业主', '2026-03-27', '养老规划', 0, 273, 414.09, '交叉销售候选', '2026-03-05', '网点偏好', 0, 279, 416.31, '小微企业主', '2026-03-11', '养老规划', 0, 285, 418.53, '交叉销售候选', '2026-03-17', '网点偏好', 0, 291, 420.75, '小微企业主', '2026-03-23', '养老规划', 0, 297, 422.97, '交叉销售候选', '2026-03-01', '网点偏好', 0, 303, 425.19, '小微企业主', '2026-03-07', '养老规划', 0, 309, 427.41, '交叉销售候选', '2026-03-13', '网点偏好', 0, 315, 429.63, '小微企业主', '2026-03-19', '养老规划', 0, 321, 431.85, '交叉销售候选', '2026-03-25', '网点偏好', 0, 327, 434.07, '小微企业主', '2026-03-03', '养老规划', 0, 333, 436.29, '交叉销售候选', '2026-03-09', '网点偏好', 0, 339, 438.51, '小微企业主', '2026-03-15', '养老规划', 0, 345, 440.73, '交叉销售候选', '2026-03-21', '网点偏好', 0, 351, 442.95, '小微企业主', '2026-03-27', '养老规划', 0, 357, 445.17, '交叉销售候选', '2026-03-05', '网点偏好', 0, 363, 447.39, '小微企业主', '2026-03-11', '养老规划', 0, 369, 449.61, '交叉销售候选', '2026-03-17', '网点偏好', 0, 375, 451.83, '小微企业主', '2026-03-23', '养老规划', 0, 381, 454.05, '交叉销售候选', '2026-03-01', '网点偏好', 0, 387, 456.27, '小微企业主', '2026-03-07', '养老规划', 0, 393, 458.49, '交叉销售候选', '2026-03-13', '网点偏好', 0, 399, 460.71, '小微企业主', '2026-03-19', '养老规划', 0, 405, 462.93, '交叉销售候选', '2026-03-25', '网点偏好', 0, 411, 465.15, '小微企业主', '2026-03-03', '养老规划', 0, 417, 467.37, '交叉销售候选', '2026-03-09', '网点偏好', 0, 423, 469.59, '小微企业主', '2026-03-15', '养老规划', 0, 429, 471.81, '交叉销售候选', '2026-03-21', '网点偏好', 0, 435, 474.03, '小微企业主', '2026-03-27', '养老规划', 0, 441, 476.25, '交叉销售候选', '2026-03-05', '网点偏好', 0, 447, 478.47, '小微企业主', '2026-03-11', '养老规划', 0, 453, 480.69, '交叉销售候选', '2026-03-17', '网点偏好', 0, 459, 482.91, '小微企业主', '2026-03-23', '养老规划', 0, 465, 485.13, '交叉销售候选', '2026-03-01', '网点偏好', 0, 471, 487.35, '小微企业主', '2026-03-07', '养老规划', 0, 477, 489.57, '交叉销售候选', '2026-03-13', '网点偏好', 0, 483, 491.79, '小微企业主', '2026-03-19', '养老规划', 0, 489, 494.01, '交叉销售候选', '2026-03-25', '网点偏好', 0, 495, 496.23, '小微企业主', '2026-03-03', '养老规划', 0, 501, 498.45, '交叉销售候选', '2026-03-09', '网点偏好', 0, 507, 500.67, '小微企业主', '2026-03-15', '养老规划', 0, 513, 502.89, '交叉销售候选', '2026-03-21', '网点偏好', 0, 519, 505.11, '小微企业主', '2026-03-27', '养老规划', 0, 525, 507.33, '交叉销售候选', '2026-03-05', '网点偏好');
