-- ================================================================
-- Database: doris_showcase
-- Type: English mock data
-- Source: generated from current Doris table metadata.
-- Execute after schema SQL.
-- ================================================================

CREATE DATABASE IF NOT EXISTS doris_showcase;
USE doris_showcase;

-- Table: aum_metrics
TRUNCATE TABLE `aum_metrics`;
INSERT INTO `aum_metrics` (`metric_date`, `product_type`, `aum_amount`, `client_count`, `avg_holding`, `inflow`, `yoy_growth`, `created_at`) VALUES
  ('2025-04-01', 'Retail', 10.25, 10, 10.25, 10.25, 0.05, '2025-04-01 09:01:00'),
  ('2025-04-02', 'Wealth', 20.50, 20, 20.50, 20.50, 0.10, '2025-04-02 09:02:00'),
  ('2025-04-03', 'Credit', 30.75, 30, 30.75, 30.75, 0.15, '2025-04-03 09:03:00'),
  ('2025-04-04', 'Risk', 41.00, 40, 41.00, 41.00, 0.20, '2025-04-04 09:04:00'),
  ('2025-04-05', 'Operation', 51.25, 50, 51.25, 51.25, 0.25, '2025-04-05 09:05:00');

-- Table: avatar_label
TRUNCATE TABLE avatar_label;
INSERT INTO avatar_label (`label_id`, `label_name`, `category`, `color`, `label_desc`, `label_embedding`, `user_count`, `create_time`) VALUES
  (1, 'High Net Worth', 'asset', '#F59E0B', 'High Net Worth customers identified from bank transaction, product, channel and behavior signals.', [0.25, 0.32, 0.39, 0.46, 0.53, 0.6, 0.67, 0.74], 5, '2026-04-20 09:00:00'),
  (2, 'Fund Investor', 'product', '#06B6D4', 'Fund Investor customers identified from bank transaction, product, channel and behavior signals.', [0.38, 0.45, 0.52, 0.59, 0.66, 0.73, 0.8, 0.17], 5, '2026-04-20 09:00:00'),
  (3, 'Mobile Banking Active', 'channel', '#10B981', 'Mobile Banking Active customers identified from bank transaction, product, channel and behavior signals.', [0.51, 0.58, 0.65, 0.72, 0.79, 0.16, 0.23, 0.3], 7, '2026-04-20 09:00:00'),
  (4, 'Salary Customer', 'customer', '#3B82F6', 'Salary Customer customers identified from bank transaction, product, channel and behavior signals.', [0.64, 0.71, 0.78, 0.15, 0.22, 0.29, 0.36, 0.43], 4, '2026-04-20 09:00:00'),
  (5, 'Credit Card Active', 'product', '#8B5CF6', 'Credit Card Active customers identified from bank transaction, product, channel and behavior signals.', [0.77, 0.14, 0.21, 0.28, 0.35, 0.42, 0.49, 0.56], 5, '2026-04-20 09:00:00'),
  (6, 'Wealth Product Interest', 'product', '#F43F5E', 'Wealth Product Interest customers identified from bank transaction, product, channel and behavior signals.', [0.2, 0.27, 0.34, 0.41, 0.48, 0.55, 0.62, 0.69], 3, '2026-04-20 09:00:00'),
  (7, 'Cross-sell Candidate', 'growth', '#14B8A6', 'Cross-sell Candidate customers identified from bank transaction, product, channel and behavior signals.', [0.33, 0.4, 0.47, 0.54, 0.61, 0.68, 0.75, 0.12], 4, '2026-04-20 09:00:00'),
  (8, 'SME Owner', 'business', '#EC4899', 'SME Owner customers identified from bank transaction, product, channel and behavior signals.', [0.46, 0.53, 0.6, 0.67, 0.74, 0.81, 0.18, 0.25], 3, '2026-04-20 09:00:00'),
  (9, 'Loan Risk Watch', 'risk', '#94A3B8', 'Loan Risk Watch customers identified from bank transaction, product, channel and behavior signals.', [0.59, 0.66, 0.73, 0.8, 0.17, 0.24, 0.31, 0.38], 2, '2026-04-20 09:00:00'),
  (10, 'Branch Preferred', 'channel', '#22C55E', 'Branch Preferred customers identified from bank transaction, product, channel and behavior signals.', [0.72, 0.79, 0.16, 0.23, 0.3, 0.37, 0.44, 0.51], 4, '2026-04-20 09:00:00'),
  (11, 'Family Finance', 'product', '#A855F7', 'Family Finance customers identified from bank transaction, product, channel and behavior signals.', [0.15, 0.22, 0.29, 0.36, 0.43, 0.5, 0.57, 0.64], 3, '2026-04-20 09:00:00'),
  (12, 'Insurance Potential', 'product', '#F97316', 'Insurance Potential customers identified from bank transaction, product, channel and behavior signals.', [0.28, 0.35, 0.42, 0.49, 0.56, 0.63, 0.7, 0.77], 4, '2026-04-20 09:00:00'),
  (13, 'Mortgage Customer', 'product', '#0EA5E9', 'Mortgage Customer customers identified from bank transaction, product, channel and behavior signals.', [0.41, 0.48, 0.55, 0.62, 0.69, 0.76, 0.13, 0.2], 3, '2026-04-20 09:00:00'),
  (14, 'Young Professional', 'customer', '#84CC16', 'Young Professional customers identified from bank transaction, product, channel and behavior signals.', [0.54, 0.61, 0.68, 0.75, 0.12, 0.19, 0.26, 0.33], 3, '2026-04-20 09:00:00'),
  (15, 'Retirement Planning', 'product', '#EF4444', 'Retirement Planning customers identified from bank transaction, product, channel and behavior signals.', [0.67, 0.74, 0.81, 0.18, 0.25, 0.32, 0.39, 0.46], 3, '2026-04-20 09:00:00'),
  (16, 'Dormant App User', 'activity', '#6366F1', 'Dormant App User customers identified from bank transaction, product, channel and behavior signals.', [0.8, 0.17, 0.24, 0.31, 0.38, 0.45, 0.52, 0.59], 1, '2026-04-20 09:00:00'),
  (17, 'Churn Risk', 'risk', '#D946EF', 'Churn Risk customers identified from bank transaction, product, channel and behavior signals.', [0.23, 0.3, 0.37, 0.44, 0.51, 0.58, 0.65, 0.72], 1, '2026-04-20 09:00:00');

-- Table: bank_system_log
TRUNCATE TABLE `bank_system_log`;
INSERT INTO `bank_system_log` (`log_id`, `log_date`, `log_time`, `user_id`, `user_name`, `session_id`, `log_source`, `log_level`, `operation`, `ip_address`, `device_info`, `amount`, `result_code`, `error_msg`, `risk_score`, `log_content`, `created_at`) VALUES
  (10001, '2025-04-01', '2025-04-01 09:01:00', 'bank_sys_001', 'User 1', 'bank_sys_001', 'bank_system_log_log_source_1', 'L1', 'bank_system_log_operation_1', 'bank_system_log_ip_address_1', 'bank_system_log_device_info_1', 10.2500, 'C0001', 'bank_system_log_error_msg_1', 0.05, 'English mock description for bank_system_log row 1', '2025-04-01 09:01:00'),
  (10002, '2025-04-02', '2025-04-02 09:02:00', 'bank_sys_002', 'User 2', 'bank_sys_002', 'bank_system_log_log_source_2', 'L2', 'bank_system_log_operation_2', 'bank_system_log_ip_address_2', 'bank_system_log_device_info_2', 20.5000, 'C0002', 'bank_system_log_error_msg_2', 0.10, 'English mock description for bank_system_log row 2', '2025-04-02 09:02:00'),
  (10003, '2025-04-03', '2025-04-03 09:03:00', 'bank_sys_003', 'User 3', 'bank_sys_003', 'bank_system_log_log_source_3', 'L3', 'bank_system_log_operation_3', 'bank_system_log_ip_address_3', 'bank_system_log_device_info_3', 30.7500, 'C0003', 'bank_system_log_error_msg_3', 0.15, 'English mock description for bank_system_log row 3', '2025-04-03 09:03:00'),
  (10004, '2025-04-04', '2025-04-04 09:04:00', 'bank_sys_004', 'User 4', 'bank_sys_004', 'bank_system_log_log_source_4', 'L4', 'bank_system_log_operation_4', 'bank_system_log_ip_address_4', 'bank_system_log_device_info_4', 41.0000, 'C0004', 'bank_system_log_error_msg_4', 0.20, 'English mock description for bank_system_log row 4', '2025-04-04 09:04:00'),
  (10005, '2025-04-05', '2025-04-05 09:05:00', 'bank_sys_005', 'User 5', 'bank_sys_005', 'bank_system_log_log_source_5', 'L5', 'bank_system_log_operation_5', 'bank_system_log_ip_address_5', 'bank_system_log_device_info_5', 51.2500, 'C0005', 'bank_system_log_error_msg_5', 0.25, 'English mock description for bank_system_log row 5', '2025-04-05 09:05:00');

-- Table: bank_system_log_ai_result
TRUNCATE TABLE `bank_system_log_ai_result`;
INSERT INTO `bank_system_log_ai_result` (`log_id`, `log_content`, `ai_tag`) VALUES
  (10001, 'English mock description for bank_system_log_ai_result row 1', 'bank_system_log_ai_result_ai_tag_1'),
  (10002, 'English mock description for bank_system_log_ai_result row 2', 'bank_system_log_ai_result_ai_tag_2'),
  (10003, 'English mock description for bank_system_log_ai_result row 3', 'bank_system_log_ai_result_ai_tag_3'),
  (10004, 'English mock description for bank_system_log_ai_result row 4', 'bank_system_log_ai_result_ai_tag_4'),
  (10005, 'English mock description for bank_system_log_ai_result row 5', 'bank_system_log_ai_result_ai_tag_5');

-- Table: bank_system_log_bak
TRUNCATE TABLE `bank_system_log_bak`;
INSERT INTO `bank_system_log_bak` (`log_id`, `log_time`, `log_level`, `system_module`, `log_content`, `ip_addr`, `device_info`, `ai_tag`) VALUES
  (10001, '2025-04-01 09:01:00', 'L1', 'bank_system_log_bak_system_module_1', 'English mock description for bank_system_log_bak row 1', 'bank_system_log_bak_ip_addr_1', 'bank_system_log_bak_device_info_1', 'bank_system_log_bak_ai_tag_1'),
  (10002, '2025-04-02 09:02:00', 'L2', 'bank_system_log_bak_system_module_2', 'English mock description for bank_system_log_bak row 2', 'bank_system_log_bak_ip_addr_2', 'bank_system_log_bak_device_info_2', 'bank_system_log_bak_ai_tag_2'),
  (10003, '2025-04-03 09:03:00', 'L3', 'bank_system_log_bak_system_module_3', 'English mock description for bank_system_log_bak row 3', 'bank_system_log_bak_ip_addr_3', 'bank_system_log_bak_device_info_3', 'bank_system_log_bak_ai_tag_3'),
  (10004, '2025-04-04 09:04:00', 'L4', 'bank_system_log_bak_system_module_4', 'English mock description for bank_system_log_bak row 4', 'bank_system_log_bak_ip_addr_4', 'bank_system_log_bak_device_info_4', 'bank_system_log_bak_ai_tag_4'),
  (10005, '2025-04-05 09:05:00', 'L5', 'bank_system_log_bak_system_module_5', 'English mock description for bank_system_log_bak row 5', 'bank_system_log_bak_ip_addr_5', 'bank_system_log_bak_device_info_5', 'bank_system_log_bak_ai_tag_5');

-- Table: bank_system_log_tagged
TRUNCATE TABLE `bank_system_log_tagged`;
INSERT INTO `bank_system_log_tagged` (`log_id`, `log_date`, `log_time`, `user_id`, `user_name`, `log_source`, `operation`, `amount`, `risk_score`, `log_content`, `ai_tag`, `ai_tag_group`, `is_exception`, `is_risk`, `classify_time`, `classify_method`) VALUES
  (10001, '2025-04-01', '2025-04-01 09:01:00', 'bank_sys_001', 'User 1', 'bank_system_log_tagged_log_sourc', 'bank_system_log_tagged_operation_1', 10.2500, 0.05, 'English mock description for bank_system_log_tagged row 1', 'bank_system_log_tagged_ai_tag_1', 'bank_system_log_', 1, 1, '2025-04-01 09:01:00', 'bank_system_log_'),
  (10002, '2025-04-02', '2025-04-02 09:02:00', 'bank_sys_002', 'User 2', 'bank_system_log_tagged_log_sourc', 'bank_system_log_tagged_operation_2', 20.5000, 0.10, 'English mock description for bank_system_log_tagged row 2', 'bank_system_log_tagged_ai_tag_2', 'bank_system_log_', 0, 0, '2025-04-02 09:02:00', 'bank_system_log_'),
  (10003, '2025-04-03', '2025-04-03 09:03:00', 'bank_sys_003', 'User 3', 'bank_system_log_tagged_log_sourc', 'bank_system_log_tagged_operation_3', 30.7500, 0.15, 'English mock description for bank_system_log_tagged row 3', 'bank_system_log_tagged_ai_tag_3', 'bank_system_log_', 1, 1, '2025-04-03 09:03:00', 'bank_system_log_'),
  (10004, '2025-04-04', '2025-04-04 09:04:00', 'bank_sys_004', 'User 4', 'bank_system_log_tagged_log_sourc', 'bank_system_log_tagged_operation_4', 41.0000, 0.20, 'English mock description for bank_system_log_tagged row 4', 'bank_system_log_tagged_ai_tag_4', 'bank_system_log_', 0, 0, '2025-04-04 09:04:00', 'bank_system_log_'),
  (10005, '2025-04-05', '2025-04-05 09:05:00', 'bank_sys_005', 'User 5', 'bank_system_log_tagged_log_sourc', 'bank_system_log_tagged_operation_5', 51.2500, 0.25, 'English mock description for bank_system_log_tagged row 5', 'bank_system_log_tagged_ai_tag_5', 'bank_system_log_', 1, 1, '2025-04-05 09:05:00', 'bank_system_log_');

-- Table: bank_system_log_with_ai
TRUNCATE TABLE `bank_system_log_with_ai`;
INSERT INTO `bank_system_log_with_ai` (`log_id`, `log_time`, `log_level`, `system_module`, `log_content`, `ai_tag`) VALUES
  (10001, '2025-04-01 09:01:00', 'L1', 'bank_system_log_with_ai_system_module_1', 'English mock description for bank_system_log_with_ai row 1', 'bank_system_log_with_ai_ai_tag_1'),
  (10002, '2025-04-02 09:02:00', 'L2', 'bank_system_log_with_ai_system_module_2', 'English mock description for bank_system_log_with_ai row 2', 'bank_system_log_with_ai_ai_tag_2'),
  (10003, '2025-04-03 09:03:00', 'L3', 'bank_system_log_with_ai_system_module_3', 'English mock description for bank_system_log_with_ai row 3', 'bank_system_log_with_ai_ai_tag_3'),
  (10004, '2025-04-04 09:04:00', 'L4', 'bank_system_log_with_ai_system_module_4', 'English mock description for bank_system_log_with_ai row 4', 'bank_system_log_with_ai_ai_tag_4'),
  (10005, '2025-04-05 09:05:00', 'L5', 'bank_system_log_with_ai_system_module_5', 'English mock description for bank_system_log_with_ai row 5', 'bank_system_log_with_ai_ai_tag_5');

-- Table: biz_metrics
TRUNCATE TABLE `biz_metrics`;
INSERT INTO `biz_metrics` (`metric_date`, `metric_type`, `amount`, `yoy_growth`, `mom_growth`, `target_amount`, `created_at`) VALUES
  ('2025-04-01', 'Revenue', 10.25, 0.05, 0.05, 10.25, '2025-04-01 09:01:00'),
  ('2025-04-02', 'Cost', 20.50, 0.10, 0.10, 20.50, '2025-04-02 09:02:00'),
  ('2025-04-03', 'Profit', 30.75, 0.15, 0.15, 30.75, '2025-04-03 09:03:00'),
  ('2025-04-04', 'GMV', 41.00, 0.20, 0.20, 41.00, '2025-04-04 09:04:00'),
  ('2025-04-05', 'Fee', 51.25, 0.25, 0.25, 51.25, '2025-04-05 09:05:00');

-- Table: bj_metro_daily_flow
TRUNCATE TABLE `bj_metro_daily_flow`;
INSERT INTO `bj_metro_daily_flow` (`flow_date`, `station_id`, `line_id`, `inbound_count`, `outbound_count`, `peak_inbound`) VALUES
  ('2025-04-01', 'bj_metro_001', 'bj_metro_0', 10, 10, 1),
  ('2025-04-02', 'bj_metro_002', 'bj_metro_0', 20, 20, 2),
  ('2025-04-03', 'bj_metro_003', 'bj_metro_0', 30, 30, 3),
  ('2025-04-04', 'bj_metro_004', 'bj_metro_0', 40, 40, 4),
  ('2025-04-05', 'bj_metro_005', 'bj_metro_0', 50, 50, 5);

-- Table: bj_metro_fault_log
TRUNCATE TABLE `bj_metro_fault_log`;
INSERT INTO `bj_metro_fault_log` (`fault_id`, `fault_time`, `line_id`, `station_id`, `device_type`, `fault_type`, `severity`, `description`, `resolve_time`, `resolve_min`, `status`, `handler`) VALUES
  ('bj_metro_001', '2025-04-01 09:01:00', 'bj_metro_0', 'bj_metro_001', 'Retail', 'Retail', 'bj_metro_fault_log_s', 'English mock description for bj_metro_fault_log row 1', '2025-04-01 09:01:00', 1, 'Normal', 'bj_metro_fault_log_handler_1'),
  ('bj_metro_002', '2025-04-02 09:02:00', 'bj_metro_0', 'bj_metro_002', 'Wealth', 'Wealth', 'bj_metro_fault_log_s', 'English mock description for bj_metro_fault_log row 2', '2025-04-02 09:02:00', 2, 'Running', 'bj_metro_fault_log_handler_2'),
  ('bj_metro_003', '2025-04-03 09:03:00', 'bj_metro_0', 'bj_metro_003', 'Credit', 'Credit', 'bj_metro_fault_log_s', 'English mock description for bj_metro_fault_log row 3', '2025-04-03 09:03:00', 3, 'Success', 'bj_metro_fault_log_handler_3'),
  ('bj_metro_004', '2025-04-04 09:04:00', 'bj_metro_0', 'bj_metro_004', 'Risk', 'Risk', 'bj_metro_fault_log_s', 'English mock description for bj_metro_fault_log row 4', '2025-04-04 09:04:00', 4, 'Active', 'bj_metro_fault_log_handler_4'),
  ('bj_metro_005', '2025-04-05 09:05:00', 'bj_metro_0', 'bj_metro_005', 'Operation', 'Operation', 'bj_metro_fault_log_s', 'English mock description for bj_metro_fault_log row 5', '2025-04-05 09:05:00', 5, 'Completed', 'bj_metro_fault_log_handler_5');

-- Table: bj_metro_hourly_flow
TRUNCATE TABLE `bj_metro_hourly_flow`;
INSERT INTO `bj_metro_hourly_flow` (`flow_date`, `flow_hour`, `line_id`, `total_passengers`, `overcapacity_cnt`) VALUES
  ('2025-04-01', 1, 'bj_metro_0', 1, 10),
  ('2025-04-02', 2, 'bj_metro_0', 2, 20),
  ('2025-04-03', 3, 'bj_metro_0', 3, 30),
  ('2025-04-04', 4, 'bj_metro_0', 4, 40),
  ('2025-04-05', 5, 'bj_metro_0', 5, 50);

-- Table: bj_metro_lines
TRUNCATE TABLE `bj_metro_lines`;
INSERT INTO `bj_metro_lines` (`line_id`, `line_name`, `line_color`, `total_stations`, `total_length_km`, `open_year`, `daily_capacity_w`, `peak_interval_s`, `offpeak_interval_s`, `status`) VALUES
  ('bj_metro_0', 'Line 1', 'bj_metro_l', 1, 10.25, 1, 1, 1, 1, 'Normal'),
  ('bj_metro_0', 'Line 2', 'bj_metro_l', 2, 20.50, 2, 2, 2, 2, 'Running'),
  ('bj_metro_0', 'Line 3', 'bj_metro_l', 3, 30.75, 3, 3, 3, 3, 'Success'),
  ('bj_metro_0', 'Line 4', 'bj_metro_l', 4, 41.00, 4, 4, 4, 4, 'Active'),
  ('bj_metro_0', 'Line 5', 'bj_metro_l', 5, 51.25, 5, 5, 5, 5, 'Completed');

-- Table: bj_metro_train_ops
TRUNCATE TABLE `bj_metro_train_ops`;
INSERT INTO `bj_metro_train_ops` (`ops_date`, `line_id`, `planned_trains`, `actual_trains`, `punctuality_rate`, `delay_count`, `max_delay_sec`, `total_mileage_km`, `fault_count`) VALUES
  ('2025-04-01', 'bj_metro_0', 1, 1, 0.0500, 10, 1, 26, 10),
  ('2025-04-02', 'bj_metro_0', 2, 2, 0.1000, 20, 2, 27, 20),
  ('2025-04-03', 'bj_metro_0', 3, 3, 0.1500, 30, 3, 28, 30),
  ('2025-04-04', 'bj_metro_0', 4, 4, 0.2000, 40, 4, 29, 40),
  ('2025-04-05', 'bj_metro_0', 5, 5, 0.2500, 50, 5, 30, 50);

-- Table: db_call_log
TRUNCATE TABLE `db_call_log`;
INSERT INTO `db_call_log` (`trace_id`, `span_id`, `call_time`, `operation`, `table_name`, `sql_text`, `duration_ms`, `rows_returned`, `offset_ms`, `error_message`) VALUES
  ('db_call__001', 'db_call__001', '2025-04-01 09:01:00', 'db_call_log_oper', 'Table 1', 'INSERT INTO target_table SELECT * FROM source_table', 0.0500, 1, 1, 'English mock description for db_call_log row 1'),
  ('db_call__002', 'db_call__002', '2025-04-02 09:02:00', 'db_call_log_oper', 'Table 2', 'INSERT INTO target_table SELECT * FROM source_table', 0.1000, 2, 2, 'English mock description for db_call_log row 2'),
  ('db_call__003', 'db_call__003', '2025-04-03 09:03:00', 'db_call_log_oper', 'Table 3', 'INSERT INTO target_table SELECT * FROM source_table', 0.1500, 3, 3, 'English mock description for db_call_log row 3'),
  ('db_call__004', 'db_call__004', '2025-04-04 09:04:00', 'db_call_log_oper', 'Table 4', 'INSERT INTO target_table SELECT * FROM source_table', 0.2000, 4, 4, 'English mock description for db_call_log row 4'),
  ('db_call__005', 'db_call__005', '2025-04-05 09:05:00', 'db_call_log_oper', 'Table 5', 'INSERT INTO target_table SELECT * FROM source_table', 0.2500, 5, 5, 'English mock description for db_call_log row 5');

-- Table: fund_basic
TRUNCATE TABLE `fund_basic`;
INSERT INTO `fund_basic` (`fund_id`, `fund_name`, `fund_type`, `sector_tag`, `manager_id`, `risk_level`, `fee_rate`, `inception_date`, `nav_yesterday`, `cumulative_nav`, `realtime_iopv`, `iopv_deviation`, `capital_inflow`, `capital_outflow`, `capital_net`, `trade_status`, `ret_1m`, `ret_3m`, `ret_6m`, `ret_1y`, `ret_inception`, `sharpe`, `sortino`, `alpha`, `beta`, `max_drawdown`, `volatility`, `update_ts`) VALUES
  ('fund_bas_0', 'Fund 1', 'Retail', 'fund_basic_sector_ta', 'fund_bas_0', 1, 0.0500, '2025-04-01', 1.1100, 1.1100, 1.1100, 1.1100, 1.1100, 1.1100, 1.1100, 'Normal', 1.1100, 1.1100, 1.1100, 1.1100, 1.1100, 1.1100, 1.1100, 1.1100, 1.1100, 1.1100, 1.1100, '2025-04-01 09:01:00'),
  ('fund_bas_0', 'Fund 2', 'Wealth', 'fund_basic_sector_ta', 'fund_bas_0', 2, 0.1000, '2025-04-02', 2.2200, 2.2200, 2.2200, 2.2200, 2.2200, 2.2200, 2.2200, 'Running', 2.2200, 2.2200, 2.2200, 2.2200, 2.2200, 2.2200, 2.2200, 2.2200, 2.2200, 2.2200, 2.2200, '2025-04-02 09:02:00'),
  ('fund_bas_0', 'Fund 3', 'Credit', 'fund_basic_sector_ta', 'fund_bas_0', 3, 0.1500, '2025-04-03', 3.3300, 3.3300, 3.3300, 3.3300, 3.3300, 3.3300, 3.3300, 'Success', 3.3300, 3.3300, 3.3300, 3.3300, 3.3300, 3.3300, 3.3300, 3.3300, 3.3300, 3.3300, 3.3300, '2025-04-03 09:03:00'),
  ('fund_bas_0', 'Fund 4', 'Risk', 'fund_basic_sector_ta', 'fund_bas_0', 4, 0.2000, '2025-04-04', 4.4400, 4.4400, 4.4400, 4.4400, 4.4400, 4.4400, 4.4400, 'Active', 4.4400, 4.4400, 4.4400, 4.4400, 4.4400, 4.4400, 4.4400, 4.4400, 4.4400, 4.4400, 4.4400, '2025-04-04 09:04:00'),
  ('fund_bas_0', 'Fund 5', 'Operation', 'fund_basic_sector_ta', 'fund_bas_0', 5, 0.2500, '2025-04-05', 5.5500, 5.5500, 5.5500, 5.5500, 5.5500, 5.5500, 5.5500, 'Completed', 5.5500, 5.5500, 5.5500, 5.5500, 5.5500, 5.5500, 5.5500, 5.5500, 5.5500, 5.5500, 5.5500, '2025-04-05 09:05:00');

-- Table: fund_manager
TRUNCATE TABLE `fund_manager`;
INSERT INTO `fund_manager` (`manager_id`, `name`, `tenure_years`, `aum_bn`, `style_tag`, `turnover_rate`, `avg_alpha`, `total_return`, `max_drawdown`, `sharpe`) VALUES
  ('fund_man_0', 'Fund Manager 1', 1.1100, 1000.25, 'fund_manager_style_t', 0.0500, 1.1100, 1.1100, 1.1100, 1.1100),
  ('fund_man_0', 'Fund Manager 2', 2.2200, 2000.50, 'fund_manager_style_t', 0.1000, 2.2200, 2.2200, 2.2200, 2.2200),
  ('fund_man_0', 'Fund Manager 3', 3.3300, 3000.75, 'fund_manager_style_t', 0.1500, 3.3300, 3.3300, 3.3300, 3.3300),
  ('fund_man_0', 'Fund Manager 4', 4.4400, 4001.00, 'fund_manager_style_t', 0.2000, 4.4400, 4.4400, 4.4400, 4.4400),
  ('fund_man_0', 'Fund Manager 5', 5.5500, 5001.25, 'fund_manager_style_t', 0.2500, 5.5500, 5.5500, 5.5500, 5.5500);

-- Table: fund_nav_history
TRUNCATE TABLE `fund_nav_history`;
INSERT INTO `fund_nav_history` (`trade_date`, `fund_id`, `nav`, `cumulative_nav`, `daily_return`, `benchmark_ret`, `excess_ret`, `drawdown`, `rolling_sharpe`, `rolling_alpha`, `script_name`, `script_color`) VALUES
  ('2025-04-01', 'fund_nav_0', 1.1100, 1.1100, 1.1100, 1.1100, 1.1100, 1.1100, 1.1100, 1.1100, 'Script 1', 'fund_nav_h'),
  ('2025-04-02', 'fund_nav_0', 2.2200, 2.2200, 2.2200, 2.2200, 2.2200, 2.2200, 2.2200, 2.2200, 'Script 2', 'fund_nav_h'),
  ('2025-04-03', 'fund_nav_0', 3.3300, 3.3300, 3.3300, 3.3300, 3.3300, 3.3300, 3.3300, 3.3300, 'Script 3', 'fund_nav_h'),
  ('2025-04-04', 'fund_nav_0', 4.4400, 4.4400, 4.4400, 4.4400, 4.4400, 4.4400, 4.4400, 4.4400, 'Script 4', 'fund_nav_h'),
  ('2025-04-05', 'fund_nav_0', 5.5500, 5.5500, 5.5500, 5.5500, 5.5500, 5.5500, 5.5500, 5.5500, 'Script 5', 'fund_nav_h');

-- Table: fund_position
TRUNCATE TABLE `fund_position`;
INSERT INTO `fund_position` (`fund_id`, `report_date`, `stock_code`, `stock_name`, `sector_l1`, `weight_pct`, `market_value_mn`, `price_contrib`, `alpha_contrib`) VALUES
  ('fund_pos_0', '2025-04-01', 'C0001', 'Stock 1', 'fund_position_sector', 0.0500, 1.1100, 1000.25, 1.1100),
  ('fund_pos_0', '2025-04-02', 'C0002', 'Stock 2', 'fund_position_sector', 0.1000, 2.2200, 2000.50, 2.2200),
  ('fund_pos_0', '2025-04-03', 'C0003', 'Stock 3', 'fund_position_sector', 0.1500, 3.3300, 3000.75, 3.3300),
  ('fund_pos_0', '2025-04-04', 'C0004', 'Stock 4', 'fund_position_sector', 0.2000, 4.4400, 4001.00, 4.4400),
  ('fund_pos_0', '2025-04-05', 'C0005', 'Stock 5', 'fund_position_sector', 0.2500, 5.5500, 5001.25, 5.5500);

-- Table: ground_station
TRUNCATE TABLE `ground_station`;
INSERT INTO `ground_station` (`station_id`, `station_name`, `location`, `latitude`, `longitude`, `station_type`, `status`, `antenna_count`, `coverage_radius_km`, `daily_contacts`, `uptime_pct`) VALUES
  (10001, 'Station 1', 'ground_station_location_1', 1.1100, 1.1100, 'Retail', 'Normal', 10, 26, 1, 0.0500),
  (10002, 'Station 2', 'ground_station_location_2', 2.2200, 2.2200, 'Wealth', 'Running', 20, 27, 2, 0.1000),
  (10003, 'Station 3', 'ground_station_location_3', 3.3300, 3.3300, 'Credit', 'Success', 30, 28, 3, 0.1500),
  (10004, 'Station 4', 'ground_station_location_4', 4.4400, 4.4400, 'Risk', 'Active', 40, 29, 4, 0.2000),
  (10005, 'Station 5', 'ground_station_location_5', 5.5500, 5.5500, 'Operation', 'Completed', 50, 30, 5, 0.2500);

-- Table: mdm_jfmat
TRUNCATE TABLE `mdm_jfmat`;
INSERT INTO `mdm_jfmat` (`code`, `active`, `property_full`, `material_name`, `thread_spec`, `performance_grade`, `standard_code`) VALUES
  ('C0001', 1, 'mdm_jfmat_property_full_1', 'Material 1', 'mdm_jfmat_thread_spec_1', 'mdm_jfmat_performance_grade_1', 'C0001'),
  ('C0002', 2, 'mdm_jfmat_property_full_2', 'Material 2', 'mdm_jfmat_thread_spec_2', 'mdm_jfmat_performance_grade_2', 'C0002'),
  ('C0003', 3, 'mdm_jfmat_property_full_3', 'Material 3', 'mdm_jfmat_thread_spec_3', 'mdm_jfmat_performance_grade_3', 'C0003'),
  ('C0004', 4, 'mdm_jfmat_property_full_4', 'Material 4', 'mdm_jfmat_thread_spec_4', 'mdm_jfmat_performance_grade_4', 'C0004'),
  ('C0005', 5, 'mdm_jfmat_property_full_5', 'Material 5', 'mdm_jfmat_thread_spec_5', 'mdm_jfmat_performance_grade_5', 'C0005');

-- Table: mfg_metrics_v2
TRUNCATE TABLE `mfg_metrics_v2`;
INSERT INTO `mfg_metrics_v2` (`ts`, `machine_id`, `line_id`, `machine_type`, `script_name`, `script_color`, `temperature`, `bearing_temp`, `coolant_temp`, `vibration`, `noise_level`, `spindle_speed`, `feed_rate`, `cutting_force`, `torque`, `motor_current`, `power_kw`, `hydraulic_bar`, `air_pressure`, `coolant_flow`, `tool_wear_pct`, `oee`, `availability`, `performance_rate`, `quality_rate`, `output_count`, `planned_output`, `defect_count`, `scrap_count`, `rework_count`, `cycle_time_s`, `plan_cycle_s`, `run_hours`, `yield_rate`, `first_pass_yield`, `scrap_rate`, `rework_rate`, `cpk_value`, `ppm_value`, `surface_roughness`, `dimensional_error`, `hardness_hrc`, `tensile_strength`, `energy_kwh`, `energy_per_unit`, `co2_kg`, `env_temp`, `env_humidity`, `coolant_consumed_l`, `compressed_air_m3`, `water_l`, `tool_change_cnt`, `alarm_count`, `unplanned_down_min`, `planned_down_min`, `mtbf_h`) VALUES
  ('2025-04-01 09:01:00', 'mfg_metr_001', 'mfg_metr_0', 'Retail', 'Script 1', 'mfg_metric', 1.1100, 1.1100, 1.1100, 0.0500, 1, 1, 0.0500, 1.1100, 1.1100, 1.1100, 1.1100, 1.1100, 1.1100, 1.1100, 0.0500, 1.1100, 1.1100, 0.0500, 0.0500, 10, 1, 10, 10, 10, 1.1100, 1.1100, 1.1100, 0.0500, 1.1100, 0.0500, 0.0500, 1.1100, 1, 1.1100, 1.1100, 1.1100, 1.1100, 1.1100, 1.1100, 1.1100, 1.1100, 1.1100, 1.1100, 1.1100, 1.1100, 10, 10, 1.1100, 1.1100, 1.1100),
  ('2025-04-02 09:02:00', 'mfg_metr_002', 'mfg_metr_0', 'Wealth', 'Script 2', 'mfg_metric', 2.2200, 2.2200, 2.2200, 0.1000, 2, 2, 0.1000, 2.2200, 2.2200, 2.2200, 2.2200, 2.2200, 2.2200, 2.2200, 0.1000, 2.2200, 2.2200, 0.1000, 0.1000, 20, 2, 20, 20, 20, 2.2200, 2.2200, 2.2200, 0.1000, 2.2200, 0.1000, 0.1000, 2.2200, 2, 2.2200, 2.2200, 2.2200, 2.2200, 2.2200, 2.2200, 2.2200, 2.2200, 2.2200, 2.2200, 2.2200, 2.2200, 20, 20, 2.2200, 2.2200, 2.2200),
  ('2025-04-03 09:03:00', 'mfg_metr_003', 'mfg_metr_0', 'Credit', 'Script 3', 'mfg_metric', 3.3300, 3.3300, 3.3300, 0.1500, 3, 3, 0.1500, 3.3300, 3.3300, 3.3300, 3.3300, 3.3300, 3.3300, 3.3300, 0.1500, 3.3300, 3.3300, 0.1500, 0.1500, 30, 3, 30, 30, 30, 3.3300, 3.3300, 3.3300, 0.1500, 3.3300, 0.1500, 0.1500, 3.3300, 3, 3.3300, 3.3300, 3.3300, 3.3300, 3.3300, 3.3300, 3.3300, 3.3300, 3.3300, 3.3300, 3.3300, 3.3300, 30, 30, 3.3300, 3.3300, 3.3300),
  ('2025-04-04 09:04:00', 'mfg_metr_004', 'mfg_metr_0', 'Risk', 'Script 4', 'mfg_metric', 4.4400, 4.4400, 4.4400, 0.2000, 4, 4, 0.2000, 4.4400, 4.4400, 4.4400, 4.4400, 4.4400, 4.4400, 4.4400, 0.2000, 4.4400, 4.4400, 0.2000, 0.2000, 40, 4, 40, 40, 40, 4.4400, 4.4400, 4.4400, 0.2000, 4.4400, 0.2000, 0.2000, 4.4400, 4, 4.4400, 4.4400, 4.4400, 4.4400, 4.4400, 4.4400, 4.4400, 4.4400, 4.4400, 4.4400, 4.4400, 4.4400, 40, 40, 4.4400, 4.4400, 4.4400),
  ('2025-04-05 09:05:00', 'mfg_metr_005', 'mfg_metr_0', 'Operation', 'Script 5', 'mfg_metric', 5.5500, 5.5500, 5.5500, 0.2500, 5, 5, 0.2500, 5.5500, 5.5500, 5.5500, 5.5500, 5.5500, 5.5500, 5.5500, 0.2500, 5.5500, 5.5500, 0.2500, 0.2500, 50, 5, 50, 50, 50, 5.5500, 5.5500, 5.5500, 0.2500, 5.5500, 0.2500, 0.2500, 5.5500, 5, 5.5500, 5.5500, 5.5500, 5.5500, 5.5500, 5.5500, 5.5500, 5.5500, 5.5500, 5.5500, 5.5500, 5.5500, 50, 50, 5.5500, 5.5500, 5.5500);

-- Table: mfg_production_metrics
TRUNCATE TABLE `mfg_production_metrics`;
INSERT INTO `mfg_production_metrics` (`ts`, `machine_id`, `line_id`, `temperature`, `vibration`, `output_count`, `defect_count`, `oee`, `yield_rate`, `script_name`, `script_color`) VALUES
  ('2025-04-01 09:01:00', 'mfg_prod_001', 'mfg_prod_0', 1.1100, 0.0500, 10, 10, 1.1100, 0.0500, 'Script 1', 'mfg_produc'),
  ('2025-04-02 09:02:00', 'mfg_prod_002', 'mfg_prod_0', 2.2200, 0.1000, 20, 20, 2.2200, 0.1000, 'Script 2', 'mfg_produc'),
  ('2025-04-03 09:03:00', 'mfg_prod_003', 'mfg_prod_0', 3.3300, 0.1500, 30, 30, 3.3300, 0.1500, 'Script 3', 'mfg_produc'),
  ('2025-04-04 09:04:00', 'mfg_prod_004', 'mfg_prod_0', 4.4400, 0.2000, 40, 40, 4.4400, 0.2000, 'Script 4', 'mfg_produc'),
  ('2025-04-05 09:05:00', 'mfg_prod_005', 'mfg_prod_0', 5.5500, 0.2500, 50, 50, 5.5500, 0.2500, 'Script 5', 'mfg_produc');

-- Table: news_article
TRUNCATE TABLE `news_article`;
INSERT INTO `news_article` (`article_id`, `publish_ts`, `title`, `content`, `source`, `sector_tag`, `ai_summary`, `summarized`, `ai_sentiment`, `sentiment_score`, `sentiment_done`, `ai_extract`, `extracted`, `ai_method`) VALUES
  ('INV001', '2026-04-01 09:01:00', 'Multi-asset outlook: investors rotate from cash into duration, quality equities and gold hedges', 'Global portfolio managers are beginning the second quarter with a more balanced risk budget after nearly two years of unusually high cash allocations. The central investment debate is no longer whether interest rates will remain restrictive, but how quickly inflation can fall without forcing a sharp decline in corporate earnings. Several large asset allocators now expect policy rates in the United States and Europe to move lower over the next twelve months, creating a more constructive backdrop for intermediate duration bonds and high quality equities. The change is meaningful because money market funds still hold a record level of assets, and even a modest rotation out of cash could provide steady demand for government bonds, investment grade credit and companies with visible free cash flow.

The report recommends a barbell approach rather than a full risk-on position. On one side, investors are increasing exposure to five to seven year government bonds, agency mortgage securities and high grade corporate debt, where yields remain attractive relative to the last decade. On the other side, equity allocations are being concentrated in profitable technology platforms, health care leaders and financial companies with strong capital ratios. Analysts argue that the strongest franchises can protect margins even if nominal growth cools. They also highlight that buyback activity is recovering, which may provide an additional source of earnings-per-share support.

However, the outlook is not one dimensional. Energy supply risk, fiscal deficits and election uncertainty could keep volatility elevated. Gold is therefore being used as a portfolio hedge rather than a pure directional trade. The metal has benefited from central bank purchases and from investors seeking protection against geopolitical shocks. Strategists caution that a rapid rebound in inflation would hurt both bonds and equities, while a hard landing would pressure cyclical earnings. The preferred investment stance is gradual deployment of cash, disciplined rebalancing and avoiding excessive leverage. In short, the opportunity set has improved, but investors are being paid to diversify rather than chase a single theme.', 'Global Asset Review', 'Macro', NULL, 0, NULL, NULL, 0, NULL, 0, 'PENDING'),
  ('INV002', '2026-04-02 09:02:00', 'Bank dividend strategy returns as loan growth stabilizes and credit costs peak', 'Bank equities are attracting renewed attention from income-oriented investors after a difficult period of deposit competition, margin compression and worries about commercial real estate exposure. The latest sector review from several brokerage desks suggests that the worst phase of funding pressure may have passed. Deposit betas have stopped rising in many markets, wholesale funding spreads are narrowing and loan repricing is catching up with the higher rate environment. Although loan growth remains moderate, the combination of stable net interest margins and disciplined cost control is improving visibility for earnings.

Dividend strategies are particularly relevant because many large banks continue to trade below long-term valuation averages while offering payout yields above broader equity benchmarks. Analysts argue that investors do not need aggressive loan expansion for the sector to work. A steady balance sheet, lower credit migration and reliable capital return may be enough to drive total return. Stress test results in major markets also suggest that systemically important banks have sufficient capital buffers to continue dividends and selective share repurchases. For long-term portfolios, the sector can provide cash flow, value exposure and a partial hedge against a scenario where rates stay higher for longer.

The article also points out the risks that should not be ignored. Commercial real estate losses may still rise, especially in office portfolios with weak occupancy. Smaller regional banks remain more vulnerable to deposit volatility and securities losses. In emerging markets, property-related credit exposure and local government financing vehicles require careful review. The recommended approach is therefore selective: focus on banks with granular deposits, conservative provisioning, high common equity tier one ratios and clear digital banking efficiency gains. The report concludes that bank dividends are not a risk-free carry trade, but the risk-reward profile has improved enough to justify a higher allocation in balanced income portfolios.', 'Institutional Banking Weekly', 'Financials', NULL, 0, NULL, NULL, 0, NULL, 0, 'PENDING'),
  ('INV003', '2026-04-03 09:03:00', 'AI semiconductor supply chain broadens beyond GPUs as memory, networking and power components re-rate', 'The artificial intelligence semiconductor trade is moving into its second phase. During the first phase, investor attention was concentrated on graphics processors and the immediate beneficiaries of data center accelerator demand. The new phase is broader and more complex. Hyperscale cloud companies are still ordering large volumes of accelerators, but bottlenecks have shifted toward high bandwidth memory, advanced packaging capacity, optical networking modules, power management chips and liquid cooling infrastructure. This broadening matters for investors because earnings revisions are now appearing across a wider set of suppliers rather than only at the most visible AI leaders.

Memory makers are experiencing one of the clearest changes in fundamentals. High bandwidth memory requires more wafer capacity and tighter process control than commodity DRAM, which is improving pricing power for leading suppliers. Advanced packaging is another constraint. Chip-on-wafer-on-substrate capacity remains limited, and foundries with proven packaging ecosystems are able to command premium pricing. Networking companies are also benefiting as larger AI clusters require faster switching, lower latency and more reliable optical interconnects. In parallel, power semiconductor companies are seeing stronger demand because AI servers consume significantly more electricity than traditional servers.

The article warns that valuation discipline is becoming more important. Some AI supply chain stocks already discount several years of strong growth, leaving little margin for execution delays. Export controls, customer concentration and capital expenditure cyclicality remain important risks. Still, the structural demand drivers appear durable: enterprise AI adoption is moving from pilots to production, sovereign AI projects are being funded and cloud providers are competing to secure compute capacity. The recommended strategy is to combine core exposure to dominant platforms with selective positions in underappreciated enablers such as memory packaging, testing equipment, optical modules and power delivery. Investors should focus on companies with pricing power, capacity scarcity and long-term customer commitments.', 'Technology Investment Journal', 'Semiconductors', NULL, 0, NULL, NULL, 0, NULL, 0, 'PENDING'),
  ('INV004', '2026-04-04 09:04:00', 'Renewable energy investing shifts from capacity growth to profitability, grid access and overseas execution', 'Renewable energy remains one of the largest structural investment themes, but the criteria for selecting winners are changing. For several years, the market rewarded companies that expanded capacity quickly and captured share in solar modules, batteries and wind equipment. That approach is now less effective because many segments are dealing with excess supply, falling product prices and weaker returns on incremental capital. Investors are shifting their focus from headline shipment growth to profitability, grid access, technology differentiation and overseas execution.

Solar is the clearest example of this transition. Module prices have fallen sharply as new capacity entered the market, putting pressure on manufacturers with weaker cost positions. Companies with advanced cell technology, integrated supply chains and strong overseas channels are better placed, but even leaders need to manage inventory and capital expenditure carefully. In batteries, electric vehicle demand is still growing, yet pricing pressure is intense. Energy storage offers a more attractive demand curve because grid operators and commercial customers need storage to balance renewable generation. However, project profitability depends on software, safety performance, financing cost and local service capability, not only cell cost.

The article argues that grid equipment and storage integration may provide a more stable investment angle than commodity manufacturing. Transmission upgrades, digital substations, inverters and energy management systems are becoming bottlenecks for renewable deployment. Companies with engineering capability and international certifications can benefit from infrastructure spending in Europe, the Middle East, Latin America and Southeast Asia. Policy risk remains significant, including tariffs, local content rules and subsidy changes. The recommended approach is to avoid highly leveraged capacity expansion stories and favor firms with positive free cash flow, diversified customer bases and proven overseas delivery. Renewable investing is not over; it is becoming more selective and more focused on execution quality.', 'Clean Energy Capital', 'Renewables', NULL, 0, NULL, NULL, 0, NULL, 0, 'PENDING'),
  ('INV005', '2026-04-05 09:05:00', 'Consumer recovery becomes more selective as premium services outperform mass discretionary goods', 'The consumer sector is recovering, but the pattern is far from uniform. Household balance sheets are improving gradually, employment expectations are stabilizing and travel demand remains resilient. Yet consumers are still price sensitive in many discretionary categories, especially furniture, apparel and lower-end electronics. This creates a selective investment environment where companies exposed to premium services, tourism, sports events, health management and membership-based retail are performing better than companies reliant on broad-based impulse spending.

The strongest data points are coming from experience consumption. Hotel occupancy, outbound travel bookings and restaurant reservations are all above last year levels in major cities. Consumers appear willing to pay for experiences that create social value or save time, while delaying purchases of durable goods that can be postponed. Digital platforms with strong user data and merchant networks are capturing this shift by offering targeted promotions, loyalty programs and bundled services. Premium brands are also outperforming when they maintain pricing power and product scarcity, although growth rates are normalizing from the post-pandemic surge.

For investors, the key is to distinguish between revenue recovery and margin recovery. Some retailers are generating sales growth only through discounts, which may not translate into earnings growth. Companies with efficient supply chains, strong private-label products or subscription models have more room to protect margins. The article recommends focusing on businesses with recurring customer engagement, low inventory risk and clear operating leverage. Risks include slower wage growth, higher savings preference and intense competition from value platforms. The conclusion is balanced: consumer spending is not weak enough to avoid the sector, but not broad enough to buy indiscriminately. Stock selection and category exposure matter more than top-down optimism.', 'Asia Consumer Strategy', 'Consumer', NULL, 0, NULL, NULL, 0, NULL, 0, 'PENDING');

-- Table: position_metrics
TRUNCATE TABLE `position_metrics`;
INSERT INTO `position_metrics` (`metric_date`, `asset_class`, `position_amount`, `position_ratio`, `market_value`, `profit_loss`, `pl_ratio`, `created_at`) VALUES
  ('2025-04-01', 'position_metrics_asset_class_1', 10.25, 0.05, 10.25, 10.25, 0.05, '2025-04-01 09:01:00'),
  ('2025-04-02', 'position_metrics_asset_class_2', 20.50, 0.10, 20.50, 20.50, 0.10, '2025-04-02 09:02:00'),
  ('2025-04-03', 'position_metrics_asset_class_3', 30.75, 0.15, 30.75, 30.75, 0.15, '2025-04-03 09:03:00'),
  ('2025-04-04', 'position_metrics_asset_class_4', 41.00, 0.20, 41.00, 41.00, 0.20, '2025-04-04 09:04:00'),
  ('2025-04-05', 'position_metrics_asset_class_5', 51.25, 0.25, 51.25, 51.25, 0.25, '2025-04-05 09:05:00');

-- Table: product_marketing
TRUNCATE TABLE `product_marketing`;
INSERT INTO `product_marketing` (`metric_date`, `product_name`, `category`, `sales_amount`, `sales_count`, `success_rate`, `customer_acquisition`, `repurchase_rate`, `rating`, `created_at`) VALUES
  ('2025-04-01', 'Product 1', 'Retail', 10.25, 10, 0.05, 1, 0.05, 10.2, '2025-04-01 09:01:00'),
  ('2025-04-02', 'Product 2', 'Wealth', 20.50, 20, 0.10, 2, 0.10, 20.5, '2025-04-02 09:02:00'),
  ('2025-04-03', 'Product 3', 'Credit', 30.75, 30, 0.15, 3, 0.15, 30.8, '2025-04-03 09:03:00'),
  ('2025-04-04', 'Product 4', 'Risk', 41.00, 40, 0.20, 4, 0.20, 41.0, '2025-04-04 09:04:00'),
  ('2025-04-05', 'Product 5', 'Operation', 51.25, 50, 0.25, 5, 0.25, 51.2, '2025-04-05 09:05:00');

-- Table: risk_metrics
TRUNCATE TABLE `risk_metrics`;
INSERT INTO `risk_metrics` (`metric_date`, `risk_level`, `exposure_amount`, `default_count`, `default_rate`, `coverage_ratio`, `overdue_amount`, `created_at`) VALUES
  ('2025-04-01', 'Low', 10.25, 10, 0.0500, 26, 10.25, '2025-04-01 09:01:00'),
  ('2025-04-02', 'Medium', 20.50, 20, 0.1000, 27, 20.50, '2025-04-02 09:02:00'),
  ('2025-04-03', 'High', 30.75, 30, 0.1500, 28, 30.75, '2025-04-03 09:03:00'),
  ('2025-04-04', 'Critical', 41.00, 40, 0.2000, 29, 41.00, '2025-04-04 09:04:00'),
  ('2025-04-05', 'Low', 51.25, 50, 0.2500, 30, 51.25, '2025-04-05 09:05:00');

-- Table: satellite_collect_data
TRUNCATE TABLE `satellite_collect_data`;
INSERT INTO `satellite_collect_data` (`id`, `satellite_id`, `satellite_name`, `satellite_type`, `sensor_id`, `collect_time`, `data_type`, `target_id`, `target_type`, `longitude`, `latitude`, `data_quality`, `data_size`, `status`, `task_id`, `created_at`) VALUES
  (10001, 'satellit_001', 'Satellite 1', 'Retail', 'satellit_001', 1, 'Retail', 'satellit_001', 'Retail', 10.250000, 10.250000, 1, 1, 'Normal', 'satellit_001', 1),
  (10002, 'satellit_002', 'Satellite 2', 'Wealth', 'satellit_002', 2, 'Wealth', 'satellit_002', 'Wealth', 20.500000, 20.500000, 2, 2, 'Running', 'satellit_002', 2),
  (10003, 'satellit_003', 'Satellite 3', 'Credit', 'satellit_003', 3, 'Credit', 'satellit_003', 'Credit', 30.750000, 30.750000, 3, 3, 'Success', 'satellit_003', 3),
  (10004, 'satellit_004', 'Satellite 4', 'Risk', 'satellit_004', 4, 'Risk', 'satellit_004', 'Risk', 41.000000, 41.000000, 4, 4, 'Active', 'satellit_004', 4),
  (10005, 'satellit_005', 'Satellite 5', 'Operation', 'satellit_005', 5, 'Operation', 'satellit_005', 'Operation', 51.250000, 51.250000, 5, 5, 'Completed', 'satellit_005', 5);

-- Table: satellite_info
TRUNCATE TABLE `satellite_info`;
INSERT INTO `satellite_info` (`satellite_id`, `satellite_name`, `satellite_type`, `orbit_type`, `launch_date`, `status`, `operator`, `country`, `altitude_km`, `inclination_deg`, `period_min`, `payload_type`, `mass_kg`) VALUES
  (10001, 'Satellite 1', 'Retail', 'Retail', '2025-04-01', 'Normal', 'satellite_info_operator_1', 'satellite_info_count', 1.1100, 1.1100, 1.1100, 'Retail', 1.1100),
  (10002, 'Satellite 2', 'Wealth', 'Wealth', '2025-04-02', 'Running', 'satellite_info_operator_2', 'satellite_info_count', 2.2200, 2.2200, 2.2200, 'Wealth', 2.2200),
  (10003, 'Satellite 3', 'Credit', 'Credit', '2025-04-03', 'Success', 'satellite_info_operator_3', 'satellite_info_count', 3.3300, 3.3300, 3.3300, 'Credit', 3.3300),
  (10004, 'Satellite 4', 'Risk', 'Risk', '2025-04-04', 'Active', 'satellite_info_operator_4', 'satellite_info_count', 4.4400, 4.4400, 4.4400, 'Risk', 4.4400),
  (10005, 'Satellite 5', 'Operation', 'Operation', '2025-04-05', 'Completed', 'satellite_info_operator_5', 'satellite_info_count', 5.5500, 5.5500, 5.5500, 'Operation', 5.5500);

-- Table: satellite_task
TRUNCATE TABLE `satellite_task`;
INSERT INTO `satellite_task` (`task_id`, `satellite_id`, `task_type`, `task_time`, `target_area`, `priority`, `status`, `duration_min`, `data_volume_gb`, `resolution_m`, `coverage_km2`) VALUES
  (10001, 10001, 'Retail', '2025-04-01 09:01:00', 'satellite_task_target_area_1', 1, 'Normal', 0.0500, 1.1100, 1.1100, 26),
  (10002, 10002, 'Wealth', '2025-04-02 09:02:00', 'satellite_task_target_area_2', 2, 'Running', 0.1000, 2.2200, 2.2200, 27),
  (10003, 10003, 'Credit', '2025-04-03 09:03:00', 'satellite_task_target_area_3', 3, 'Success', 0.1500, 3.3300, 3.3300, 28),
  (10004, 10004, 'Risk', '2025-04-04 09:04:00', 'satellite_task_target_area_4', 4, 'Active', 0.2000, 4.4400, 4.4400, 29),
  (10005, 10005, 'Operation', '2025-04-05 09:05:00', 'satellite_task_target_area_5', 5, 'Completed', 0.2500, 5.5500, 5.5500, 30);

-- Table: satellite_telemetry
TRUNCATE TABLE `satellite_telemetry`;
INSERT INTO `satellite_telemetry` (`record_id`, `satellite_id`, `record_time`, `battery_pct`, `solar_power_w`, `cpu_temp_c`, `signal_strength_db`, `orbit_altitude_km`, `attitude_roll`, `attitude_pitch`, `attitude_yaw`, `anomaly_flag`) VALUES
  (10001, 10001, '2025-04-01 09:01:00', 0.0500, 1.1100, 1.1100, 1.1100, 1.1100, 1.1100, 1.1100, 1.1100, 1),
  (10002, 10002, '2025-04-02 09:02:00', 0.1000, 2.2200, 2.2200, 2.2200, 2.2200, 2.2200, 2.2200, 2.2200, 0),
  (10003, 10003, '2025-04-03 09:03:00', 0.1500, 3.3300, 3.3300, 3.3300, 3.3300, 3.3300, 3.3300, 3.3300, 1),
  (10004, 10004, '2025-04-04 09:04:00', 0.2000, 4.4400, 4.4400, 4.4400, 4.4400, 4.4400, 4.4400, 4.4400, 0),
  (10005, 10005, '2025-04-05 09:05:00', 0.2500, 5.5500, 5.5500, 5.5500, 5.5500, 5.5500, 5.5500, 5.5500, 1);

-- Table: satellite_telemetry_hf
TRUNCATE TABLE `satellite_telemetry_hf`;
INSERT INTO `satellite_telemetry_hf` (`record_id`, `satellite_id`, `record_time`, `battery_pct`, `solar_power_w`, `cpu_temp_c`, `thermal_payload_c`, `signal_strength_db`, `link_snr_db`, `orbit_altitude_km`, `attitude_error_deg`, `data_buffer_pct`, `anomaly_flag`) VALUES
  (10001, 10001, '2025-04-01 09:01:00', 0.0500, 1.1100, 1.1100, 1.1100, 1.1100, 1.1100, 1.1100, 1.1100, 0.0500, 1),
  (10002, 10002, '2025-04-02 09:02:00', 0.1000, 2.2200, 2.2200, 2.2200, 2.2200, 2.2200, 2.2200, 2.2200, 0.1000, 0),
  (10003, 10003, '2025-04-03 09:03:00', 0.1500, 3.3300, 3.3300, 3.3300, 3.3300, 3.3300, 3.3300, 3.3300, 0.1500, 1),
  (10004, 10004, '2025-04-04 09:04:00', 0.2000, 4.4400, 4.4400, 4.4400, 4.4400, 4.4400, 4.4400, 4.4400, 0.2000, 0),
  (10005, 10005, '2025-04-05 09:05:00', 0.2500, 5.5500, 5.5500, 5.5500, 5.5500, 5.5500, 5.5500, 5.5500, 0.2500, 1);

-- Table: sec_account_snapshot
TRUNCATE TABLE `sec_account_snapshot`;
INSERT INTO `sec_account_snapshot` (`account_id`, `client_name`, `branch_id`, `branch_name`, `rm_name`, `client_tier`, `risk_level`, `total_asset`, `cash_amt`, `market_value`, `unrealized_pnl`, `pnl_pct`, `margin_debt`, `maintenance_ratio`, `concentration_pct`, `position_count`, `trade_count_today`, `turnover_today`, `last_trade_ts`, `update_ts`) VALUES
  ('sec_acco_001', 'Client 1', 'sec_acco_0', 'Branch 1', 'Rm 1', 'sec_account_snapshot', 1, 1.1100, 1.1100, 1.1100, 1.1100, 0.0500, 1.1100, 0.0500, 0.0500, 10, 10, 1.1100, '2025-04-01 09:01:00', '2025-04-01 09:01:00'),
  ('sec_acco_002', 'Client 2', 'sec_acco_0', 'Branch 2', 'Rm 2', 'sec_account_snapshot', 2, 2.2200, 2.2200, 2.2200, 2.2200, 0.1000, 2.2200, 0.1000, 0.1000, 20, 20, 2.2200, '2025-04-02 09:02:00', '2025-04-02 09:02:00'),
  ('sec_acco_003', 'Client 3', 'sec_acco_0', 'Branch 3', 'Rm 3', 'sec_account_snapshot', 3, 3.3300, 3.3300, 3.3300, 3.3300, 0.1500, 3.3300, 0.1500, 0.1500, 30, 30, 3.3300, '2025-04-03 09:03:00', '2025-04-03 09:03:00'),
  ('sec_acco_004', 'Client 4', 'sec_acco_0', 'Branch 4', 'Rm 4', 'sec_account_snapshot', 4, 4.4400, 4.4400, 4.4400, 4.4400, 0.2000, 4.4400, 0.2000, 0.2000, 40, 40, 4.4400, '2025-04-04 09:04:00', '2025-04-04 09:04:00'),
  ('sec_acco_005', 'Client 5', 'sec_acco_0', 'Branch 5', 'Rm 5', 'sec_account_snapshot', 5, 5.5500, 5.5500, 5.5500, 5.5500, 0.2500, 5.5500, 0.2500, 0.2500, 50, 50, 5.5500, '2025-04-05 09:05:00', '2025-04-05 09:05:00');

-- Table: sec_branch_metrics
TRUNCATE TABLE `sec_branch_metrics`;
INSERT INTO `sec_branch_metrics` (`ts`, `branch_id`, `branch_name`, `turnover_amt`, `commission_amt`, `buy_amt`, `sell_amt`, `net_inflow_amt`, `active_clients`, `margin_clients`, `avg_maintenance`, `phase_name`) VALUES
  ('2025-04-01 09:01:00', 'sec_bran_0', 'Branch 1', 1.1100, 1.1100, 1.1100, 1.1100, 1.1100, 1, 1, 1.1100, 'Phase 1'),
  ('2025-04-02 09:02:00', 'sec_bran_0', 'Branch 2', 2.2200, 2.2200, 2.2200, 2.2200, 2.2200, 2, 2, 2.2200, 'Phase 2'),
  ('2025-04-03 09:03:00', 'sec_bran_0', 'Branch 3', 3.3300, 3.3300, 3.3300, 3.3300, 3.3300, 3, 3, 3.3300, 'Phase 3'),
  ('2025-04-04 09:04:00', 'sec_bran_0', 'Branch 4', 4.4400, 4.4400, 4.4400, 4.4400, 4.4400, 4, 4, 4.4400, 'Phase 4'),
  ('2025-04-05 09:05:00', 'sec_bran_0', 'Branch 5', 5.5500, 5.5500, 5.5500, 5.5500, 5.5500, 5, 5, 5.5500, 'Phase 5');

-- Table: sec_market_minute
TRUNCATE TABLE `sec_market_minute`;
INSERT INTO `sec_market_minute` (`ts`, `symbol`, `security_name`, `sector_name`, `last_price`, `change_pct`, `volume_lot`, `turnover_amt`, `net_inflow_amt`, `phase_name`) VALUES
  ('2025-04-01 09:01:00', 'C0001', 'Security 1', 'Sector 1', 1000.25, 0.0500, 1, 1.1100, 1.1100, 'Phase 1'),
  ('2025-04-02 09:02:00', 'C0002', 'Security 2', 'Sector 2', 2000.50, 0.1000, 2, 2.2200, 2.2200, 'Phase 2'),
  ('2025-04-03 09:03:00', 'C0003', 'Security 3', 'Sector 3', 3000.75, 0.1500, 3, 3.3300, 3.3300, 'Phase 3'),
  ('2025-04-04 09:04:00', 'C0004', 'Security 4', 'Sector 4', 4001.00, 0.2000, 4, 4.4400, 4.4400, 'Phase 4'),
  ('2025-04-05 09:05:00', 'C0005', 'Security 5', 'Sector 5', 5001.25, 0.2500, 5, 5.5500, 5.5500, 'Phase 5');

-- Table: sec_position_snapshot
TRUNCATE TABLE `sec_position_snapshot`;
INSERT INTO `sec_position_snapshot` (`account_id`, `symbol`, `security_name`, `sector_name`, `branch_id`, `branch_name`, `qty`, `available_qty`, `avg_cost`, `last_price`, `market_value`, `cost_amount`, `unrealized_pnl`, `pnl_pct`, `weight_pct`, `update_ts`) VALUES
  ('sec_posi_001', 'C0001', 'Security 1', 'Sector 1', 'sec_posi_0', 'Branch 1', 1, 1, 1000.25, 1000.25, 1.1100, 1000.25, 1.1100, 0.0500, 0.0500, '2025-04-01 09:01:00'),
  ('sec_posi_002', 'C0002', 'Security 2', 'Sector 2', 'sec_posi_0', 'Branch 2', 2, 2, 2000.50, 2000.50, 2.2200, 2000.50, 2.2200, 0.1000, 0.1000, '2025-04-02 09:02:00'),
  ('sec_posi_003', 'C0003', 'Security 3', 'Sector 3', 'sec_posi_0', 'Branch 3', 3, 3, 3000.75, 3000.75, 3.3300, 3000.75, 3.3300, 0.1500, 0.1500, '2025-04-03 09:03:00'),
  ('sec_posi_004', 'C0004', 'Security 4', 'Sector 4', 'sec_posi_0', 'Branch 4', 4, 4, 4001.00, 4001.00, 4.4400, 4001.00, 4.4400, 0.2000, 0.2000, '2025-04-04 09:04:00'),
  ('sec_posi_005', 'C0005', 'Security 5', 'Sector 5', 'sec_posi_0', 'Branch 5', 5, 5, 5001.25, 5001.25, 5.5500, 5001.25, 5.5500, 0.2500, 0.2500, '2025-04-05 09:05:00');

-- Table: sec_risk_snapshot
TRUNCATE TABLE `sec_risk_snapshot`;
INSERT INTO `sec_risk_snapshot` (`alert_id`, `account_id`, `client_name`, `branch_id`, `branch_name`, `alert_type`, `risk_level`, `metric_value`, `threshold_value`, `position_symbol`, `position_name`, `suggestion`, `status`, `update_ts`) VALUES
  ('sec_risk_001', 'sec_risk_001', 'Client 1', 'sec_risk_0', 'Branch 1', 'Retail', 'Low', 1.1100, 1.1100, 'C0001', 'Position 1', 'sec_risk_snapshot_suggestion_1', 'Normal', '2025-04-01 09:01:00'),
  ('sec_risk_002', 'sec_risk_002', 'Client 2', 'sec_risk_0', 'Branch 2', 'Wealth', 'Medium', 2.2200, 2.2200, 'C0002', 'Position 2', 'sec_risk_snapshot_suggestion_2', 'Running', '2025-04-02 09:02:00'),
  ('sec_risk_003', 'sec_risk_003', 'Client 3', 'sec_risk_0', 'Branch 3', 'Credit', 'High', 3.3300, 3.3300, 'C0003', 'Position 3', 'sec_risk_snapshot_suggestion_3', 'Success', '2025-04-03 09:03:00'),
  ('sec_risk_004', 'sec_risk_004', 'Client 4', 'sec_risk_0', 'Branch 4', 'Risk', 'Critical', 4.4400, 4.4400, 'C0004', 'Position 4', 'sec_risk_snapshot_suggestion_4', 'Active', '2025-04-04 09:04:00'),
  ('sec_risk_005', 'sec_risk_005', 'Client 5', 'sec_risk_0', 'Branch 5', 'Operation', 'Low', 5.5500, 5.5500, 'C0005', 'Position 5', 'sec_risk_snapshot_suggestion_5', 'Completed', '2025-04-05 09:05:00');

-- Table: sec_trade_detail
TRUNCATE TABLE `sec_trade_detail`;
INSERT INTO `sec_trade_detail` (`trade_id`, `ts`, `account_id`, `client_name`, `branch_id`, `branch_name`, `rm_name`, `symbol`, `security_name`, `sector_name`, `side`, `price`, `qty`, `amount`, `fee`, `channel`, `phase_name`) VALUES
  ('sec_trad_001', '2025-04-01 09:01:00', 'sec_trad_001', 'Client 1', 'sec_trad_0', 'Branch 1', 'Rm 1', 'C0001', 'Security 1', 'Sector 1', 'sec_trade_', 1000.25, 1, 1000.25, 1.1100, 'Mobile App', 'Phase 1'),
  ('sec_trad_002', '2025-04-02 09:02:00', 'sec_trad_002', 'Client 2', 'sec_trad_0', 'Branch 2', 'Rm 2', 'C0002', 'Security 2', 'Sector 2', 'sec_trade_', 2000.50, 2, 2000.50, 2.2200, 'Branch', 'Phase 2'),
  ('sec_trad_003', '2025-04-03 09:03:00', 'sec_trad_003', 'Client 3', 'sec_trad_0', 'Branch 3', 'Rm 3', 'C0003', 'Security 3', 'Sector 3', 'sec_trade_', 3000.75, 3, 3000.75, 3.3300, 'Web', 'Phase 3'),
  ('sec_trad_004', '2025-04-04 09:04:00', 'sec_trad_004', 'Client 4', 'sec_trad_0', 'Branch 4', 'Rm 4', 'C0004', 'Security 4', 'Sector 4', 'sec_trade_', 4001.00, 4, 4001.00, 4.4400, 'Mini Program', 'Phase 4'),
  ('sec_trad_005', '2025-04-05 09:05:00', 'sec_trad_005', 'Client 5', 'sec_trad_0', 'Branch 5', 'Rm 5', 'C0005', 'Security 5', 'Sector 5', 'sec_trade_', 5001.25, 5, 5001.25, 5.5500, 'API', 'Phase 5');

-- Table: service_log
TRUNCATE TABLE `service_log`;
INSERT INTO `service_log` (`trace_id`, `span_id`, `request_time`, `method`, `path`, `status_code`, `duration_ms`, `ip_address`, `user_agent`, `error_message`, `tags`) VALUES
  ('service__001', 'service__001', '2025-04-01 09:01:00', 'service_log_meth', 'service_log_path_1', 1, 0.0500, 'service_log_ip_address_1', 'service_log_user_agent_1', 'English mock description for service_log row 1', '["demo","english","mock"]'),
  ('service__002', 'service__002', '2025-04-02 09:02:00', 'service_log_meth', 'service_log_path_2', 2, 0.1000, 'service_log_ip_address_2', 'service_log_user_agent_2', 'English mock description for service_log row 2', '["demo","english","mock"]'),
  ('service__003', 'service__003', '2025-04-03 09:03:00', 'service_log_meth', 'service_log_path_3', 3, 0.1500, 'service_log_ip_address_3', 'service_log_user_agent_3', 'English mock description for service_log row 3', '["demo","english","mock"]'),
  ('service__004', 'service__004', '2025-04-04 09:04:00', 'service_log_meth', 'service_log_path_4', 4, 0.2000, 'service_log_ip_address_4', 'service_log_user_agent_4', 'English mock description for service_log row 4', '["demo","english","mock"]'),
  ('service__005', 'service__005', '2025-04-05 09:05:00', 'service_log_meth', 'service_log_path_5', 5, 0.2500, 'service_log_ip_address_5', 'service_log_user_agent_5', 'English mock description for service_log row 5', '["demo","english","mock"]');

-- Table: sys_logs
TRUNCATE TABLE `sys_logs`;
INSERT INTO `sys_logs` (`trace_id`, `log_time`, `level`, `service`, `method`, `path`, `status_code`, `duration_ms`, `db_time_ms`, `message`, `log_tag`) VALUES
  ('sys_logs_001', '2025-04-01 09:01:00.000', 'L1', 'sys_logs_service_1', 'sys_logs_m', 'sys_logs_path_1', 1, 0.0500, 1.1100, 'English mock description for sys_logs row 1', 'sys_logs_log_tag_1'),
  ('sys_logs_002', '2025-04-02 09:02:00.000', 'L2', 'sys_logs_service_2', 'sys_logs_m', 'sys_logs_path_2', 2, 0.1000, 2.2200, 'English mock description for sys_logs row 2', 'sys_logs_log_tag_2'),
  ('sys_logs_003', '2025-04-03 09:03:00.000', 'L3', 'sys_logs_service_3', 'sys_logs_m', 'sys_logs_path_3', 3, 0.1500, 3.3300, 'English mock description for sys_logs row 3', 'sys_logs_log_tag_3'),
  ('sys_logs_004', '2025-04-04 09:04:00.000', 'L4', 'sys_logs_service_4', 'sys_logs_m', 'sys_logs_path_4', 4, 0.2000, 4.4400, 'English mock description for sys_logs row 4', 'sys_logs_log_tag_4'),
  ('sys_logs_005', '2025-04-05 09:05:00.000', 'L5', 'sys_logs_service_5', 'sys_logs_m', 'sys_logs_path_5', 5, 0.2500, 5.5500, 'English mock description for sys_logs row 5', 'sys_logs_log_tag_5');

-- Table: sys_spans
TRUNCATE TABLE `sys_spans`;
INSERT INTO `sys_spans` (`trace_id`, `span_id`, `parent_span_id`, `span_time`, `service`, `operation`, `offset_ms`, `duration_ms`, `status`, `db_query`) VALUES
  ('sys_span_001', 'sys_span_001', 'sys_span_001', '2025-04-01 09:01:00.000', 'sys_spans_service_1', 'sys_spans_operation_1', 1.1100, 0.0500, 'Normal', 'sys_spans_db_query_1'),
  ('sys_span_002', 'sys_span_002', 'sys_span_002', '2025-04-02 09:02:00.000', 'sys_spans_service_2', 'sys_spans_operation_2', 2.2200, 0.1000, 'Running', 'sys_spans_db_query_2'),
  ('sys_span_003', 'sys_span_003', 'sys_span_003', '2025-04-03 09:03:00.000', 'sys_spans_service_3', 'sys_spans_operation_3', 3.3300, 0.1500, 'Success', 'sys_spans_db_query_3'),
  ('sys_span_004', 'sys_span_004', 'sys_span_004', '2025-04-04 09:04:00.000', 'sys_spans_service_4', 'sys_spans_operation_4', 4.4400, 0.2000, 'Active', 'sys_spans_db_query_4'),
  ('sys_span_005', 'sys_span_005', 'sys_span_005', '2025-04-05 09:05:00.000', 'sys_spans_service_5', 'sys_spans_operation_5', 5.5500, 0.2500, 'Completed', 'sys_spans_db_query_5');

-- Table: tag_dict
TRUNCATE TABLE tag_dict;
INSERT INTO tag_dict (`tag_id`, `tag_category`, `tag_name`, `tag_label`, `tag_desc`, `value_type`, `value_options`, `source_table`, `source_field`, `is_ai_tag`, `enable_bitmap`, `status`, `sort_order`, `created_at`) VALUES
  (1, 'asset', 'high_net_worth', 'High Net Worth', 'High Net Worth tag for segmentation and campaign analysis.', 'BOOLEAN', '["yes","no"]', 'user_wide', 'aum_total', 0, 1, 1, 10, '2026-04-20 09:30:00'),
  (2, 'product', 'fund_investor', 'Fund Investor', 'Fund Investor tag for segmentation and campaign analysis.', 'BOOLEAN', '["yes","no"]', 'user_wide', 'deposit_amount', 0, 1, 1, 20, '2026-04-20 09:30:00'),
  (3, 'channel', 'mobile_banking_active', 'Mobile Banking Active', 'Mobile Banking Active tag for segmentation and campaign analysis.', 'BOOLEAN', '["yes","no"]', 'user_wide', 'app_login_30d', 0, 1, 1, 30, '2026-04-20 09:30:00'),
  (4, 'customer', 'salary_customer', 'Salary Customer', 'Salary Customer tag for segmentation and campaign analysis.', 'BOOLEAN', '["yes","no"]', 'user_wide', 'fund_amount', 0, 1, 1, 40, '2026-04-20 09:30:00'),
  (5, 'product', 'credit_card_active', 'Credit Card Active', 'Credit Card Active tag for segmentation and campaign analysis.', 'BOOLEAN', '["yes","no"]', 'user_wide', 'has_mortgage', 0, 1, 1, 50, '2026-04-20 09:30:00'),
  (6, 'product', 'wealth_product_interest', 'Wealth Product Interest', 'Wealth Product Interest tag for segmentation and campaign analysis.', 'BOOLEAN', '["yes","no"]', 'user_wide', 'has_credit_card', 0, 1, 1, 60, '2026-04-20 09:30:00'),
  (7, 'growth', 'cross_sell_candidate', 'Cross-sell Candidate', 'Cross-sell Candidate tag for segmentation and campaign analysis.', 'BOOLEAN', '["yes","no"]', 'user_wide', 'wm_amount', 0, 1, 1, 70, '2026-04-20 09:30:00'),
  (8, 'business', 'sme_owner', 'SME Owner', 'SME Owner tag for segmentation and campaign analysis.', 'BOOLEAN', '["yes","no"]', 'user_wide', 'insurance_amount', 0, 1, 1, 80, '2026-04-20 09:30:00'),
  (9, 'risk', 'loan_risk_watch', 'Loan Risk Watch', 'Loan Risk Watch tag for segmentation and campaign analysis.', 'BOOLEAN', '["yes","no"]', 'user_wide', 'risk_level', 1, 1, 1, 90, '2026-04-20 09:30:00'),
  (10, 'channel', 'branch_preferred', 'Branch Preferred', 'Branch Preferred tag for segmentation and campaign analysis.', 'BOOLEAN', '["yes","no"]', 'user_wide', 'churn_prob', 0, 1, 1, 100, '2026-04-20 09:30:00'),
  (11, 'product', 'family_finance', 'Family Finance', 'Family Finance tag for segmentation and campaign analysis.', 'BOOLEAN', '["yes","no"]', 'user_wide', 'preferred_channel', 0, 1, 1, 110, '2026-04-20 09:30:00'),
  (12, 'product', 'insurance_potential', 'Insurance Potential', 'Insurance Potential tag for segmentation and campaign analysis.', 'BOOLEAN', '["yes","no"]', 'user_wide', 'loan_amount', 0, 1, 1, 120, '2026-04-20 09:30:00'),
  (13, 'product', 'mortgage_customer', 'Mortgage Customer', 'Mortgage Customer tag for segmentation and campaign analysis.', 'BOOLEAN', '["yes","no"]', 'user_wide', 'product_count', 0, 1, 1, 130, '2026-04-20 09:30:00'),
  (14, 'customer', 'young_professional', 'Young Professional', 'Young Professional tag for segmentation and campaign analysis.', 'BOOLEAN', '["yes","no"]', 'user_wide', 'active_level', 0, 1, 1, 140, '2026-04-20 09:30:00'),
  (15, 'product', 'retirement_planning', 'Retirement Planning', 'Retirement Planning tag for segmentation and campaign analysis.', 'BOOLEAN', '["yes","no"]', 'user_wide', 'lifecycle_stage', 0, 1, 1, 150, '2026-04-20 09:30:00'),
  (16, 'activity', 'dormant_app_user', 'Dormant App User', 'Dormant App User tag for segmentation and campaign analysis.', 'BOOLEAN', '["yes","no"]', 'user_wide', 'log_tags', 0, 1, 1, 160, '2026-04-20 09:30:00'),
  (17, 'risk', 'churn_risk', 'Churn Risk', 'Churn Risk tag for segmentation and campaign analysis.', 'BOOLEAN', '["yes","no"]', 'user_wide', 'asset_level', 1, 1, 1, 170, '2026-04-20 09:30:00');

-- Table: user_avatar
TRUNCATE TABLE user_avatar;
INSERT INTO user_avatar (`user_id`, `user_name`, `avatar_style`, `description`, `photo_embedding`, `labels`, `create_time`) VALUES
  (1001, 'Emily Chen', 'bank-customer', 'Emily Chen is a Product Manager in Beijing, showing signals of high net worth and fund investor.', [0.51, 0.68, 0.85, 0.22, 0.39, 0.56, 0.73, 0.1], '["High Net Worth","Fund Investor","Mobile Banking Active"]', '2026-04-11 10:00:00'),
  (1002, 'Michael Wang', 'bank-customer', 'Michael Wang is a Software Engineer in Shanghai, showing signals of salary customer and credit card active.', [0.52, 0.69, 0.86, 0.23, 0.4, 0.57, 0.74, 0.11], '["Salary Customer","Credit Card Active","Mobile Banking Active"]', '2026-04-12 10:00:00'),
  (1003, 'Sophia Liu', 'bank-customer', 'Sophia Liu is a Private Banker in Shenzhen, showing signals of wealth product interest and high net worth.', [0.53, 0.7, 0.87, 0.24, 0.41, 0.58, 0.75, 0.12], '["Wealth Product Interest","High Net Worth","Cross-sell Candidate"]', '2026-04-13 10:00:00'),
  (1004, 'Daniel Zhang', 'bank-customer', 'Daniel Zhang is a Small Business Owner in Hangzhou, showing signals of sme owner and loan risk watch.', [0.54, 0.71, 0.88, 0.25, 0.42, 0.59, 0.76, 0.13], '["SME Owner","Loan Risk Watch","Branch Preferred"]', '2026-04-14 10:00:00'),
  (1005, 'Olivia Huang', 'bank-customer', 'Olivia Huang is a Teacher in Chengdu, showing signals of family finance and insurance potential.', [0.55, 0.72, 0.89, 0.26, 0.43, 0.6, 0.77, 0.14], '["Family Finance","Insurance Potential","Salary Customer"]', '2026-04-15 10:00:00'),
  (1006, 'William Li', 'bank-customer', 'William Li is a Doctor in Nanjing, showing signals of high net worth and mortgage customer.', [0.56, 0.73, 0.1, 0.27, 0.44, 0.61, 0.78, 0.15], '["High Net Worth","Mortgage Customer","Wealth Product Interest"]', '2026-04-16 10:00:00'),
  (1007, 'Grace Zhao', 'bank-customer', 'Grace Zhao is a Designer in Wuhan, showing signals of young professional and credit card active.', [0.57, 0.74, 0.11, 0.28, 0.45, 0.62, 0.79, 0.16], '["Young Professional","Credit Card Active","Mobile Banking Active"]', '2026-04-17 10:00:00'),
  (1008, 'Henry Wu', 'bank-customer', 'Henry Wu is a Risk Analyst in Xi''an, showing signals of fund investor and retirement planning.', [0.58, 0.75, 0.12, 0.29, 0.46, 0.63, 0.8, 0.17], '["Fund Investor","Retirement Planning","Mobile Banking Active"]', '2026-04-18 10:00:00'),
  (1009, 'Ava Xu', 'bank-customer', 'Ava Xu is a Operations Manager in Suzhou, showing signals of mortgage customer and family finance.', [0.59, 0.76, 0.13, 0.3, 0.47, 0.64, 0.81, 0.18], '["Mortgage Customer","Family Finance","Cross-sell Candidate"]', '2026-04-19 10:00:00'),
  (1010, 'James Zhou', 'bank-customer', 'James Zhou is a Architect in Guangzhou, showing signals of high net worth and insurance potential.', [0.6, 0.77, 0.14, 0.31, 0.48, 0.65, 0.82, 0.19], '["High Net Worth","Insurance Potential","Branch Preferred"]', '2026-04-20 10:00:00');

-- Table: user_avatar_bak
TRUNCATE TABLE user_avatar_bak;
INSERT INTO user_avatar_bak (`user_id`, `user_name`, `avatar_style`, `description`, `photo_embedding`, `labels`, `create_time`) VALUES
  (1001, 'Emily Chen', 'bank-customer', 'Emily Chen is a Product Manager in Beijing, showing signals of high net worth and fund investor.', [0.51, 0.68, 0.85, 0.22, 0.39, 0.56, 0.73, 0.1], '["High Net Worth","Fund Investor","Mobile Banking Active"]', '2026-04-11 10:00:00'),
  (1002, 'Michael Wang', 'bank-customer', 'Michael Wang is a Software Engineer in Shanghai, showing signals of salary customer and credit card active.', [0.52, 0.69, 0.86, 0.23, 0.4, 0.57, 0.74, 0.11], '["Salary Customer","Credit Card Active","Mobile Banking Active"]', '2026-04-12 10:00:00'),
  (1003, 'Sophia Liu', 'bank-customer', 'Sophia Liu is a Private Banker in Shenzhen, showing signals of wealth product interest and high net worth.', [0.53, 0.7, 0.87, 0.24, 0.41, 0.58, 0.75, 0.12], '["Wealth Product Interest","High Net Worth","Cross-sell Candidate"]', '2026-04-13 10:00:00'),
  (1004, 'Daniel Zhang', 'bank-customer', 'Daniel Zhang is a Small Business Owner in Hangzhou, showing signals of sme owner and loan risk watch.', [0.54, 0.71, 0.88, 0.25, 0.42, 0.59, 0.76, 0.13], '["SME Owner","Loan Risk Watch","Branch Preferred"]', '2026-04-14 10:00:00'),
  (1005, 'Olivia Huang', 'bank-customer', 'Olivia Huang is a Teacher in Chengdu, showing signals of family finance and insurance potential.', [0.55, 0.72, 0.89, 0.26, 0.43, 0.6, 0.77, 0.14], '["Family Finance","Insurance Potential","Salary Customer"]', '2026-04-15 10:00:00'),
  (1006, 'William Li', 'bank-customer', 'William Li is a Doctor in Nanjing, showing signals of high net worth and mortgage customer.', [0.56, 0.73, 0.1, 0.27, 0.44, 0.61, 0.78, 0.15], '["High Net Worth","Mortgage Customer","Wealth Product Interest"]', '2026-04-16 10:00:00'),
  (1007, 'Grace Zhao', 'bank-customer', 'Grace Zhao is a Designer in Wuhan, showing signals of young professional and credit card active.', [0.57, 0.74, 0.11, 0.28, 0.45, 0.62, 0.79, 0.16], '["Young Professional","Credit Card Active","Mobile Banking Active"]', '2026-04-17 10:00:00'),
  (1008, 'Henry Wu', 'bank-customer', 'Henry Wu is a Risk Analyst in Xi''an, showing signals of fund investor and retirement planning.', [0.58, 0.75, 0.12, 0.29, 0.46, 0.63, 0.8, 0.17], '["Fund Investor","Retirement Planning","Mobile Banking Active"]', '2026-04-18 10:00:00'),
  (1009, 'Ava Xu', 'bank-customer', 'Ava Xu is a Operations Manager in Suzhou, showing signals of mortgage customer and family finance.', [0.59, 0.76, 0.13, 0.3, 0.47, 0.64, 0.81, 0.18], '["Mortgage Customer","Family Finance","Cross-sell Candidate"]', '2026-04-19 10:00:00'),
  (1010, 'James Zhou', 'bank-customer', 'James Zhou is a Architect in Guangzhou, showing signals of high net worth and insurance potential.', [0.6, 0.77, 0.14, 0.31, 0.48, 0.65, 0.82, 0.19], '["High Net Worth","Insurance Potential","Branch Preferred"]', '2026-04-20 10:00:00');

-- Table: user_avatar_photo
TRUNCATE TABLE `user_avatar_photo`;
INSERT INTO `user_avatar_photo` (`user_id`, `photo_url`, `create_time`) VALUES
  (10001, 'http://example.com/user_avatar_photo/1', '2025-04-01 09:01:00'),
  (10002, 'http://example.com/user_avatar_photo/2', '2025-04-02 09:02:00'),
  (10003, 'http://example.com/user_avatar_photo/3', '2025-04-03 09:03:00'),
  (10004, 'http://example.com/user_avatar_photo/4', '2025-04-04 09:04:00'),
  (10005, 'http://example.com/user_avatar_photo/5', '2025-04-05 09:05:00');

-- Table: user_base
TRUNCATE TABLE `user_base`;
INSERT INTO `user_base` (`user_id`, `user_name`, `id_card_mask`, `auth_status`, `avatar_url`, `create_time`) VALUES
  ('user_bas_001', 'User 1', 'user_base_id_card_mask_1', 1, 'http://example.com/user_base/1', '2025-04-01 09:01:00'),
  ('user_bas_002', 'User 2', 'user_base_id_card_mask_2', 2, 'http://example.com/user_base/2', '2025-04-02 09:02:00'),
  ('user_bas_003', 'User 3', 'user_base_id_card_mask_3', 3, 'http://example.com/user_base/3', '2025-04-03 09:03:00'),
  ('user_bas_004', 'User 4', 'user_base_id_card_mask_4', 4, 'http://example.com/user_base/4', '2025-04-04 09:04:00'),
  ('user_bas_005', 'User 5', 'user_base_id_card_mask_5', 5, 'http://example.com/user_base/5', '2025-04-05 09:05:00');

-- Table: user_behavior
TRUNCATE TABLE `user_behavior`;
INSERT INTO `user_behavior` (`event_id`, `user_id`, `event_date`, `event_time`, `event_type`, `event_category`, `channel`, `product_code`, `amount`, `result_code`, `session_id`, `device_type`, `ip_address`, `extra_props`) VALUES
  (10001, 1001, '2025-04-01', '2025-04-01 09:00:00', 'REGISTER', 'ACCOUNT', 'APP', 'P001', 0.0000, 'SUCCESS', 'sess_1001_a', 'iOS', '10.10.1.11', '{"city":"Shanghai"}'),
  (10002, 1001, '2025-04-01', '2025-04-01 09:08:00', 'LOGIN', 'ACCOUNT', 'APP', 'P001', 0.0000, 'SUCCESS', 'sess_1001_a', 'iOS', '10.10.1.11', '{"city":"Shanghai"}'),
  (10003, 1001, '2025-04-01', '2025-04-01 09:18:00', 'BROWSE_PRODUCT', 'BROWSE', 'APP', 'FUND-A', 0.0000, 'SUCCESS', 'sess_1001_a', 'iOS', '10.10.1.11', '{"page":"fund_detail"}'),
  (10004, 1001, '2025-04-01', '2025-04-01 09:35:00', 'APPLY', 'CONVERSION', 'APP', 'FUND-A', 30000.0000, 'SUCCESS', 'sess_1001_a', 'iOS', '10.10.1.11', '{"risk_level":"R3"}'),
  (10005, 1001, '2025-04-01', '2025-04-01 09:50:00', 'TRANSACTION', 'TRANSACTION', 'APP', 'FUND-A', 30000.0000, 'SUCCESS', 'sess_1001_a', 'iOS', '10.10.1.11', '{"order_id":"ord_1001"}'),
  (10006, 1001, '2025-04-02', '2025-04-02 09:03:00', 'LOGIN', 'ACCOUNT', 'APP', 'P001', 0.0000, 'SUCCESS', 'sess_1001_b', 'iOS', '10.10.1.11', '{"retention":"D1"}'),
  (10007, 1001, '2025-04-08', '2025-04-08 10:10:00', 'LOGIN', 'ACCOUNT', 'APP', 'P001', 0.0000, 'SUCCESS', 'sess_1001_c', 'iOS', '10.10.1.11', '{"retention":"D7"}'),
  (10008, 1002, '2025-04-01', '2025-04-01 10:00:00', 'REGISTER', 'ACCOUNT', 'WEB', 'P002', 0.0000, 'SUCCESS', 'sess_1002_a', 'PC', '10.10.1.12', '{"city":"Beijing"}'),
  (10009, 1002, '2025-04-01', '2025-04-01 10:12:00', 'LOGIN', 'ACCOUNT', 'WEB', 'P002', 0.0000, 'SUCCESS', 'sess_1002_a', 'PC', '10.10.1.12', '{"city":"Beijing"}'),
  (10010, 1002, '2025-04-01', '2025-04-01 10:28:00', 'BROWSE_PRODUCT', 'BROWSE', 'WEB', 'LOAN-A', 0.0000, 'SUCCESS', 'sess_1002_a', 'PC', '10.10.1.12', '{"page":"loan_detail"}'),
  (10011, 1002, '2025-04-01', '2025-04-01 10:42:00', 'APPLY', 'CONVERSION', 'WEB', 'LOAN-A', 120000.0000, 'SUCCESS', 'sess_1002_a', 'PC', '10.10.1.12', '{"risk_level":"R2"}'),
  (10012, 1002, '2025-04-02', '2025-04-02 10:15:00', 'LOGIN', 'ACCOUNT', 'WEB', 'P002', 0.0000, 'SUCCESS', 'sess_1002_b', 'PC', '10.10.1.12', '{"retention":"D1"}'),
  (10013, 1003, '2025-04-02', '2025-04-02 08:30:00', 'REGISTER', 'ACCOUNT', 'APP', 'P003', 0.0000, 'SUCCESS', 'sess_1003_a', 'Android', '10.10.1.13', '{"city":"Shenzhen"}'),
  (10014, 1003, '2025-04-02', '2025-04-02 08:39:00', 'LOGIN', 'ACCOUNT', 'APP', 'P003', 0.0000, 'SUCCESS', 'sess_1003_a', 'Android', '10.10.1.13', '{"city":"Shenzhen"}'),
  (10015, 1003, '2025-04-02', '2025-04-02 08:50:00', 'BROWSE_PRODUCT', 'BROWSE', 'APP', 'INS-A', 0.0000, 'SUCCESS', 'sess_1003_a', 'Android', '10.10.1.13', '{"page":"insurance_detail"}'),
  (10016, 1003, '2025-04-03', '2025-04-03 08:45:00', 'LOGIN', 'ACCOUNT', 'APP', 'P003', 0.0000, 'SUCCESS', 'sess_1003_b', 'Android', '10.10.1.13', '{"retention":"D1"}'),
  (10017, 1004, '2025-04-03', '2025-04-03 11:00:00', 'REGISTER', 'ACCOUNT', 'MINI', 'P004', 0.0000, 'SUCCESS', 'sess_1004_a', 'Android', '10.10.1.14', '{"city":"Guangzhou"}'),
  (10018, 1004, '2025-04-03', '2025-04-03 11:06:00', 'LOGIN', 'ACCOUNT', 'MINI', 'P004', 0.0000, 'SUCCESS', 'sess_1004_a', 'Android', '10.10.1.14', '{"city":"Guangzhou"}'),
  (10019, 1004, '2025-04-03', '2025-04-03 11:18:00', 'BROWSE_PRODUCT', 'BROWSE', 'MINI', 'GOLD-A', 0.0000, 'SUCCESS', 'sess_1004_a', 'Android', '10.10.1.14', '{"page":"gold_detail"}'),
  (10020, 1004, '2025-04-03', '2025-04-03 11:40:00', 'TRANSACTION', 'TRANSACTION', 'MINI', 'GOLD-A', 50000.0000, 'SUCCESS', 'sess_1004_a', 'Android', '10.10.1.14', '{"order_id":"ord_1004"}');

-- Table: user_log_raw
TRUNCATE TABLE `user_log_raw`;
INSERT INTO `user_log_raw` (`log_id`, `log_date`, `log_time`, `user_id`, `session_id`, `log_level`, `log_source`, `log_content`, `operation_type`, `ip_address`, `user_region`, `device_info`, `response_code`, `response_time`, `filebeat_host`, `raw_json`, `created_at`) VALUES
  (10001, '2025-04-01', '2025-04-01 09:01:00', 10001, 'user_log_001', 'L1', 'user_log_raw_log_source_1', 'English mock description for user_log_raw row 1', 'Retail', 'user_log_raw_ip_address_1', 'user_log_raw_user_region_1', 'user_log_raw_device_info_1', 'C0001', 1, 'user_log_raw_filebeat_host_1', '["demo","english","mock"]', '2025-04-01 09:01:00'),
  (10002, '2025-04-02', '2025-04-02 09:02:00', 10002, 'user_log_002', 'L2', 'user_log_raw_log_source_2', 'English mock description for user_log_raw row 2', 'Wealth', 'user_log_raw_ip_address_2', 'user_log_raw_user_region_2', 'user_log_raw_device_info_2', 'C0002', 2, 'user_log_raw_filebeat_host_2', '["demo","english","mock"]', '2025-04-02 09:02:00'),
  (10003, '2025-04-03', '2025-04-03 09:03:00', 10003, 'user_log_003', 'L3', 'user_log_raw_log_source_3', 'English mock description for user_log_raw row 3', 'Credit', 'user_log_raw_ip_address_3', 'user_log_raw_user_region_3', 'user_log_raw_device_info_3', 'C0003', 3, 'user_log_raw_filebeat_host_3', '["demo","english","mock"]', '2025-04-03 09:03:00'),
  (10004, '2025-04-04', '2025-04-04 09:04:00', 10004, 'user_log_004', 'L4', 'user_log_raw_log_source_4', 'English mock description for user_log_raw row 4', 'Risk', 'user_log_raw_ip_address_4', 'user_log_raw_user_region_4', 'user_log_raw_device_info_4', 'C0004', 4, 'user_log_raw_filebeat_host_4', '["demo","english","mock"]', '2025-04-04 09:04:00'),
  (10005, '2025-04-05', '2025-04-05 09:05:00', 10005, 'user_log_005', 'L5', 'user_log_raw_log_source_5', 'English mock description for user_log_raw row 5', 'Operation', 'user_log_raw_ip_address_5', 'user_log_raw_user_region_5', 'user_log_raw_device_info_5', 'C0005', 5, 'user_log_raw_filebeat_host_5', '["demo","english","mock"]', '2025-04-05 09:05:00');

-- Table: user_log_tag
TRUNCATE TABLE `user_log_tag`;
INSERT INTO `user_log_tag` (`log_id`, `log_date`, `user_id`, `log_time`, `log_type`, `intent_tag`, `anomaly_tag`, `risk_level`, `ai_raw_result`, `tag_source`, `manual_label`, `created_at`) VALUES
  (10001, '2025-04-01', 10001, '2025-04-01 09:01:00', 'Retail', 'user_log_tag_intent_tag_1', 'user_log_tag_anomaly_tag_1', 'Low', 'user_log_tag_ai_raw_result_1', 'user_log_tag_tag', 'user_log_tag_manual_label_1', '2025-04-01 09:01:00'),
  (10002, '2025-04-02', 10002, '2025-04-02 09:02:00', 'Wealth', 'user_log_tag_intent_tag_2', 'user_log_tag_anomaly_tag_2', 'Medium', 'user_log_tag_ai_raw_result_2', 'user_log_tag_tag', 'user_log_tag_manual_label_2', '2025-04-02 09:02:00'),
  (10003, '2025-04-03', 10003, '2025-04-03 09:03:00', 'Credit', 'user_log_tag_intent_tag_3', 'user_log_tag_anomaly_tag_3', 'High', 'user_log_tag_ai_raw_result_3', 'user_log_tag_tag', 'user_log_tag_manual_label_3', '2025-04-03 09:03:00'),
  (10004, '2025-04-04', 10004, '2025-04-04 09:04:00', 'Risk', 'user_log_tag_intent_tag_4', 'user_log_tag_anomaly_tag_4', 'Critical', 'user_log_tag_ai_raw_result_4', 'user_log_tag_tag', 'user_log_tag_manual_label_4', '2025-04-04 09:04:00'),
  (10005, '2025-04-05', 10005, '2025-04-05 09:05:00', 'Operation', 'user_log_tag_intent_tag_5', 'user_log_tag_anomaly_tag_5', 'Low', 'user_log_tag_ai_raw_result_5', 'user_log_tag_tag', 'user_log_tag_manual_label_5', '2025-04-05 09:05:00');

-- Table: user_segment
TRUNCATE TABLE `user_segment`;
INSERT INTO `user_segment` (`segment_id`, `segment_name`, `segment_desc`, `rule_config`, `segment_type`, `snap_date`, `status`, `created_by`, `created_at`, `updated_at`, `segment_bitmap`, `user_count`) VALUES
  (10001, 'Segment 1', 'English mock description for user_segment row 1', 'user_segment_rule_config_1', 'Retail', '2025-04-01', 1, 'user_segment_created_by_1', '2025-04-01 09:01:00', '2025-04-01 09:01:00', bitmap_from_string('10001,10011'), 10),
  (10002, 'Segment 2', 'English mock description for user_segment row 2', 'user_segment_rule_config_2', 'Wealth', '2025-04-02', 2, 'user_segment_created_by_2', '2025-04-02 09:02:00', '2025-04-02 09:02:00', bitmap_from_string('10002,10012'), 20),
  (10003, 'Segment 3', 'English mock description for user_segment row 3', 'user_segment_rule_config_3', 'Credit', '2025-04-03', 3, 'user_segment_created_by_3', '2025-04-03 09:03:00', '2025-04-03 09:03:00', bitmap_from_string('10003,10013'), 30),
  (10004, 'Segment 4', 'English mock description for user_segment row 4', 'user_segment_rule_config_4', 'Risk', '2025-04-04', 4, 'user_segment_created_by_4', '2025-04-04 09:04:00', '2025-04-04 09:04:00', bitmap_from_string('10004,10014'), 40),
  (10005, 'Segment 5', 'English mock description for user_segment row 5', 'user_segment_rule_config_5', 'Operation', '2025-04-05', 5, 'user_segment_created_by_5', '2025-04-05 09:05:00', '2025-04-05 09:05:00', bitmap_from_string('10005,10015'), 50);

-- Table: user_tag
TRUNCATE TABLE `user_tag`;
INSERT INTO `user_tag` (`tag_date`, `tag_category`, `tag_name`, `tag_value`, `user_bitmap`, `user_count`, `updated_at`) VALUES
  ('2025-04-01', 'Retail', 'Tag 1', 'user_tag_tag_value_1', bitmap_from_string('10001,10011'), 10, '2025-04-01 09:01:00'),
  ('2025-04-02', 'Wealth', 'Tag 2', 'user_tag_tag_value_2', bitmap_from_string('10002,10012'), 20, '2025-04-02 09:02:00'),
  ('2025-04-03', 'Credit', 'Tag 3', 'user_tag_tag_value_3', bitmap_from_string('10003,10013'), 30, '2025-04-03 09:03:00'),
  ('2025-04-04', 'Risk', 'Tag 4', 'user_tag_tag_value_4', bitmap_from_string('10004,10014'), 40, '2025-04-04 09:04:00'),
  ('2025-04-05', 'Operation', 'Tag 5', 'user_tag_tag_value_5', bitmap_from_string('10005,10015'), 50, '2025-04-05 09:05:00');


-- Table: user_tag_wide
TRUNCATE TABLE `user_tag_wide`;
INSERT INTO `user_tag_wide` (`customer_id`, `update_time`, `male`, `female`, `age_under_20`, `age_20_25`, `age_26_30`, `age_31_35`, `age_36_40`, `age_41_45`, `age_46_50`, `age_51_55`, `age_56_60`, `age_over_60`, `married`, `unmarried`, `divorced`, `has_child`, `has_house`, `has_car`, `local_hukou`, `has_social_security`, `has_fund`, `education_bachelor`, `education_college`, `education_high`, `income_under_5k`, `income_5k_1w`, `income_1w_2w`, `income_2w_5w`, `income_over_5w`, `asset_under_10w`, `asset_100w_500w`, `asset_500w_1000w`, `asset_over_1000w`, `high_net_worth`, `ultra_high_net`, `potential_client`, `normal_client`, `has_financial`, `has_fund_product`, `has_stock`, `has_insurance`, `has_bonds`, `has_gold`, `has_loan`, `has_housing_loan`, `has_car_loan`, `has_consumer_loan`, `active_7d`, `active_30d`, `inactive_30d`, `trans_high_freq`, `big_transactor`, `mobile_user`, `web_user`, `high_response`, `low_response`, `marketing_sensitive`, `apply_loan`, `buy_financing`) VALUES
(1001, '2026-04-28 06:00:00', 1, 0, 0, 0, 0, 1, 0, 0, 0, 0, 0, 0, 1, 0, 0, 1, 1, 1, 1, 1, 1, 1, 0, 0, 0, 0, 1, 0, 0, 0, 1, 0, 0, 0, 0, 0, 1, 1, 1, 0, 1, 0, 0, 1, 1, 0, 0, 1, 1, 0, 0, 0, 1, 0, 1, 0, 1, 0, 1),
(1002, '2026-04-28 06:00:00', 0, 1, 0, 0, 0, 0, 0, 1, 0, 0, 0, 0, 1, 0, 0, 1, 1, 0, 0, 1, 0, 0, 1, 0, 0, 1, 0, 0, 0, 0, 0, 0, 0, 0, 0, 1, 0, 0, 1, 0, 1, 0, 0, 0, 0, 0, 0, 0, 1, 0, 0, 0, 1, 0, 0, 1, 0, 0, 0),
(1003, '2026-04-28 06:00:00', 1, 0, 0, 0, 1, 0, 0, 0, 0, 0, 0, 0, 0, 1, 0, 0, 0, 0, 0, 0, 0, 1, 0, 0, 0, 0, 1, 0, 0, 1, 0, 0, 0, 0, 0, 1, 0, 0, 0, 0, 0, 0, 0, 0, 0, 0, 0, 1, 1, 0, 1, 0, 1, 0, 0, 0, 1, 1, 0),
(1004, '2026-04-28 06:00:00', 1, 0, 0, 0, 0, 0, 0, 0, 0, 0, 0, 1, 0, 0, 1, 0, 1, 1, 1, 0, 0, 0, 0, 1, 1, 0, 0, 0, 0, 1, 0, 0, 0, 0, 0, 0, 1, 0, 0, 0, 0, 0, 0, 0, 0, 0, 0, 0, 0, 1, 0, 0, 0, 1, 0, 1, 0, 0, 0),
(1005, '2026-04-28 06:00:00', 0, 1, 0, 1, 0, 0, 0, 0, 0, 0, 0, 0, 0, 1, 0, 0, 0, 0, 0, 1, 0, 1, 0, 0, 0, 1, 0, 0, 0, 1, 0, 0, 0, 0, 0, 1, 0, 0, 0, 0, 0, 0, 0, 0, 0, 0, 0, 1, 1, 0, 0, 0, 1, 0, 0, 0, 1, 0, 0),
(1006, '2026-04-28 06:00:00', 1, 0, 0, 0, 0, 0, 0, 1, 0, 0, 0, 0, 1, 0, 0, 1, 1, 1, 1, 1, 1, 1, 0, 0, 0, 0, 0, 1, 0, 0, 0, 1, 0, 1, 0, 0, 1, 1, 1, 1, 1, 0, 1, 1, 1, 0, 0, 1, 1, 0, 1, 1, 1, 0, 1, 0, 1, 0, 1),
(1007, '2026-04-28 06:00:00', 0, 1, 0, 0, 0, 0, 1, 0, 0, 0, 0, 0, 1, 0, 0, 1, 1, 1, 1, 1, 1, 1, 0, 0, 0, 0, 0, 1, 0, 0, 0, 0, 1, 0, 1, 0, 1, 1, 1, 1, 1, 1, 1, 0, 0, 0, 0, 0, 1, 0, 1, 1, 1, 0, 1, 0, 1, 0, 1),
(1008, '2026-04-28 06:00:00', 1, 0, 0, 0, 0, 0, 0, 0, 0, 1, 0, 0, 1, 0, 0, 1, 1, 1, 1, 1, 1, 0, 1, 0, 0, 0, 0, 1, 0, 0, 0, 1, 0, 1, 0, 0, 1, 1, 0, 1, 1, 0, 0, 1, 1, 0, 0, 0, 1, 0, 1, 1, 1, 0, 0, 1, 1, 0, 1),
(1009, '2026-04-28 06:00:00', 0, 1, 1, 0, 0, 0, 0, 0, 0, 0, 0, 0, 0, 1, 0, 0, 0, 0, 0, 0, 0, 0, 0, 1, 1, 0, 0, 0, 0, 1, 0, 0, 0, 0, 0, 1, 0, 0, 0, 0, 0, 0, 0, 0, 0, 0, 0, 1, 1, 0, 0, 0, 1, 0, 0, 1, 0, 0, 0),
(1010, '2026-04-28 06:00:00', 1, 0, 0, 0, 0, 1, 0, 0, 0, 0, 0, 0, 1, 0, 0, 1, 1, 1, 0, 1, 1, 1, 0, 0, 0, 0, 1, 0, 0, 0, 1, 0, 0, 0, 0, 0, 1, 1, 1, 0, 1, 0, 0, 1, 1, 0, 0, 1, 1, 0, 0, 0, 1, 0, 1, 0, 1, 0, 1),
(1011, '2026-04-28 06:00:00', 0, 1, 0, 0, 1, 0, 0, 0, 0, 0, 0, 0, 0, 1, 0, 0, 0, 0, 1, 1, 0, 1, 0, 0, 0, 1, 0, 0, 0, 1, 0, 0, 0, 0, 0, 1, 0, 0, 0, 0, 0, 0, 0, 0, 0, 0, 0, 1, 1, 0, 0, 0, 1, 0, 0, 0, 1, 0, 0),
(1012, '2026-04-28 06:00:00', 1, 0, 0, 0, 0, 0, 0, 0, 0, 0, 1, 0, 1, 0, 0, 1, 1, 1, 1, 1, 1, 0, 1, 0, 0, 0, 0, 0, 1, 0, 0, 0, 1, 0, 1, 0, 1, 1, 1, 1, 1, 0, 1, 0, 0, 0, 0, 0, 1, 0, 1, 1, 1, 0, 1, 0, 1, 0, 1),
(1013, '2026-04-28 06:00:00', 0, 1, 0, 0, 0, 0, 0, 0, 0, 0, 0, 1, 0, 0, 1, 0, 0, 0, 0, 0, 0, 0, 0, 1, 1, 0, 0, 0, 0, 1, 0, 0, 0, 0, 0, 0, 1, 0, 0, 0, 0, 0, 0, 0, 0, 0, 0, 0, 0, 1, 0, 0, 0, 1, 0, 1, 0, 0, 0),
(1014, '2026-04-28 06:00:00', 1, 0, 0, 1, 0, 0, 0, 0, 0, 0, 0, 0, 0, 1, 0, 0, 0, 0, 0, 1, 0, 1, 0, 0, 0, 1, 0, 0, 0, 1, 0, 0, 0, 0, 0, 1, 0, 0, 0, 0, 0, 0, 0, 0, 0, 0, 0, 1, 1, 0, 0, 0, 1, 0, 0, 0, 1, 0, 0),
(1015, '2026-04-28 06:00:00', 1, 0, 0, 0, 0, 0, 0, 0, 1, 0, 0, 0, 1, 0, 0, 1, 1, 1, 1, 1, 1, 0, 1, 0, 0, 0, 0, 1, 0, 0, 1, 0, 0, 0, 0, 0, 1, 1, 1, 0, 1, 0, 0, 1, 1, 0, 0, 1, 1, 0, 0, 0, 1, 0, 1, 0, 1, 0, 1),
(1016, '2026-04-28 06:00:00', 0, 1, 0, 0, 0, 0, 0, 1, 0, 0, 0, 0, 1, 0, 0, 1, 1, 0, 1, 1, 1, 1, 0, 0, 0, 0, 1, 0, 0, 0, 1, 0, 0, 0, 0, 0, 1, 1, 1, 0, 1, 0, 0, 0, 0, 0, 0, 1, 1, 0, 0, 0, 1, 0, 1, 0, 1, 0, 1),
(1017, '2026-04-28 06:00:00', 1, 0, 0, 0, 0, 0, 0, 0, 0, 0, 0, 1, 0, 0, 1, 0, 1, 0, 1, 1, 0, 0, 0, 1, 0, 1, 0, 0, 0, 1, 0, 0, 0, 0, 0, 1, 0, 0, 0, 0, 0, 0, 0, 0, 0, 0, 0, 1, 1, 0, 0, 0, 1, 0, 0, 1, 0, 0, 0),
(1018, '2026-04-28 06:00:00', 0, 1, 0, 0, 0, 1, 0, 0, 0, 0, 0, 0, 1, 0, 0, 1, 1, 1, 0, 1, 1, 1, 0, 0, 0, 0, 0, 1, 0, 0, 1, 0, 0, 0, 0, 0, 1, 1, 1, 0, 1, 0, 0, 1, 1, 0, 0, 1, 1, 0, 0, 0, 1, 0, 1, 0, 1, 0, 1),
(1019, '2026-04-28 06:00:00', 1, 0, 0, 0, 1, 0, 0, 0, 0, 0, 0, 0, 0, 1, 0, 0, 0, 0, 0, 0, 0, 1, 0, 0, 0, 1, 0, 0, 0, 1, 0, 0, 0, 0, 0, 1, 0, 0, 0, 0, 0, 0, 0, 0, 0, 0, 0, 1, 1, 0, 0, 0, 1, 0, 0, 0, 1, 0, 0),
(1020, '2026-04-28 06:00:00', 0, 1, 0, 0, 0, 0, 0, 0, 1, 0, 0, 0, 1, 0, 0, 1, 1, 1, 1, 1, 1, 0, 1, 0, 0, 0, 0, 1, 0, 0, 0, 1, 0, 1, 0, 0, 1, 1, 1, 1, 1, 0, 1, 0, 0, 0, 0, 0, 1, 0, 1, 1, 1, 0, 1, 0, 1, 0, 1);

-- Table: t_customer_tags
TRUNCATE TABLE `t_customer_tags`;
INSERT INTO `t_customer_tags` (`tag_id`, `tag_name`, `tag_bitmap`, `update_time`)
SELECT 1 AS tag_id, 'male' AS tag_name,
       BITMAP_UNION(TO_BITMAP(customer_id)) AS tag_bitmap,
       NOW() AS update_time
FROM `user_tag_wide`
WHERE `male` = 1
GROUP BY tag_id, tag_name UNION ALL
SELECT 2 AS tag_id, 'female' AS tag_name,
       BITMAP_UNION(TO_BITMAP(customer_id)) AS tag_bitmap,
       NOW() AS update_time
FROM `user_tag_wide`
WHERE `female` = 1
GROUP BY tag_id, tag_name UNION ALL
SELECT 3 AS tag_id, 'age_under_20' AS tag_name,
       BITMAP_UNION(TO_BITMAP(customer_id)) AS tag_bitmap,
       NOW() AS update_time
FROM `user_tag_wide`
WHERE `age_under_20` = 1
GROUP BY tag_id, tag_name UNION ALL
SELECT 4 AS tag_id, 'age_20_25' AS tag_name,
       BITMAP_UNION(TO_BITMAP(customer_id)) AS tag_bitmap,
       NOW() AS update_time
FROM `user_tag_wide`
WHERE `age_20_25` = 1
GROUP BY tag_id, tag_name UNION ALL
SELECT 5 AS tag_id, 'age_26_30' AS tag_name,
       BITMAP_UNION(TO_BITMAP(customer_id)) AS tag_bitmap,
       NOW() AS update_time
FROM `user_tag_wide`
WHERE `age_26_30` = 1
GROUP BY tag_id, tag_name UNION ALL
SELECT 6 AS tag_id, 'age_31_35' AS tag_name,
       BITMAP_UNION(TO_BITMAP(customer_id)) AS tag_bitmap,
       NOW() AS update_time
FROM `user_tag_wide`
WHERE `age_31_35` = 1
GROUP BY tag_id, tag_name UNION ALL
SELECT 7 AS tag_id, 'age_36_40' AS tag_name,
       BITMAP_UNION(TO_BITMAP(customer_id)) AS tag_bitmap,
       NOW() AS update_time
FROM `user_tag_wide`
WHERE `age_36_40` = 1
GROUP BY tag_id, tag_name UNION ALL
SELECT 8 AS tag_id, 'age_41_45' AS tag_name,
       BITMAP_UNION(TO_BITMAP(customer_id)) AS tag_bitmap,
       NOW() AS update_time
FROM `user_tag_wide`
WHERE `age_41_45` = 1
GROUP BY tag_id, tag_name UNION ALL
SELECT 9 AS tag_id, 'age_46_50' AS tag_name,
       BITMAP_UNION(TO_BITMAP(customer_id)) AS tag_bitmap,
       NOW() AS update_time
FROM `user_tag_wide`
WHERE `age_46_50` = 1
GROUP BY tag_id, tag_name UNION ALL
SELECT 10 AS tag_id, 'age_51_55' AS tag_name,
       BITMAP_UNION(TO_BITMAP(customer_id)) AS tag_bitmap,
       NOW() AS update_time
FROM `user_tag_wide`
WHERE `age_51_55` = 1
GROUP BY tag_id, tag_name UNION ALL
SELECT 11 AS tag_id, 'age_56_60' AS tag_name,
       BITMAP_UNION(TO_BITMAP(customer_id)) AS tag_bitmap,
       NOW() AS update_time
FROM `user_tag_wide`
WHERE `age_56_60` = 1
GROUP BY tag_id, tag_name UNION ALL
SELECT 12 AS tag_id, 'age_over_60' AS tag_name,
       BITMAP_UNION(TO_BITMAP(customer_id)) AS tag_bitmap,
       NOW() AS update_time
FROM `user_tag_wide`
WHERE `age_over_60` = 1
GROUP BY tag_id, tag_name UNION ALL
SELECT 13 AS tag_id, 'married' AS tag_name,
       BITMAP_UNION(TO_BITMAP(customer_id)) AS tag_bitmap,
       NOW() AS update_time
FROM `user_tag_wide`
WHERE `married` = 1
GROUP BY tag_id, tag_name UNION ALL
SELECT 14 AS tag_id, 'unmarried' AS tag_name,
       BITMAP_UNION(TO_BITMAP(customer_id)) AS tag_bitmap,
       NOW() AS update_time
FROM `user_tag_wide`
WHERE `unmarried` = 1
GROUP BY tag_id, tag_name UNION ALL
SELECT 15 AS tag_id, 'divorced' AS tag_name,
       BITMAP_UNION(TO_BITMAP(customer_id)) AS tag_bitmap,
       NOW() AS update_time
FROM `user_tag_wide`
WHERE `divorced` = 1
GROUP BY tag_id, tag_name UNION ALL
SELECT 16 AS tag_id, 'has_child' AS tag_name,
       BITMAP_UNION(TO_BITMAP(customer_id)) AS tag_bitmap,
       NOW() AS update_time
FROM `user_tag_wide`
WHERE `has_child` = 1
GROUP BY tag_id, tag_name UNION ALL
SELECT 17 AS tag_id, 'has_house' AS tag_name,
       BITMAP_UNION(TO_BITMAP(customer_id)) AS tag_bitmap,
       NOW() AS update_time
FROM `user_tag_wide`
WHERE `has_house` = 1
GROUP BY tag_id, tag_name UNION ALL
SELECT 18 AS tag_id, 'has_car' AS tag_name,
       BITMAP_UNION(TO_BITMAP(customer_id)) AS tag_bitmap,
       NOW() AS update_time
FROM `user_tag_wide`
WHERE `has_car` = 1
GROUP BY tag_id, tag_name UNION ALL
SELECT 19 AS tag_id, 'local_hukou' AS tag_name,
       BITMAP_UNION(TO_BITMAP(customer_id)) AS tag_bitmap,
       NOW() AS update_time
FROM `user_tag_wide`
WHERE `local_hukou` = 1
GROUP BY tag_id, tag_name UNION ALL
SELECT 20 AS tag_id, 'has_social_security' AS tag_name,
       BITMAP_UNION(TO_BITMAP(customer_id)) AS tag_bitmap,
       NOW() AS update_time
FROM `user_tag_wide`
WHERE `has_social_security` = 1
GROUP BY tag_id, tag_name UNION ALL
SELECT 21 AS tag_id, 'has_fund' AS tag_name,
       BITMAP_UNION(TO_BITMAP(customer_id)) AS tag_bitmap,
       NOW() AS update_time
FROM `user_tag_wide`
WHERE `has_fund` = 1
GROUP BY tag_id, tag_name UNION ALL
SELECT 22 AS tag_id, 'education_bachelor' AS tag_name,
       BITMAP_UNION(TO_BITMAP(customer_id)) AS tag_bitmap,
       NOW() AS update_time
FROM `user_tag_wide`
WHERE `education_bachelor` = 1
GROUP BY tag_id, tag_name UNION ALL
SELECT 23 AS tag_id, 'education_college' AS tag_name,
       BITMAP_UNION(TO_BITMAP(customer_id)) AS tag_bitmap,
       NOW() AS update_time
FROM `user_tag_wide`
WHERE `education_college` = 1
GROUP BY tag_id, tag_name UNION ALL
SELECT 24 AS tag_id, 'education_high' AS tag_name,
       BITMAP_UNION(TO_BITMAP(customer_id)) AS tag_bitmap,
       NOW() AS update_time
FROM `user_tag_wide`
WHERE `education_high` = 1
GROUP BY tag_id, tag_name UNION ALL
SELECT 30 AS tag_id, 'income_under_5k' AS tag_name,
       BITMAP_UNION(TO_BITMAP(customer_id)) AS tag_bitmap,
       NOW() AS update_time
FROM `user_tag_wide`
WHERE `income_under_5k` = 1
GROUP BY tag_id, tag_name UNION ALL
SELECT 31 AS tag_id, 'income_5k_1w' AS tag_name,
       BITMAP_UNION(TO_BITMAP(customer_id)) AS tag_bitmap,
       NOW() AS update_time
FROM `user_tag_wide`
WHERE `income_5k_1w` = 1
GROUP BY tag_id, tag_name UNION ALL
SELECT 32 AS tag_id, 'income_1w_2w' AS tag_name,
       BITMAP_UNION(TO_BITMAP(customer_id)) AS tag_bitmap,
       NOW() AS update_time
FROM `user_tag_wide`
WHERE `income_1w_2w` = 1
GROUP BY tag_id, tag_name UNION ALL
SELECT 33 AS tag_id, 'income_2w_5w' AS tag_name,
       BITMAP_UNION(TO_BITMAP(customer_id)) AS tag_bitmap,
       NOW() AS update_time
FROM `user_tag_wide`
WHERE `income_2w_5w` = 1
GROUP BY tag_id, tag_name UNION ALL
SELECT 34 AS tag_id, 'income_over_5w' AS tag_name,
       BITMAP_UNION(TO_BITMAP(customer_id)) AS tag_bitmap,
       NOW() AS update_time
FROM `user_tag_wide`
WHERE `income_over_5w` = 1
GROUP BY tag_id, tag_name UNION ALL
SELECT 35 AS tag_id, 'asset_under_10w' AS tag_name,
       BITMAP_UNION(TO_BITMAP(customer_id)) AS tag_bitmap,
       NOW() AS update_time
FROM `user_tag_wide`
WHERE `asset_under_10w` = 1
GROUP BY tag_id, tag_name UNION ALL
SELECT 36 AS tag_id, 'asset_10w_50w' AS tag_name,
       BITMAP_UNION(TO_BITMAP(customer_id)) AS tag_bitmap,
       NOW() AS update_time
FROM `user_tag_wide`
WHERE `asset_10w_50w` = 1
GROUP BY tag_id, tag_name UNION ALL
SELECT 37 AS tag_id, 'asset_50w_100w' AS tag_name,
       BITMAP_UNION(TO_BITMAP(customer_id)) AS tag_bitmap,
       NOW() AS update_time
FROM `user_tag_wide`
WHERE `asset_50w_100w` = 1
GROUP BY tag_id, tag_name UNION ALL
SELECT 38 AS tag_id, 'asset_100w_500w' AS tag_name,
       BITMAP_UNION(TO_BITMAP(customer_id)) AS tag_bitmap,
       NOW() AS update_time
FROM `user_tag_wide`
WHERE `asset_100w_500w` = 1
GROUP BY tag_id, tag_name UNION ALL
SELECT 39 AS tag_id, 'asset_500w_1000w' AS tag_name,
       BITMAP_UNION(TO_BITMAP(customer_id)) AS tag_bitmap,
       NOW() AS update_time
FROM `user_tag_wide`
WHERE `asset_500w_1000w` = 1
GROUP BY tag_id, tag_name UNION ALL
SELECT 40 AS tag_id, 'asset_over_1000w' AS tag_name,
       BITMAP_UNION(TO_BITMAP(customer_id)) AS tag_bitmap,
       NOW() AS update_time
FROM `user_tag_wide`
WHERE `asset_over_1000w` = 1
GROUP BY tag_id, tag_name UNION ALL
SELECT 41 AS tag_id, 'high_net_worth' AS tag_name,
       BITMAP_UNION(TO_BITMAP(customer_id)) AS tag_bitmap,
       NOW() AS update_time
FROM `user_tag_wide`
WHERE `high_net_worth` = 1
GROUP BY tag_id, tag_name UNION ALL
SELECT 42 AS tag_id, 'ultra_high_net' AS tag_name,
       BITMAP_UNION(TO_BITMAP(customer_id)) AS tag_bitmap,
       NOW() AS update_time
FROM `user_tag_wide`
WHERE `ultra_high_net` = 1
GROUP BY tag_id, tag_name UNION ALL
SELECT 43 AS tag_id, 'potential_client' AS tag_name,
       BITMAP_UNION(TO_BITMAP(customer_id)) AS tag_bitmap,
       NOW() AS update_time
FROM `user_tag_wide`
WHERE `potential_client` = 1
GROUP BY tag_id, tag_name UNION ALL
SELECT 44 AS tag_id, 'normal_client' AS tag_name,
       BITMAP_UNION(TO_BITMAP(customer_id)) AS tag_bitmap,
       NOW() AS update_time
FROM `user_tag_wide`
WHERE `normal_client` = 1
GROUP BY tag_id, tag_name UNION ALL
SELECT 50 AS tag_id, 'has_financial' AS tag_name,
       BITMAP_UNION(TO_BITMAP(customer_id)) AS tag_bitmap,
       NOW() AS update_time
FROM `user_tag_wide`
WHERE `has_financial` = 1
GROUP BY tag_id, tag_name UNION ALL
SELECT 51 AS tag_id, 'has_fund_product' AS tag_name,
       BITMAP_UNION(TO_BITMAP(customer_id)) AS tag_bitmap,
       NOW() AS update_time
FROM `user_tag_wide`
WHERE `has_fund_product` = 1
GROUP BY tag_id, tag_name UNION ALL
SELECT 52 AS tag_id, 'has_stock' AS tag_name,
       BITMAP_UNION(TO_BITMAP(customer_id)) AS tag_bitmap,
       NOW() AS update_time
FROM `user_tag_wide`
WHERE `has_stock` = 1
GROUP BY tag_id, tag_name UNION ALL
SELECT 53 AS tag_id, 'has_insurance' AS tag_name,
       BITMAP_UNION(TO_BITMAP(customer_id)) AS tag_bitmap,
       NOW() AS update_time
FROM `user_tag_wide`
WHERE `has_insurance` = 1
GROUP BY tag_id, tag_name UNION ALL
SELECT 54 AS tag_id, 'has_bonds' AS tag_name,
       BITMAP_UNION(TO_BITMAP(customer_id)) AS tag_bitmap,
       NOW() AS update_time
FROM `user_tag_wide`
WHERE `has_bonds` = 1
GROUP BY tag_id, tag_name UNION ALL
SELECT 55 AS tag_id, 'has_gold' AS tag_name,
       BITMAP_UNION(TO_BITMAP(customer_id)) AS tag_bitmap,
       NOW() AS update_time
FROM `user_tag_wide`
WHERE `has_gold` = 1
GROUP BY tag_id, tag_name UNION ALL
SELECT 56 AS tag_id, 'has_loan' AS tag_name,
       BITMAP_UNION(TO_BITMAP(customer_id)) AS tag_bitmap,
       NOW() AS update_time
FROM `user_tag_wide`
WHERE `has_loan` = 1
GROUP BY tag_id, tag_name UNION ALL
SELECT 57 AS tag_id, 'has_housing_loan' AS tag_name,
       BITMAP_UNION(TO_BITMAP(customer_id)) AS tag_bitmap,
       NOW() AS update_time
FROM `user_tag_wide`
WHERE `has_housing_loan` = 1
GROUP BY tag_id, tag_name UNION ALL
SELECT 58 AS tag_id, 'has_car_loan' AS tag_name,
       BITMAP_UNION(TO_BITMAP(customer_id)) AS tag_bitmap,
       NOW() AS update_time
FROM `user_tag_wide`
WHERE `has_car_loan` = 1
GROUP BY tag_id, tag_name UNION ALL
SELECT 59 AS tag_id, 'has_consumer_loan' AS tag_name,
       BITMAP_UNION(TO_BITMAP(customer_id)) AS tag_bitmap,
       NOW() AS update_time
FROM `user_tag_wide`
WHERE `has_consumer_loan` = 1
GROUP BY tag_id, tag_name UNION ALL
SELECT 60 AS tag_id, 'active_7d' AS tag_name,
       BITMAP_UNION(TO_BITMAP(customer_id)) AS tag_bitmap,
       NOW() AS update_time
FROM `user_tag_wide`
WHERE `active_7d` = 1
GROUP BY tag_id, tag_name UNION ALL
SELECT 61 AS tag_id, 'active_30d' AS tag_name,
       BITMAP_UNION(TO_BITMAP(customer_id)) AS tag_bitmap,
       NOW() AS update_time
FROM `user_tag_wide`
WHERE `active_30d` = 1
GROUP BY tag_id, tag_name UNION ALL
SELECT 62 AS tag_id, 'inactive_30d' AS tag_name,
       BITMAP_UNION(TO_BITMAP(customer_id)) AS tag_bitmap,
       NOW() AS update_time
FROM `user_tag_wide`
WHERE `inactive_30d` = 1
GROUP BY tag_id, tag_name UNION ALL
SELECT 63 AS tag_id, 'trans_high_freq' AS tag_name,
       BITMAP_UNION(TO_BITMAP(customer_id)) AS tag_bitmap,
       NOW() AS update_time
FROM `user_tag_wide`
WHERE `trans_high_freq` = 1
GROUP BY tag_id, tag_name UNION ALL
SELECT 64 AS tag_id, 'big_transactor' AS tag_name,
       BITMAP_UNION(TO_BITMAP(customer_id)) AS tag_bitmap,
       NOW() AS update_time
FROM `user_tag_wide`
WHERE `big_transactor` = 1
GROUP BY tag_id, tag_name UNION ALL
SELECT 65 AS tag_id, 'mobile_user' AS tag_name,
       BITMAP_UNION(TO_BITMAP(customer_id)) AS tag_bitmap,
       NOW() AS update_time
FROM `user_tag_wide`
WHERE `mobile_user` = 1
GROUP BY tag_id, tag_name UNION ALL
SELECT 66 AS tag_id, 'web_user' AS tag_name,
       BITMAP_UNION(TO_BITMAP(customer_id)) AS tag_bitmap,
       NOW() AS update_time
FROM `user_tag_wide`
WHERE `web_user` = 1
GROUP BY tag_id, tag_name UNION ALL
SELECT 70 AS tag_id, 'high_response' AS tag_name,
       BITMAP_UNION(TO_BITMAP(customer_id)) AS tag_bitmap,
       NOW() AS update_time
FROM `user_tag_wide`
WHERE `high_response` = 1
GROUP BY tag_id, tag_name UNION ALL
SELECT 71 AS tag_id, 'low_response' AS tag_name,
       BITMAP_UNION(TO_BITMAP(customer_id)) AS tag_bitmap,
       NOW() AS update_time
FROM `user_tag_wide`
WHERE `low_response` = 1
GROUP BY tag_id, tag_name UNION ALL
SELECT 72 AS tag_id, 'marketing_sensitive' AS tag_name,
       BITMAP_UNION(TO_BITMAP(customer_id)) AS tag_bitmap,
       NOW() AS update_time
FROM `user_tag_wide`
WHERE `marketing_sensitive` = 1
GROUP BY tag_id, tag_name UNION ALL
SELECT 73 AS tag_id, 'apply_loan' AS tag_name,
       BITMAP_UNION(TO_BITMAP(customer_id)) AS tag_bitmap,
       NOW() AS update_time
FROM `user_tag_wide`
WHERE `apply_loan` = 1
GROUP BY tag_id, tag_name UNION ALL
SELECT 74 AS tag_id, 'buy_financing' AS tag_name,
       BITMAP_UNION(TO_BITMAP(customer_id)) AS tag_bitmap,
       NOW() AS update_time
FROM `user_tag_wide`
WHERE `buy_financing` = 1
GROUP BY tag_id, tag_name;

-- Table: user_wide
TRUNCATE TABLE user_wide;
INSERT INTO user_wide (`user_id`, `update_date`, `user_name`, `id_card`, `phone`, `gender`, `age`, `age_group`, `city`, `province`, `education`, `occupation`, `register_date`, `asset_level`, `aum_total`, `deposit_amount`, `fund_amount`, `loan_amount`, `wm_amount`, `insurance_amount`, `has_credit_card`, `has_debit_card`, `has_mortgage`, `product_count`, `credit_score`, `credit_grade`, `risk_level`, `preferred_channel`, `app_login_30d`, `app_last_login`, `active_level`, `lifecycle_stage`, `churn_prob`, `clv_score`, `log_tags`, `anomaly_flag`, `created_at`, `updated_at`, `profile_attr_001`, `profile_attr_002`, `profile_attr_003`, `profile_attr_004`, `profile_attr_005`, `profile_attr_006`, `profile_attr_007`, `profile_attr_008`, `profile_attr_009`, `profile_attr_010`, `profile_attr_011`, `profile_attr_012`, `profile_attr_013`, `profile_attr_014`, `profile_attr_015`, `profile_attr_016`, `profile_attr_017`, `profile_attr_018`, `profile_attr_019`, `profile_attr_020`, `profile_attr_021`, `profile_attr_022`, `profile_attr_023`, `profile_attr_024`, `profile_attr_025`, `profile_attr_026`, `profile_attr_027`, `profile_attr_028`, `profile_attr_029`, `profile_attr_030`, `profile_attr_031`, `profile_attr_032`, `profile_attr_033`, `profile_attr_034`, `profile_attr_035`, `profile_attr_036`, `profile_attr_037`, `profile_attr_038`, `profile_attr_039`, `profile_attr_040`, `profile_attr_041`, `profile_attr_042`, `profile_attr_043`, `profile_attr_044`, `profile_attr_045`, `profile_attr_046`, `profile_attr_047`, `profile_attr_048`, `profile_attr_049`, `profile_attr_050`, `profile_attr_051`, `profile_attr_052`, `profile_attr_053`, `profile_attr_054`, `profile_attr_055`, `profile_attr_056`, `profile_attr_057`, `profile_attr_058`, `profile_attr_059`, `profile_attr_060`, `profile_attr_061`, `profile_attr_062`, `profile_attr_063`, `profile_attr_064`, `profile_attr_065`, `profile_attr_066`, `profile_attr_067`, `profile_attr_068`, `profile_attr_069`, `profile_attr_070`, `profile_attr_071`, `profile_attr_072`, `profile_attr_073`, `profile_attr_074`, `profile_attr_075`, `profile_attr_076`, `profile_attr_077`, `profile_attr_078`, `profile_attr_079`, `profile_attr_080`, `profile_attr_081`, `profile_attr_082`, `profile_attr_083`, `profile_attr_084`, `profile_attr_085`, `profile_attr_086`, `profile_attr_087`, `profile_attr_088`, `profile_attr_089`, `profile_attr_090`, `profile_attr_091`, `profile_attr_092`, `profile_attr_093`, `profile_attr_094`, `profile_attr_095`, `profile_attr_096`, `profile_attr_097`, `profile_attr_098`, `profile_attr_099`, `profile_attr_100`, `profile_attr_101`, `profile_attr_102`, `profile_attr_103`, `profile_attr_104`, `profile_attr_105`, `profile_attr_106`, `profile_attr_107`, `profile_attr_108`, `profile_attr_109`, `profile_attr_110`, `profile_attr_111`, `profile_attr_112`, `profile_attr_113`, `profile_attr_114`, `profile_attr_115`, `profile_attr_116`, `profile_attr_117`, `profile_attr_118`, `profile_attr_119`, `profile_attr_120`, `profile_attr_121`, `profile_attr_122`, `profile_attr_123`, `profile_attr_124`, `profile_attr_125`, `profile_attr_126`, `profile_attr_127`, `profile_attr_128`, `profile_attr_129`, `profile_attr_130`, `profile_attr_131`, `profile_attr_132`, `profile_attr_133`, `profile_attr_134`, `profile_attr_135`, `profile_attr_136`, `profile_attr_137`, `profile_attr_138`, `profile_attr_139`, `profile_attr_140`, `profile_attr_141`, `profile_attr_142`, `profile_attr_143`, `profile_attr_144`, `profile_attr_145`, `profile_attr_146`, `profile_attr_147`, `profile_attr_148`, `profile_attr_149`, `profile_attr_150`, `profile_attr_151`, `profile_attr_152`, `profile_attr_153`, `profile_attr_154`, `profile_attr_155`, `profile_attr_156`, `profile_attr_157`, `profile_attr_158`, `profile_attr_159`, `profile_attr_160`, `profile_attr_161`, `profile_attr_162`, `profile_attr_163`, `profile_attr_164`, `profile_attr_165`, `profile_attr_166`, `profile_attr_167`, `profile_attr_168`, `profile_attr_169`, `profile_attr_170`, `profile_attr_171`, `profile_attr_172`, `profile_attr_173`, `profile_attr_174`, `profile_attr_175`, `profile_attr_176`, `profile_attr_177`, `profile_attr_178`, `profile_attr_179`, `profile_attr_180`, `profile_attr_181`, `profile_attr_182`, `profile_attr_183`, `profile_attr_184`, `profile_attr_185`, `profile_attr_186`, `profile_attr_187`, `profile_attr_188`, `profile_attr_189`, `profile_attr_190`, `profile_attr_191`, `profile_attr_192`, `profile_attr_193`, `profile_attr_194`, `profile_attr_195`, `profile_attr_196`, `profile_attr_197`, `profile_attr_198`, `profile_attr_199`, `profile_attr_200`, `profile_attr_201`, `profile_attr_202`, `profile_attr_203`, `profile_attr_204`, `profile_attr_205`, `profile_attr_206`, `profile_attr_207`, `profile_attr_208`, `profile_attr_209`, `profile_attr_210`, `profile_attr_211`, `profile_attr_212`, `profile_attr_213`, `profile_attr_214`, `profile_attr_215`, `profile_attr_216`, `profile_attr_217`, `profile_attr_218`, `profile_attr_219`, `profile_attr_220`, `profile_attr_221`, `profile_attr_222`, `profile_attr_223`, `profile_attr_224`, `profile_attr_225`, `profile_attr_226`, `profile_attr_227`, `profile_attr_228`, `profile_attr_229`, `profile_attr_230`, `profile_attr_231`, `profile_attr_232`, `profile_attr_233`, `profile_attr_234`, `profile_attr_235`, `profile_attr_236`, `profile_attr_237`, `profile_attr_238`, `profile_attr_239`, `profile_attr_240`, `profile_attr_241`, `profile_attr_242`, `profile_attr_243`, `profile_attr_244`, `profile_attr_245`, `profile_attr_246`, `profile_attr_247`, `profile_attr_248`, `profile_attr_249`, `profile_attr_250`, `profile_attr_251`, `profile_attr_252`, `profile_attr_253`, `profile_attr_254`, `profile_attr_255`, `profile_attr_256`, `profile_attr_257`, `profile_attr_258`, `profile_attr_259`, `profile_attr_260`, `profile_attr_261`, `profile_attr_262`, `profile_attr_263`, `profile_attr_264`, `profile_attr_265`, `profile_attr_266`, `profile_attr_267`, `profile_attr_268`, `profile_attr_269`, `profile_attr_270`, `profile_attr_271`, `profile_attr_272`, `profile_attr_273`, `profile_attr_274`, `profile_attr_275`, `profile_attr_276`, `profile_attr_277`, `profile_attr_278`, `profile_attr_279`, `profile_attr_280`, `profile_attr_281`, `profile_attr_282`, `profile_attr_283`, `profile_attr_284`, `profile_attr_285`, `profile_attr_286`, `profile_attr_287`, `profile_attr_288`, `profile_attr_289`, `profile_attr_290`, `profile_attr_291`, `profile_attr_292`, `profile_attr_293`, `profile_attr_294`, `profile_attr_295`, `profile_attr_296`, `profile_attr_297`, `profile_attr_298`, `profile_attr_299`, `profile_attr_300`, `profile_attr_301`, `profile_attr_302`, `profile_attr_303`, `profile_attr_304`, `profile_attr_305`, `profile_attr_306`, `profile_attr_307`, `profile_attr_308`, `profile_attr_309`, `profile_attr_310`, `profile_attr_311`, `profile_attr_312`, `profile_attr_313`, `profile_attr_314`, `profile_attr_315`, `profile_attr_316`, `profile_attr_317`, `profile_attr_318`, `profile_attr_319`, `profile_attr_320`, `profile_attr_321`, `profile_attr_322`, `profile_attr_323`, `profile_attr_324`, `profile_attr_325`, `profile_attr_326`, `profile_attr_327`, `profile_attr_328`, `profile_attr_329`, `profile_attr_330`, `profile_attr_331`, `profile_attr_332`, `profile_attr_333`, `profile_attr_334`, `profile_attr_335`, `profile_attr_336`, `profile_attr_337`, `profile_attr_338`, `profile_attr_339`, `profile_attr_340`, `profile_attr_341`, `profile_attr_342`, `profile_attr_343`, `profile_attr_344`, `profile_attr_345`, `profile_attr_346`, `profile_attr_347`, `profile_attr_348`, `profile_attr_349`, `profile_attr_350`, `profile_attr_351`, `profile_attr_352`, `profile_attr_353`, `profile_attr_354`, `profile_attr_355`, `profile_attr_356`, `profile_attr_357`, `profile_attr_358`, `profile_attr_359`, `profile_attr_360`, `profile_attr_361`, `profile_attr_362`, `profile_attr_363`, `profile_attr_364`, `profile_attr_365`, `profile_attr_366`, `profile_attr_367`, `profile_attr_368`, `profile_attr_369`, `profile_attr_370`, `profile_attr_371`, `profile_attr_372`, `profile_attr_373`, `profile_attr_374`, `profile_attr_375`, `profile_attr_376`, `profile_attr_377`, `profile_attr_378`, `profile_attr_379`, `profile_attr_380`, `profile_attr_381`, `profile_attr_382`, `profile_attr_383`, `profile_attr_384`, `profile_attr_385`, `profile_attr_386`, `profile_attr_387`, `profile_attr_388`, `profile_attr_389`, `profile_attr_390`, `profile_attr_391`, `profile_attr_392`, `profile_attr_393`, `profile_attr_394`, `profile_attr_395`, `profile_attr_396`, `profile_attr_397`, `profile_attr_398`, `profile_attr_399`, `profile_attr_400`, `profile_attr_401`, `profile_attr_402`, `profile_attr_403`, `profile_attr_404`, `profile_attr_405`, `profile_attr_406`, `profile_attr_407`, `profile_attr_408`, `profile_attr_409`, `profile_attr_410`, `profile_attr_411`, `profile_attr_412`, `profile_attr_413`, `profile_attr_414`, `profile_attr_415`, `profile_attr_416`, `profile_attr_417`, `profile_attr_418`, `profile_attr_419`, `profile_attr_420`, `profile_attr_421`, `profile_attr_422`, `profile_attr_423`, `profile_attr_424`, `profile_attr_425`, `profile_attr_426`, `profile_attr_427`, `profile_attr_428`, `profile_attr_429`, `profile_attr_430`, `profile_attr_431`, `profile_attr_432`, `profile_attr_433`, `profile_attr_434`, `profile_attr_435`, `profile_attr_436`, `profile_attr_437`, `profile_attr_438`, `profile_attr_439`, `profile_attr_440`, `profile_attr_441`, `profile_attr_442`, `profile_attr_443`, `profile_attr_444`, `profile_attr_445`, `profile_attr_446`, `profile_attr_447`, `profile_attr_448`, `profile_attr_449`, `profile_attr_450`, `profile_attr_451`, `profile_attr_452`, `profile_attr_453`, `profile_attr_454`, `profile_attr_455`, `profile_attr_456`, `profile_attr_457`, `profile_attr_458`, `profile_attr_459`, `profile_attr_460`, `profile_attr_461`, `profile_attr_462`) VALUES
  (1001, '2026-04-01', 'Emily Chen', 'BE********1001', '138****1001', 2, 31, '30-39', 'Beijing', 'Beijing', 1, 'Product Manager', '2024-01-01', 'Mass', 18.0, 5.0, 1.2, 0.0, 2.0, 0.12, 1, 1, 0, 3, 650, 'A', 1, 'APP', 5, '2026-04-20', 'Low', 'New', 0.12, 60.0, '["High Net Worth","Fund Investor","Mobile Banking Active"]', 0, '2026-04-20 10:00:00', '2026-04-20 18:00:00', 1, 12, 101.11, 'Mortgage Family', '2026-03-06', 'Risk Watch', 1, 18, 103.33, 'Insurance Potential', '2026-03-12', 'Digital Active', 1, 24, 105.55, 'Mortgage Family', '2026-03-18', 'Risk Watch', 1, 30, 107.77, 'Insurance Potential', '2026-03-24', 'Digital Active', 1, 36, 109.99, 'Mortgage Family', '2026-03-02', 'Risk Watch', 1, 42, 112.21, 'Insurance Potential', '2026-03-08', 'Digital Active', 1, 48, 114.43, 'Mortgage Family', '2026-03-14', 'Risk Watch', 1, 54, 116.65, 'Insurance Potential', '2026-03-20', 'Digital Active', 1, 60, 118.87, 'Mortgage Family', '2026-03-26', 'Risk Watch', 1, 66, 121.09, 'Insurance Potential', '2026-03-04', 'Digital Active', 1, 72, 123.31, 'Mortgage Family', '2026-03-10', 'Risk Watch', 1, 78, 125.53, 'Insurance Potential', '2026-03-16', 'Digital Active', 1, 84, 127.75, 'Mortgage Family', '2026-03-22', 'Risk Watch', 1, 90, 129.97, 'Insurance Potential', '2026-03-28', 'Digital Active', 1, 96, 132.19, 'Mortgage Family', '2026-03-06', 'Risk Watch', 1, 102, 134.41, 'Insurance Potential', '2026-03-12', 'Digital Active', 1, 108, 136.63, 'Mortgage Family', '2026-03-18', 'Risk Watch', 1, 114, 138.85, 'Insurance Potential', '2026-03-24', 'Digital Active', 1, 120, 141.07, 'Mortgage Family', '2026-03-02', 'Risk Watch', 1, 126, 143.29, 'Insurance Potential', '2026-03-08', 'Digital Active', 1, 132, 145.51, 'Mortgage Family', '2026-03-14', 'Risk Watch', 1, 138, 147.73, 'Insurance Potential', '2026-03-20', 'Digital Active', 1, 144, 149.95, 'Mortgage Family', '2026-03-26', 'Risk Watch', 1, 150, 152.17, 'Insurance Potential', '2026-03-04', 'Digital Active', 1, 156, 154.39, 'Mortgage Family', '2026-03-10', 'Risk Watch', 1, 162, 156.61, 'Insurance Potential', '2026-03-16', 'Digital Active', 1, 168, 158.83, 'Mortgage Family', '2026-03-22', 'Risk Watch', 1, 174, 161.05, 'Insurance Potential', '2026-03-28', 'Digital Active', 1, 180, 163.27, 'Mortgage Family', '2026-03-06', 'Risk Watch', 1, 186, 165.49, 'Insurance Potential', '2026-03-12', 'Digital Active', 1, 192, 167.71, 'Mortgage Family', '2026-03-18', 'Risk Watch', 1, 198, 169.93, 'Insurance Potential', '2026-03-24', 'Digital Active', 1, 204, 172.15, 'Mortgage Family', '2026-03-02', 'Risk Watch', 1, 210, 174.37, 'Insurance Potential', '2026-03-08', 'Digital Active', 1, 216, 176.59, 'Mortgage Family', '2026-03-14', 'Risk Watch', 1, 222, 178.81, 'Insurance Potential', '2026-03-20', 'Digital Active', 1, 228, 181.03, 'Mortgage Family', '2026-03-26', 'Risk Watch', 1, 234, 183.25, 'Insurance Potential', '2026-03-04', 'Digital Active', 1, 240, 185.47, 'Mortgage Family', '2026-03-10', 'Risk Watch', 1, 246, 187.69, 'Insurance Potential', '2026-03-16', 'Digital Active', 1, 252, 189.91, 'Mortgage Family', '2026-03-22', 'Risk Watch', 1, 258, 192.13, 'Insurance Potential', '2026-03-28', 'Digital Active', 1, 264, 194.35, 'Mortgage Family', '2026-03-06', 'Risk Watch', 1, 270, 196.57, 'Insurance Potential', '2026-03-12', 'Digital Active', 1, 276, 198.79, 'Mortgage Family', '2026-03-18', 'Risk Watch', 1, 282, 201.01, 'Insurance Potential', '2026-03-24', 'Digital Active', 1, 288, 203.23, 'Mortgage Family', '2026-03-02', 'Risk Watch', 1, 294, 205.45, 'Insurance Potential', '2026-03-08', 'Digital Active', 1, 300, 207.67, 'Mortgage Family', '2026-03-14', 'Risk Watch', 1, 306, 209.89, 'Insurance Potential', '2026-03-20', 'Digital Active', 1, 312, 212.11, 'Mortgage Family', '2026-03-26', 'Risk Watch', 1, 318, 214.33, 'Insurance Potential', '2026-03-04', 'Digital Active', 1, 324, 216.55, 'Mortgage Family', '2026-03-10', 'Risk Watch', 1, 330, 218.77, 'Insurance Potential', '2026-03-16', 'Digital Active', 1, 336, 220.99, 'Mortgage Family', '2026-03-22', 'Risk Watch', 1, 342, 223.21, 'Insurance Potential', '2026-03-28', 'Digital Active', 1, 348, 225.43, 'Mortgage Family', '2026-03-06', 'Risk Watch', 1, 354, 227.65, 'Insurance Potential', '2026-03-12', 'Digital Active', 1, 360, 229.87, 'Mortgage Family', '2026-03-18', 'Risk Watch', 1, 366, 232.09, 'Insurance Potential', '2026-03-24', 'Digital Active', 1, 372, 234.31, 'Mortgage Family', '2026-03-02', 'Risk Watch', 1, 378, 236.53, 'Insurance Potential', '2026-03-08', 'Digital Active', 1, 384, 238.75, 'Mortgage Family', '2026-03-14', 'Risk Watch', 1, 390, 240.97, 'Insurance Potential', '2026-03-20', 'Digital Active', 1, 396, 243.19, 'Mortgage Family', '2026-03-26', 'Risk Watch', 1, 402, 245.41, 'Insurance Potential', '2026-03-04', 'Digital Active', 1, 408, 247.63, 'Mortgage Family', '2026-03-10', 'Risk Watch', 1, 414, 249.85, 'Insurance Potential', '2026-03-16', 'Digital Active', 1, 420, 252.07, 'Mortgage Family', '2026-03-22', 'Risk Watch', 1, 426, 254.29, 'Insurance Potential', '2026-03-28', 'Digital Active', 1, 432, 256.51, 'Mortgage Family', '2026-03-06', 'Risk Watch', 1, 438, 258.73, 'Insurance Potential', '2026-03-12', 'Digital Active', 1, 444, 260.95, 'Mortgage Family', '2026-03-18', 'Risk Watch', 1, 450, 263.17, 'Insurance Potential', '2026-03-24', 'Digital Active', 1, 456, 265.39, 'Mortgage Family', '2026-03-02', 'Risk Watch', 1, 462, 267.61, 'Insurance Potential', '2026-03-08', 'Digital Active', 1, 468, 269.83, 'Mortgage Family', '2026-03-14', 'Risk Watch'),
  (1002, '2026-04-02', 'Michael Wang', 'SH********1002', '138****1002', 1, 29, '20-29', 'Shanghai', 'Shanghai', 2, 'Software Engineer', '2024-02-02', 'Affluent', 29.7, 7.1, 3.8, 12.0, 7.0, 0.54, 1, 1, 0, 4, 659, 'A+', 1, 'WEB', 7, '2026-04-21', 'Medium', 'Growth', 0.19, 64.5, '["Salary Customer","Credit Card Active","Mobile Banking Active"]', 0, '2026-04-20 10:00:00', '2026-04-21 18:00:00', 0, 15, 113.61, 'SME Owner', '2026-03-07', 'Retirement Plan', 0, 21, 115.83, 'Cross-sell Candidate', '2026-03-13', 'Branch Preferred', 0, 27, 118.05, 'SME Owner', '2026-03-19', 'Retirement Plan', 0, 33, 120.27, 'Cross-sell Candidate', '2026-03-25', 'Branch Preferred', 0, 39, 122.49, 'SME Owner', '2026-03-03', 'Retirement Plan', 0, 45, 124.71, 'Cross-sell Candidate', '2026-03-09', 'Branch Preferred', 0, 51, 126.93, 'SME Owner', '2026-03-15', 'Retirement Plan', 0, 57, 129.15, 'Cross-sell Candidate', '2026-03-21', 'Branch Preferred', 0, 63, 131.37, 'SME Owner', '2026-03-27', 'Retirement Plan', 0, 69, 133.59, 'Cross-sell Candidate', '2026-03-05', 'Branch Preferred', 0, 75, 135.81, 'SME Owner', '2026-03-11', 'Retirement Plan', 0, 81, 138.03, 'Cross-sell Candidate', '2026-03-17', 'Branch Preferred', 0, 87, 140.25, 'SME Owner', '2026-03-23', 'Retirement Plan', 0, 93, 142.47, 'Cross-sell Candidate', '2026-03-01', 'Branch Preferred', 0, 99, 144.69, 'SME Owner', '2026-03-07', 'Retirement Plan', 0, 105, 146.91, 'Cross-sell Candidate', '2026-03-13', 'Branch Preferred', 0, 111, 149.13, 'SME Owner', '2026-03-19', 'Retirement Plan', 0, 117, 151.35, 'Cross-sell Candidate', '2026-03-25', 'Branch Preferred', 0, 123, 153.57, 'SME Owner', '2026-03-03', 'Retirement Plan', 0, 129, 155.79, 'Cross-sell Candidate', '2026-03-09', 'Branch Preferred', 0, 135, 158.01, 'SME Owner', '2026-03-15', 'Retirement Plan', 0, 141, 160.23, 'Cross-sell Candidate', '2026-03-21', 'Branch Preferred', 0, 147, 162.45, 'SME Owner', '2026-03-27', 'Retirement Plan', 0, 153, 164.67, 'Cross-sell Candidate', '2026-03-05', 'Branch Preferred', 0, 159, 166.89, 'SME Owner', '2026-03-11', 'Retirement Plan', 0, 165, 169.11, 'Cross-sell Candidate', '2026-03-17', 'Branch Preferred', 0, 171, 171.33, 'SME Owner', '2026-03-23', 'Retirement Plan', 0, 177, 173.55, 'Cross-sell Candidate', '2026-03-01', 'Branch Preferred', 0, 183, 175.77, 'SME Owner', '2026-03-07', 'Retirement Plan', 0, 189, 177.99, 'Cross-sell Candidate', '2026-03-13', 'Branch Preferred', 0, 195, 180.21, 'SME Owner', '2026-03-19', 'Retirement Plan', 0, 201, 182.43, 'Cross-sell Candidate', '2026-03-25', 'Branch Preferred', 0, 207, 184.65, 'SME Owner', '2026-03-03', 'Retirement Plan', 0, 213, 186.87, 'Cross-sell Candidate', '2026-03-09', 'Branch Preferred', 0, 219, 189.09, 'SME Owner', '2026-03-15', 'Retirement Plan', 0, 225, 191.31, 'Cross-sell Candidate', '2026-03-21', 'Branch Preferred', 0, 231, 193.53, 'SME Owner', '2026-03-27', 'Retirement Plan', 0, 237, 195.75, 'Cross-sell Candidate', '2026-03-05', 'Branch Preferred', 0, 243, 197.97, 'SME Owner', '2026-03-11', 'Retirement Plan', 0, 249, 200.19, 'Cross-sell Candidate', '2026-03-17', 'Branch Preferred', 0, 255, 202.41, 'SME Owner', '2026-03-23', 'Retirement Plan', 0, 261, 204.63, 'Cross-sell Candidate', '2026-03-01', 'Branch Preferred', 0, 267, 206.85, 'SME Owner', '2026-03-07', 'Retirement Plan', 0, 273, 209.07, 'Cross-sell Candidate', '2026-03-13', 'Branch Preferred', 0, 279, 211.29, 'SME Owner', '2026-03-19', 'Retirement Plan', 0, 285, 213.51, 'Cross-sell Candidate', '2026-03-25', 'Branch Preferred', 0, 291, 215.73, 'SME Owner', '2026-03-03', 'Retirement Plan', 0, 297, 217.95, 'Cross-sell Candidate', '2026-03-09', 'Branch Preferred', 0, 303, 220.17, 'SME Owner', '2026-03-15', 'Retirement Plan', 0, 309, 222.39, 'Cross-sell Candidate', '2026-03-21', 'Branch Preferred', 0, 315, 224.61, 'SME Owner', '2026-03-27', 'Retirement Plan', 0, 321, 226.83, 'Cross-sell Candidate', '2026-03-05', 'Branch Preferred', 0, 327, 229.05, 'SME Owner', '2026-03-11', 'Retirement Plan', 0, 333, 231.27, 'Cross-sell Candidate', '2026-03-17', 'Branch Preferred', 0, 339, 233.49, 'SME Owner', '2026-03-23', 'Retirement Plan', 0, 345, 235.71, 'Cross-sell Candidate', '2026-03-01', 'Branch Preferred', 0, 351, 237.93, 'SME Owner', '2026-03-07', 'Retirement Plan', 0, 357, 240.15, 'Cross-sell Candidate', '2026-03-13', 'Branch Preferred', 0, 363, 242.37, 'SME Owner', '2026-03-19', 'Retirement Plan', 0, 369, 244.59, 'Cross-sell Candidate', '2026-03-25', 'Branch Preferred', 0, 375, 246.81, 'SME Owner', '2026-03-03', 'Retirement Plan', 0, 381, 249.03, 'Cross-sell Candidate', '2026-03-09', 'Branch Preferred', 0, 387, 251.25, 'SME Owner', '2026-03-15', 'Retirement Plan', 0, 393, 253.47, 'Cross-sell Candidate', '2026-03-21', 'Branch Preferred', 0, 399, 255.69, 'SME Owner', '2026-03-27', 'Retirement Plan', 0, 405, 257.91, 'Cross-sell Candidate', '2026-03-05', 'Branch Preferred', 0, 411, 260.13, 'SME Owner', '2026-03-11', 'Retirement Plan', 0, 417, 262.35, 'Cross-sell Candidate', '2026-03-17', 'Branch Preferred', 0, 423, 264.57, 'SME Owner', '2026-03-23', 'Retirement Plan', 0, 429, 266.79, 'Cross-sell Candidate', '2026-03-01', 'Branch Preferred', 0, 435, 269.01, 'SME Owner', '2026-03-07', 'Retirement Plan', 0, 441, 271.23, 'Cross-sell Candidate', '2026-03-13', 'Branch Preferred', 0, 447, 273.45, 'SME Owner', '2026-03-19', 'Retirement Plan', 0, 453, 275.67, 'Cross-sell Candidate', '2026-03-25', 'Branch Preferred', 0, 459, 277.89, 'SME Owner', '2026-03-03', 'Retirement Plan', 0, 465, 280.11, 'Cross-sell Candidate', '2026-03-09', 'Branch Preferred', 0, 471, 282.33, 'SME Owner', '2026-03-15', 'Retirement Plan'),
  (1003, '2026-04-03', 'Sophia Liu', 'GU********1003', '138****1003', 2, 36, '30-39', 'Shenzhen', 'Guangdong', 3, 'Private Banker', '2024-03-03', 'Premier', 41.4, 9.2, 6.4, 24.0, 12.0, 0.96, 1, 1, 0, 5, 668, 'AA', 1, 'BRANCH', 9, '2026-04-22', 'High', 'Mature', 0.26, 69.0, '["Wealth Product Interest","High Net Worth","Cross-sell Candidate"]', 0, '2026-04-20 10:00:00', '2026-04-22 18:00:00', 1, 18, 126.11, 'Risk Watch', '2026-03-08', 'Travel Spender', 1, 24, 128.33, 'Digital Active', '2026-03-14', 'Salary Income', 1, 30, 130.55, 'Risk Watch', '2026-03-20', 'Travel Spender', 1, 36, 132.77, 'Digital Active', '2026-03-26', 'Salary Income', 1, 42, 134.99, 'Risk Watch', '2026-03-04', 'Travel Spender', 1, 48, 137.21, 'Digital Active', '2026-03-10', 'Salary Income', 1, 54, 139.43, 'Risk Watch', '2026-03-16', 'Travel Spender', 1, 60, 141.65, 'Digital Active', '2026-03-22', 'Salary Income', 1, 66, 143.87, 'Risk Watch', '2026-03-28', 'Travel Spender', 1, 72, 146.09, 'Digital Active', '2026-03-06', 'Salary Income', 1, 78, 148.31, 'Risk Watch', '2026-03-12', 'Travel Spender', 1, 84, 150.53, 'Digital Active', '2026-03-18', 'Salary Income', 1, 90, 152.75, 'Risk Watch', '2026-03-24', 'Travel Spender', 1, 96, 154.97, 'Digital Active', '2026-03-02', 'Salary Income', 1, 102, 157.19, 'Risk Watch', '2026-03-08', 'Travel Spender', 1, 108, 159.41, 'Digital Active', '2026-03-14', 'Salary Income', 1, 114, 161.63, 'Risk Watch', '2026-03-20', 'Travel Spender', 1, 120, 163.85, 'Digital Active', '2026-03-26', 'Salary Income', 1, 126, 166.07, 'Risk Watch', '2026-03-04', 'Travel Spender', 1, 132, 168.29, 'Digital Active', '2026-03-10', 'Salary Income', 1, 138, 170.51, 'Risk Watch', '2026-03-16', 'Travel Spender', 1, 144, 172.73, 'Digital Active', '2026-03-22', 'Salary Income', 1, 150, 174.95, 'Risk Watch', '2026-03-28', 'Travel Spender', 1, 156, 177.17, 'Digital Active', '2026-03-06', 'Salary Income', 1, 162, 179.39, 'Risk Watch', '2026-03-12', 'Travel Spender', 1, 168, 181.61, 'Digital Active', '2026-03-18', 'Salary Income', 1, 174, 183.83, 'Risk Watch', '2026-03-24', 'Travel Spender', 1, 180, 186.05, 'Digital Active', '2026-03-02', 'Salary Income', 1, 186, 188.27, 'Risk Watch', '2026-03-08', 'Travel Spender', 1, 192, 190.49, 'Digital Active', '2026-03-14', 'Salary Income', 1, 198, 192.71, 'Risk Watch', '2026-03-20', 'Travel Spender', 1, 204, 194.93, 'Digital Active', '2026-03-26', 'Salary Income', 1, 210, 197.15, 'Risk Watch', '2026-03-04', 'Travel Spender', 1, 216, 199.37, 'Digital Active', '2026-03-10', 'Salary Income', 1, 222, 201.59, 'Risk Watch', '2026-03-16', 'Travel Spender', 1, 228, 203.81, 'Digital Active', '2026-03-22', 'Salary Income', 1, 234, 206.03, 'Risk Watch', '2026-03-28', 'Travel Spender', 1, 240, 208.25, 'Digital Active', '2026-03-06', 'Salary Income', 1, 246, 210.47, 'Risk Watch', '2026-03-12', 'Travel Spender', 1, 252, 212.69, 'Digital Active', '2026-03-18', 'Salary Income', 1, 258, 214.91, 'Risk Watch', '2026-03-24', 'Travel Spender', 1, 264, 217.13, 'Digital Active', '2026-03-02', 'Salary Income', 1, 270, 219.35, 'Risk Watch', '2026-03-08', 'Travel Spender', 1, 276, 221.57, 'Digital Active', '2026-03-14', 'Salary Income', 1, 282, 223.79, 'Risk Watch', '2026-03-20', 'Travel Spender', 1, 288, 226.01, 'Digital Active', '2026-03-26', 'Salary Income', 1, 294, 228.23, 'Risk Watch', '2026-03-04', 'Travel Spender', 1, 300, 230.45, 'Digital Active', '2026-03-10', 'Salary Income', 1, 306, 232.67, 'Risk Watch', '2026-03-16', 'Travel Spender', 1, 312, 234.89, 'Digital Active', '2026-03-22', 'Salary Income', 1, 318, 237.11, 'Risk Watch', '2026-03-28', 'Travel Spender', 1, 324, 239.33, 'Digital Active', '2026-03-06', 'Salary Income', 1, 330, 241.55, 'Risk Watch', '2026-03-12', 'Travel Spender', 1, 336, 243.77, 'Digital Active', '2026-03-18', 'Salary Income', 1, 342, 245.99, 'Risk Watch', '2026-03-24', 'Travel Spender', 1, 348, 248.21, 'Digital Active', '2026-03-02', 'Salary Income', 1, 354, 250.43, 'Risk Watch', '2026-03-08', 'Travel Spender', 1, 360, 252.65, 'Digital Active', '2026-03-14', 'Salary Income', 1, 366, 254.87, 'Risk Watch', '2026-03-20', 'Travel Spender', 1, 372, 257.09, 'Digital Active', '2026-03-26', 'Salary Income', 1, 378, 259.31, 'Risk Watch', '2026-03-04', 'Travel Spender', 1, 384, 261.53, 'Digital Active', '2026-03-10', 'Salary Income', 1, 390, 263.75, 'Risk Watch', '2026-03-16', 'Travel Spender', 1, 396, 265.97, 'Digital Active', '2026-03-22', 'Salary Income', 1, 402, 268.19, 'Risk Watch', '2026-03-28', 'Travel Spender', 1, 408, 270.41, 'Digital Active', '2026-03-06', 'Salary Income', 1, 414, 272.63, 'Risk Watch', '2026-03-12', 'Travel Spender', 1, 420, 274.85, 'Digital Active', '2026-03-18', 'Salary Income', 1, 426, 277.07, 'Risk Watch', '2026-03-24', 'Travel Spender', 1, 432, 279.29, 'Digital Active', '2026-03-02', 'Salary Income', 1, 438, 281.51, 'Risk Watch', '2026-03-08', 'Travel Spender', 1, 444, 283.73, 'Digital Active', '2026-03-14', 'Salary Income', 1, 450, 285.95, 'Risk Watch', '2026-03-20', 'Travel Spender', 1, 456, 288.17, 'Digital Active', '2026-03-26', 'Salary Income', 1, 462, 290.39, 'Risk Watch', '2026-03-04', 'Travel Spender', 1, 468, 292.61, 'Digital Active', '2026-03-10', 'Salary Income', 1, 474, 294.83, 'Risk Watch', '2026-03-16', 'Travel Spender'),
  (1004, '2026-04-04', 'Daniel Zhang', 'ZH********1004', '138****1004', 1, 42, '40-49', 'Hangzhou', 'Zhejiang', 4, 'Small Business Owner', '2024-04-04', 'Private', 53.1, 11.3, 9.0, 36.0, 17.0, 1.38, 0, 1, 0, 6, 677, 'AAA', 3, 'RM', 11, '2026-04-23', 'Very High', 'Retention', 0.33, 73.5, '["SME Owner","Loan Risk Watch","Branch Preferred"]', 1, '2026-04-20 10:00:00', '2026-04-23 18:00:00', 0, 21, 138.61, 'Retirement Plan', '2026-03-09', 'Education Saver', 0, 27, 140.83, 'Branch Preferred', '2026-03-15', 'Fund Investor', 0, 33, 143.05, 'Retirement Plan', '2026-03-21', 'Education Saver', 0, 39, 145.27, 'Branch Preferred', '2026-03-27', 'Fund Investor', 0, 45, 147.49, 'Retirement Plan', '2026-03-05', 'Education Saver', 0, 51, 149.71, 'Branch Preferred', '2026-03-11', 'Fund Investor', 0, 57, 151.93, 'Retirement Plan', '2026-03-17', 'Education Saver', 0, 63, 154.15, 'Branch Preferred', '2026-03-23', 'Fund Investor', 0, 69, 156.37, 'Retirement Plan', '2026-03-01', 'Education Saver', 0, 75, 158.59, 'Branch Preferred', '2026-03-07', 'Fund Investor', 0, 81, 160.81, 'Retirement Plan', '2026-03-13', 'Education Saver', 0, 87, 163.03, 'Branch Preferred', '2026-03-19', 'Fund Investor', 0, 93, 165.25, 'Retirement Plan', '2026-03-25', 'Education Saver', 0, 99, 167.47, 'Branch Preferred', '2026-03-03', 'Fund Investor', 0, 105, 169.69, 'Retirement Plan', '2026-03-09', 'Education Saver', 0, 111, 171.91, 'Branch Preferred', '2026-03-15', 'Fund Investor', 0, 117, 174.13, 'Retirement Plan', '2026-03-21', 'Education Saver', 0, 123, 176.35, 'Branch Preferred', '2026-03-27', 'Fund Investor', 0, 129, 178.57, 'Retirement Plan', '2026-03-05', 'Education Saver', 0, 135, 180.79, 'Branch Preferred', '2026-03-11', 'Fund Investor', 0, 141, 183.01, 'Retirement Plan', '2026-03-17', 'Education Saver', 0, 147, 185.23, 'Branch Preferred', '2026-03-23', 'Fund Investor', 0, 153, 187.45, 'Retirement Plan', '2026-03-01', 'Education Saver', 0, 159, 189.67, 'Branch Preferred', '2026-03-07', 'Fund Investor', 0, 165, 191.89, 'Retirement Plan', '2026-03-13', 'Education Saver', 0, 171, 194.11, 'Branch Preferred', '2026-03-19', 'Fund Investor', 0, 177, 196.33, 'Retirement Plan', '2026-03-25', 'Education Saver', 0, 183, 198.55, 'Branch Preferred', '2026-03-03', 'Fund Investor', 0, 189, 200.77, 'Retirement Plan', '2026-03-09', 'Education Saver', 0, 195, 202.99, 'Branch Preferred', '2026-03-15', 'Fund Investor', 0, 201, 205.21, 'Retirement Plan', '2026-03-21', 'Education Saver', 0, 207, 207.43, 'Branch Preferred', '2026-03-27', 'Fund Investor', 0, 213, 209.65, 'Retirement Plan', '2026-03-05', 'Education Saver', 0, 219, 211.87, 'Branch Preferred', '2026-03-11', 'Fund Investor', 0, 225, 214.09, 'Retirement Plan', '2026-03-17', 'Education Saver', 0, 231, 216.31, 'Branch Preferred', '2026-03-23', 'Fund Investor', 0, 237, 218.53, 'Retirement Plan', '2026-03-01', 'Education Saver', 0, 243, 220.75, 'Branch Preferred', '2026-03-07', 'Fund Investor', 0, 249, 222.97, 'Retirement Plan', '2026-03-13', 'Education Saver', 0, 255, 225.19, 'Branch Preferred', '2026-03-19', 'Fund Investor', 0, 261, 227.41, 'Retirement Plan', '2026-03-25', 'Education Saver', 0, 267, 229.63, 'Branch Preferred', '2026-03-03', 'Fund Investor', 0, 273, 231.85, 'Retirement Plan', '2026-03-09', 'Education Saver', 0, 279, 234.07, 'Branch Preferred', '2026-03-15', 'Fund Investor', 0, 285, 236.29, 'Retirement Plan', '2026-03-21', 'Education Saver', 0, 291, 238.51, 'Branch Preferred', '2026-03-27', 'Fund Investor', 0, 297, 240.73, 'Retirement Plan', '2026-03-05', 'Education Saver', 0, 303, 242.95, 'Branch Preferred', '2026-03-11', 'Fund Investor', 0, 309, 245.17, 'Retirement Plan', '2026-03-17', 'Education Saver', 0, 315, 247.39, 'Branch Preferred', '2026-03-23', 'Fund Investor', 0, 321, 249.61, 'Retirement Plan', '2026-03-01', 'Education Saver', 0, 327, 251.83, 'Branch Preferred', '2026-03-07', 'Fund Investor', 0, 333, 254.05, 'Retirement Plan', '2026-03-13', 'Education Saver', 0, 339, 256.27, 'Branch Preferred', '2026-03-19', 'Fund Investor', 0, 345, 258.49, 'Retirement Plan', '2026-03-25', 'Education Saver', 0, 351, 260.71, 'Branch Preferred', '2026-03-03', 'Fund Investor', 0, 357, 262.93, 'Retirement Plan', '2026-03-09', 'Education Saver', 0, 363, 265.15, 'Branch Preferred', '2026-03-15', 'Fund Investor', 0, 369, 267.37, 'Retirement Plan', '2026-03-21', 'Education Saver', 0, 375, 269.59, 'Branch Preferred', '2026-03-27', 'Fund Investor', 0, 381, 271.81, 'Retirement Plan', '2026-03-05', 'Education Saver', 0, 387, 274.03, 'Branch Preferred', '2026-03-11', 'Fund Investor', 0, 393, 276.25, 'Retirement Plan', '2026-03-17', 'Education Saver', 0, 399, 278.47, 'Branch Preferred', '2026-03-23', 'Fund Investor', 0, 405, 280.69, 'Retirement Plan', '2026-03-01', 'Education Saver', 0, 411, 282.91, 'Branch Preferred', '2026-03-07', 'Fund Investor', 0, 417, 285.13, 'Retirement Plan', '2026-03-13', 'Education Saver', 0, 423, 287.35, 'Branch Preferred', '2026-03-19', 'Fund Investor', 0, 429, 289.57, 'Retirement Plan', '2026-03-25', 'Education Saver', 0, 435, 291.79, 'Branch Preferred', '2026-03-03', 'Fund Investor', 0, 441, 294.01, 'Retirement Plan', '2026-03-09', 'Education Saver', 0, 447, 296.23, 'Branch Preferred', '2026-03-15', 'Fund Investor', 0, 453, 298.45, 'Retirement Plan', '2026-03-21', 'Education Saver', 0, 459, 300.67, 'Branch Preferred', '2026-03-27', 'Fund Investor', 0, 465, 302.89, 'Retirement Plan', '2026-03-05', 'Education Saver', 0, 471, 305.11, 'Branch Preferred', '2026-03-11', 'Fund Investor', 0, 477, 307.33, 'Retirement Plan', '2026-03-17', 'Education Saver'),
  (1005, '2026-04-05', 'Olivia Huang', 'SI********1005', '138****1005', 2, 34, '30-39', 'Chengdu', 'Sichuan', 5, 'Teacher', '2024-05-05', 'Mass', 50.8, 13.4, 11.6, 48.0, 22.0, 0.12, 1, 1, 0, 7, 686, 'A', 1, 'APP', 13, '2026-04-24', 'Low', 'New', 0.4, 78.0, '["Family Finance","Insurance Potential","Salary Customer"]', 0, '2026-04-20 10:00:00', '2026-04-24 18:00:00', 1, 24, 151.11, 'Travel Spender', '2026-03-10', 'Insurance Potential', 1, 30, 153.33, 'Salary Income', '2026-03-16', 'Mortgage Family', 1, 36, 155.55, 'Travel Spender', '2026-03-22', 'Insurance Potential', 1, 42, 157.77, 'Salary Income', '2026-03-28', 'Mortgage Family', 1, 48, 159.99, 'Travel Spender', '2026-03-06', 'Insurance Potential', 1, 54, 162.21, 'Salary Income', '2026-03-12', 'Mortgage Family', 1, 60, 164.43, 'Travel Spender', '2026-03-18', 'Insurance Potential', 1, 66, 166.65, 'Salary Income', '2026-03-24', 'Mortgage Family', 1, 72, 168.87, 'Travel Spender', '2026-03-02', 'Insurance Potential', 1, 78, 171.09, 'Salary Income', '2026-03-08', 'Mortgage Family', 1, 84, 173.31, 'Travel Spender', '2026-03-14', 'Insurance Potential', 1, 90, 175.53, 'Salary Income', '2026-03-20', 'Mortgage Family', 1, 96, 177.75, 'Travel Spender', '2026-03-26', 'Insurance Potential', 1, 102, 179.97, 'Salary Income', '2026-03-04', 'Mortgage Family', 1, 108, 182.19, 'Travel Spender', '2026-03-10', 'Insurance Potential', 1, 114, 184.41, 'Salary Income', '2026-03-16', 'Mortgage Family', 1, 120, 186.63, 'Travel Spender', '2026-03-22', 'Insurance Potential', 1, 126, 188.85, 'Salary Income', '2026-03-28', 'Mortgage Family', 1, 132, 191.07, 'Travel Spender', '2026-03-06', 'Insurance Potential', 1, 138, 193.29, 'Salary Income', '2026-03-12', 'Mortgage Family', 1, 144, 195.51, 'Travel Spender', '2026-03-18', 'Insurance Potential', 1, 150, 197.73, 'Salary Income', '2026-03-24', 'Mortgage Family', 1, 156, 199.95, 'Travel Spender', '2026-03-02', 'Insurance Potential', 1, 162, 202.17, 'Salary Income', '2026-03-08', 'Mortgage Family', 1, 168, 204.39, 'Travel Spender', '2026-03-14', 'Insurance Potential', 1, 174, 206.61, 'Salary Income', '2026-03-20', 'Mortgage Family', 1, 180, 208.83, 'Travel Spender', '2026-03-26', 'Insurance Potential', 1, 186, 211.05, 'Salary Income', '2026-03-04', 'Mortgage Family', 1, 192, 213.27, 'Travel Spender', '2026-03-10', 'Insurance Potential', 1, 198, 215.49, 'Salary Income', '2026-03-16', 'Mortgage Family', 1, 204, 217.71, 'Travel Spender', '2026-03-22', 'Insurance Potential', 1, 210, 219.93, 'Salary Income', '2026-03-28', 'Mortgage Family', 1, 216, 222.15, 'Travel Spender', '2026-03-06', 'Insurance Potential', 1, 222, 224.37, 'Salary Income', '2026-03-12', 'Mortgage Family', 1, 228, 226.59, 'Travel Spender', '2026-03-18', 'Insurance Potential', 1, 234, 228.81, 'Salary Income', '2026-03-24', 'Mortgage Family', 1, 240, 231.03, 'Travel Spender', '2026-03-02', 'Insurance Potential', 1, 246, 233.25, 'Salary Income', '2026-03-08', 'Mortgage Family', 1, 252, 235.47, 'Travel Spender', '2026-03-14', 'Insurance Potential', 1, 258, 237.69, 'Salary Income', '2026-03-20', 'Mortgage Family', 1, 264, 239.91, 'Travel Spender', '2026-03-26', 'Insurance Potential', 1, 270, 242.13, 'Salary Income', '2026-03-04', 'Mortgage Family', 1, 276, 244.35, 'Travel Spender', '2026-03-10', 'Insurance Potential', 1, 282, 246.57, 'Salary Income', '2026-03-16', 'Mortgage Family', 1, 288, 248.79, 'Travel Spender', '2026-03-22', 'Insurance Potential', 1, 294, 251.01, 'Salary Income', '2026-03-28', 'Mortgage Family', 1, 300, 253.23, 'Travel Spender', '2026-03-06', 'Insurance Potential', 1, 306, 255.45, 'Salary Income', '2026-03-12', 'Mortgage Family', 1, 312, 257.67, 'Travel Spender', '2026-03-18', 'Insurance Potential', 1, 318, 259.89, 'Salary Income', '2026-03-24', 'Mortgage Family', 1, 324, 262.11, 'Travel Spender', '2026-03-02', 'Insurance Potential', 1, 330, 264.33, 'Salary Income', '2026-03-08', 'Mortgage Family', 1, 336, 266.55, 'Travel Spender', '2026-03-14', 'Insurance Potential', 1, 342, 268.77, 'Salary Income', '2026-03-20', 'Mortgage Family', 1, 348, 270.99, 'Travel Spender', '2026-03-26', 'Insurance Potential', 1, 354, 273.21, 'Salary Income', '2026-03-04', 'Mortgage Family', 1, 360, 275.43, 'Travel Spender', '2026-03-10', 'Insurance Potential', 1, 366, 277.65, 'Salary Income', '2026-03-16', 'Mortgage Family', 1, 372, 279.87, 'Travel Spender', '2026-03-22', 'Insurance Potential', 1, 378, 282.09, 'Salary Income', '2026-03-28', 'Mortgage Family', 1, 384, 284.31, 'Travel Spender', '2026-03-06', 'Insurance Potential', 1, 390, 286.53, 'Salary Income', '2026-03-12', 'Mortgage Family', 1, 396, 288.75, 'Travel Spender', '2026-03-18', 'Insurance Potential', 1, 402, 290.97, 'Salary Income', '2026-03-24', 'Mortgage Family', 1, 408, 293.19, 'Travel Spender', '2026-03-02', 'Insurance Potential', 1, 414, 295.41, 'Salary Income', '2026-03-08', 'Mortgage Family', 1, 420, 297.63, 'Travel Spender', '2026-03-14', 'Insurance Potential', 1, 426, 299.85, 'Salary Income', '2026-03-20', 'Mortgage Family', 1, 432, 302.07, 'Travel Spender', '2026-03-26', 'Insurance Potential', 1, 438, 304.29, 'Salary Income', '2026-03-04', 'Mortgage Family', 1, 444, 306.51, 'Travel Spender', '2026-03-10', 'Insurance Potential', 1, 450, 308.73, 'Salary Income', '2026-03-16', 'Mortgage Family', 1, 456, 310.95, 'Travel Spender', '2026-03-22', 'Insurance Potential', 1, 462, 313.17, 'Salary Income', '2026-03-28', 'Mortgage Family', 1, 468, 315.39, 'Travel Spender', '2026-03-06', 'Insurance Potential', 1, 474, 317.61, 'Salary Income', '2026-03-12', 'Mortgage Family', 1, 480, 319.83, 'Travel Spender', '2026-03-18', 'Insurance Potential'),
  (1006, '2026-04-06', 'William Li', 'JI********1006', '138****1006', 1, 45, '40-49', 'Nanjing', 'Jiangsu', 1, 'Doctor', '2024-06-06', 'Affluent', 62.5, 15.5, 14.2, 0.0, 27.0, 0.54, 0, 1, 1, 8, 695, 'A+', 1, 'WEB', 15, '2026-04-25', 'Medium', 'Growth', 0.47, 82.5, '["High Net Worth","Mortgage Customer","Wealth Product Interest"]', 0, '2026-04-20 10:00:00', '2026-04-25 18:00:00', 0, 27, 163.61, 'Education Saver', '2026-03-11', 'Cross-sell Candidate', 0, 33, 165.83, 'Fund Investor', '2026-03-17', 'SME Owner', 0, 39, 168.05, 'Education Saver', '2026-03-23', 'Cross-sell Candidate', 0, 45, 170.27, 'Fund Investor', '2026-03-01', 'SME Owner', 0, 51, 172.49, 'Education Saver', '2026-03-07', 'Cross-sell Candidate', 0, 57, 174.71, 'Fund Investor', '2026-03-13', 'SME Owner', 0, 63, 176.93, 'Education Saver', '2026-03-19', 'Cross-sell Candidate', 0, 69, 179.15, 'Fund Investor', '2026-03-25', 'SME Owner', 0, 75, 181.37, 'Education Saver', '2026-03-03', 'Cross-sell Candidate', 0, 81, 183.59, 'Fund Investor', '2026-03-09', 'SME Owner', 0, 87, 185.81, 'Education Saver', '2026-03-15', 'Cross-sell Candidate', 0, 93, 188.03, 'Fund Investor', '2026-03-21', 'SME Owner', 0, 99, 190.25, 'Education Saver', '2026-03-27', 'Cross-sell Candidate', 0, 105, 192.47, 'Fund Investor', '2026-03-05', 'SME Owner', 0, 111, 194.69, 'Education Saver', '2026-03-11', 'Cross-sell Candidate', 0, 117, 196.91, 'Fund Investor', '2026-03-17', 'SME Owner', 0, 123, 199.13, 'Education Saver', '2026-03-23', 'Cross-sell Candidate', 0, 129, 201.35, 'Fund Investor', '2026-03-01', 'SME Owner', 0, 135, 203.57, 'Education Saver', '2026-03-07', 'Cross-sell Candidate', 0, 141, 205.79, 'Fund Investor', '2026-03-13', 'SME Owner', 0, 147, 208.01, 'Education Saver', '2026-03-19', 'Cross-sell Candidate', 0, 153, 210.23, 'Fund Investor', '2026-03-25', 'SME Owner', 0, 159, 212.45, 'Education Saver', '2026-03-03', 'Cross-sell Candidate', 0, 165, 214.67, 'Fund Investor', '2026-03-09', 'SME Owner', 0, 171, 216.89, 'Education Saver', '2026-03-15', 'Cross-sell Candidate', 0, 177, 219.11, 'Fund Investor', '2026-03-21', 'SME Owner', 0, 183, 221.33, 'Education Saver', '2026-03-27', 'Cross-sell Candidate', 0, 189, 223.55, 'Fund Investor', '2026-03-05', 'SME Owner', 0, 195, 225.77, 'Education Saver', '2026-03-11', 'Cross-sell Candidate', 0, 201, 227.99, 'Fund Investor', '2026-03-17', 'SME Owner', 0, 207, 230.21, 'Education Saver', '2026-03-23', 'Cross-sell Candidate', 0, 213, 232.43, 'Fund Investor', '2026-03-01', 'SME Owner', 0, 219, 234.65, 'Education Saver', '2026-03-07', 'Cross-sell Candidate', 0, 225, 236.87, 'Fund Investor', '2026-03-13', 'SME Owner', 0, 231, 239.09, 'Education Saver', '2026-03-19', 'Cross-sell Candidate', 0, 237, 241.31, 'Fund Investor', '2026-03-25', 'SME Owner', 0, 243, 243.53, 'Education Saver', '2026-03-03', 'Cross-sell Candidate', 0, 249, 245.75, 'Fund Investor', '2026-03-09', 'SME Owner', 0, 255, 247.97, 'Education Saver', '2026-03-15', 'Cross-sell Candidate', 0, 261, 250.19, 'Fund Investor', '2026-03-21', 'SME Owner', 0, 267, 252.41, 'Education Saver', '2026-03-27', 'Cross-sell Candidate', 0, 273, 254.63, 'Fund Investor', '2026-03-05', 'SME Owner', 0, 279, 256.85, 'Education Saver', '2026-03-11', 'Cross-sell Candidate', 0, 285, 259.07, 'Fund Investor', '2026-03-17', 'SME Owner', 0, 291, 261.29, 'Education Saver', '2026-03-23', 'Cross-sell Candidate', 0, 297, 263.51, 'Fund Investor', '2026-03-01', 'SME Owner', 0, 303, 265.73, 'Education Saver', '2026-03-07', 'Cross-sell Candidate', 0, 309, 267.95, 'Fund Investor', '2026-03-13', 'SME Owner', 0, 315, 270.17, 'Education Saver', '2026-03-19', 'Cross-sell Candidate', 0, 321, 272.39, 'Fund Investor', '2026-03-25', 'SME Owner', 0, 327, 274.61, 'Education Saver', '2026-03-03', 'Cross-sell Candidate', 0, 333, 276.83, 'Fund Investor', '2026-03-09', 'SME Owner', 0, 339, 279.05, 'Education Saver', '2026-03-15', 'Cross-sell Candidate', 0, 345, 281.27, 'Fund Investor', '2026-03-21', 'SME Owner', 0, 351, 283.49, 'Education Saver', '2026-03-27', 'Cross-sell Candidate', 0, 357, 285.71, 'Fund Investor', '2026-03-05', 'SME Owner', 0, 363, 287.93, 'Education Saver', '2026-03-11', 'Cross-sell Candidate', 0, 369, 290.15, 'Fund Investor', '2026-03-17', 'SME Owner', 0, 375, 292.37, 'Education Saver', '2026-03-23', 'Cross-sell Candidate', 0, 381, 294.59, 'Fund Investor', '2026-03-01', 'SME Owner', 0, 387, 296.81, 'Education Saver', '2026-03-07', 'Cross-sell Candidate', 0, 393, 299.03, 'Fund Investor', '2026-03-13', 'SME Owner', 0, 399, 301.25, 'Education Saver', '2026-03-19', 'Cross-sell Candidate', 0, 405, 303.47, 'Fund Investor', '2026-03-25', 'SME Owner', 0, 411, 305.69, 'Education Saver', '2026-03-03', 'Cross-sell Candidate', 0, 417, 307.91, 'Fund Investor', '2026-03-09', 'SME Owner', 0, 423, 310.13, 'Education Saver', '2026-03-15', 'Cross-sell Candidate', 0, 429, 312.35, 'Fund Investor', '2026-03-21', 'SME Owner', 0, 435, 314.57, 'Education Saver', '2026-03-27', 'Cross-sell Candidate', 0, 441, 316.79, 'Fund Investor', '2026-03-05', 'SME Owner', 0, 447, 319.01, 'Education Saver', '2026-03-11', 'Cross-sell Candidate', 0, 453, 321.23, 'Fund Investor', '2026-03-17', 'SME Owner', 0, 459, 323.45, 'Education Saver', '2026-03-23', 'Cross-sell Candidate', 0, 465, 325.67, 'Fund Investor', '2026-03-01', 'SME Owner', 0, 471, 327.89, 'Education Saver', '2026-03-07', 'Cross-sell Candidate', 0, 477, 330.11, 'Fund Investor', '2026-03-13', 'SME Owner', 0, 483, 332.33, 'Education Saver', '2026-03-19', 'Cross-sell Candidate'),
  (1007, '2026-04-07', 'Grace Zhao', 'HU********1007', '138****1007', 2, 27, '20-29', 'Wuhan', 'Hubei', 2, 'Designer', '2024-07-07', 'Premier', 74.2, 17.6, 16.8, 12.0, 2.0, 0.96, 1, 1, 0, 9, 704, 'AA', 1, 'BRANCH', 17, '2026-04-26', 'High', 'Mature', 0.54, 87.0, '["Young Professional","Credit Card Active","Mobile Banking Active"]', 0, '2026-04-20 10:00:00', '2026-04-26 18:00:00', 1, 30, 176.11, 'Insurance Potential', '2026-03-12', 'Digital Active', 1, 36, 178.33, 'Mortgage Family', '2026-03-18', 'Risk Watch', 1, 42, 180.55, 'Insurance Potential', '2026-03-24', 'Digital Active', 1, 48, 182.77, 'Mortgage Family', '2026-03-02', 'Risk Watch', 1, 54, 184.99, 'Insurance Potential', '2026-03-08', 'Digital Active', 1, 60, 187.21, 'Mortgage Family', '2026-03-14', 'Risk Watch', 1, 66, 189.43, 'Insurance Potential', '2026-03-20', 'Digital Active', 1, 72, 191.65, 'Mortgage Family', '2026-03-26', 'Risk Watch', 1, 78, 193.87, 'Insurance Potential', '2026-03-04', 'Digital Active', 1, 84, 196.09, 'Mortgage Family', '2026-03-10', 'Risk Watch', 1, 90, 198.31, 'Insurance Potential', '2026-03-16', 'Digital Active', 1, 96, 200.53, 'Mortgage Family', '2026-03-22', 'Risk Watch', 1, 102, 202.75, 'Insurance Potential', '2026-03-28', 'Digital Active', 1, 108, 204.97, 'Mortgage Family', '2026-03-06', 'Risk Watch', 1, 114, 207.19, 'Insurance Potential', '2026-03-12', 'Digital Active', 1, 120, 209.41, 'Mortgage Family', '2026-03-18', 'Risk Watch', 1, 126, 211.63, 'Insurance Potential', '2026-03-24', 'Digital Active', 1, 132, 213.85, 'Mortgage Family', '2026-03-02', 'Risk Watch', 1, 138, 216.07, 'Insurance Potential', '2026-03-08', 'Digital Active', 1, 144, 218.29, 'Mortgage Family', '2026-03-14', 'Risk Watch', 1, 150, 220.51, 'Insurance Potential', '2026-03-20', 'Digital Active', 1, 156, 222.73, 'Mortgage Family', '2026-03-26', 'Risk Watch', 1, 162, 224.95, 'Insurance Potential', '2026-03-04', 'Digital Active', 1, 168, 227.17, 'Mortgage Family', '2026-03-10', 'Risk Watch', 1, 174, 229.39, 'Insurance Potential', '2026-03-16', 'Digital Active', 1, 180, 231.61, 'Mortgage Family', '2026-03-22', 'Risk Watch', 1, 186, 233.83, 'Insurance Potential', '2026-03-28', 'Digital Active', 1, 192, 236.05, 'Mortgage Family', '2026-03-06', 'Risk Watch', 1, 198, 238.27, 'Insurance Potential', '2026-03-12', 'Digital Active', 1, 204, 240.49, 'Mortgage Family', '2026-03-18', 'Risk Watch', 1, 210, 242.71, 'Insurance Potential', '2026-03-24', 'Digital Active', 1, 216, 244.93, 'Mortgage Family', '2026-03-02', 'Risk Watch', 1, 222, 247.15, 'Insurance Potential', '2026-03-08', 'Digital Active', 1, 228, 249.37, 'Mortgage Family', '2026-03-14', 'Risk Watch', 1, 234, 251.59, 'Insurance Potential', '2026-03-20', 'Digital Active', 1, 240, 253.81, 'Mortgage Family', '2026-03-26', 'Risk Watch', 1, 246, 256.03, 'Insurance Potential', '2026-03-04', 'Digital Active', 1, 252, 258.25, 'Mortgage Family', '2026-03-10', 'Risk Watch', 1, 258, 260.47, 'Insurance Potential', '2026-03-16', 'Digital Active', 1, 264, 262.69, 'Mortgage Family', '2026-03-22', 'Risk Watch', 1, 270, 264.91, 'Insurance Potential', '2026-03-28', 'Digital Active', 1, 276, 267.13, 'Mortgage Family', '2026-03-06', 'Risk Watch', 1, 282, 269.35, 'Insurance Potential', '2026-03-12', 'Digital Active', 1, 288, 271.57, 'Mortgage Family', '2026-03-18', 'Risk Watch', 1, 294, 273.79, 'Insurance Potential', '2026-03-24', 'Digital Active', 1, 300, 276.01, 'Mortgage Family', '2026-03-02', 'Risk Watch', 1, 306, 278.23, 'Insurance Potential', '2026-03-08', 'Digital Active', 1, 312, 280.45, 'Mortgage Family', '2026-03-14', 'Risk Watch', 1, 318, 282.67, 'Insurance Potential', '2026-03-20', 'Digital Active', 1, 324, 284.89, 'Mortgage Family', '2026-03-26', 'Risk Watch', 1, 330, 287.11, 'Insurance Potential', '2026-03-04', 'Digital Active', 1, 336, 289.33, 'Mortgage Family', '2026-03-10', 'Risk Watch', 1, 342, 291.55, 'Insurance Potential', '2026-03-16', 'Digital Active', 1, 348, 293.77, 'Mortgage Family', '2026-03-22', 'Risk Watch', 1, 354, 295.99, 'Insurance Potential', '2026-03-28', 'Digital Active', 1, 360, 298.21, 'Mortgage Family', '2026-03-06', 'Risk Watch', 1, 366, 300.43, 'Insurance Potential', '2026-03-12', 'Digital Active', 1, 372, 302.65, 'Mortgage Family', '2026-03-18', 'Risk Watch', 1, 378, 304.87, 'Insurance Potential', '2026-03-24', 'Digital Active', 1, 384, 307.09, 'Mortgage Family', '2026-03-02', 'Risk Watch', 1, 390, 309.31, 'Insurance Potential', '2026-03-08', 'Digital Active', 1, 396, 311.53, 'Mortgage Family', '2026-03-14', 'Risk Watch', 1, 402, 313.75, 'Insurance Potential', '2026-03-20', 'Digital Active', 1, 408, 315.97, 'Mortgage Family', '2026-03-26', 'Risk Watch', 1, 414, 318.19, 'Insurance Potential', '2026-03-04', 'Digital Active', 1, 420, 320.41, 'Mortgage Family', '2026-03-10', 'Risk Watch', 1, 426, 322.63, 'Insurance Potential', '2026-03-16', 'Digital Active', 1, 432, 324.85, 'Mortgage Family', '2026-03-22', 'Risk Watch', 1, 438, 327.07, 'Insurance Potential', '2026-03-28', 'Digital Active', 1, 444, 329.29, 'Mortgage Family', '2026-03-06', 'Risk Watch', 1, 450, 331.51, 'Insurance Potential', '2026-03-12', 'Digital Active', 1, 456, 333.73, 'Mortgage Family', '2026-03-18', 'Risk Watch', 1, 462, 335.95, 'Insurance Potential', '2026-03-24', 'Digital Active', 1, 468, 338.17, 'Mortgage Family', '2026-03-02', 'Risk Watch', 1, 474, 340.39, 'Insurance Potential', '2026-03-08', 'Digital Active', 1, 480, 342.61, 'Mortgage Family', '2026-03-14', 'Risk Watch', 1, 486, 344.83, 'Insurance Potential', '2026-03-20', 'Digital Active'),
  (1008, '2026-04-08', 'Henry Wu', 'SH********1008', '138****1008', 1, 39, '30-39', 'Xi''an', 'Shaanxi', 3, 'Risk Analyst', '2024-08-08', 'Private', 85.9, 19.7, 1.2, 24.0, 7.0, 1.38, 0, 1, 0, 10, 713, 'AAA', 1, 'RM', 19, '2026-04-27', 'Very High', 'Retention', 0.61, 91.5, '["Fund Investor","Retirement Planning","Mobile Banking Active"]', 0, '2026-04-20 10:00:00', '2026-04-27 18:00:00', 0, 33, 188.61, 'Cross-sell Candidate', '2026-03-13', 'Branch Preferred', 0, 39, 190.83, 'SME Owner', '2026-03-19', 'Retirement Plan', 0, 45, 193.05, 'Cross-sell Candidate', '2026-03-25', 'Branch Preferred', 0, 51, 195.27, 'SME Owner', '2026-03-03', 'Retirement Plan', 0, 57, 197.49, 'Cross-sell Candidate', '2026-03-09', 'Branch Preferred', 0, 63, 199.71, 'SME Owner', '2026-03-15', 'Retirement Plan', 0, 69, 201.93, 'Cross-sell Candidate', '2026-03-21', 'Branch Preferred', 0, 75, 204.15, 'SME Owner', '2026-03-27', 'Retirement Plan', 0, 81, 206.37, 'Cross-sell Candidate', '2026-03-05', 'Branch Preferred', 0, 87, 208.59, 'SME Owner', '2026-03-11', 'Retirement Plan', 0, 93, 210.81, 'Cross-sell Candidate', '2026-03-17', 'Branch Preferred', 0, 99, 213.03, 'SME Owner', '2026-03-23', 'Retirement Plan', 0, 105, 215.25, 'Cross-sell Candidate', '2026-03-01', 'Branch Preferred', 0, 111, 217.47, 'SME Owner', '2026-03-07', 'Retirement Plan', 0, 117, 219.69, 'Cross-sell Candidate', '2026-03-13', 'Branch Preferred', 0, 123, 221.91, 'SME Owner', '2026-03-19', 'Retirement Plan', 0, 129, 224.13, 'Cross-sell Candidate', '2026-03-25', 'Branch Preferred', 0, 135, 226.35, 'SME Owner', '2026-03-03', 'Retirement Plan', 0, 141, 228.57, 'Cross-sell Candidate', '2026-03-09', 'Branch Preferred', 0, 147, 230.79, 'SME Owner', '2026-03-15', 'Retirement Plan', 0, 153, 233.01, 'Cross-sell Candidate', '2026-03-21', 'Branch Preferred', 0, 159, 235.23, 'SME Owner', '2026-03-27', 'Retirement Plan', 0, 165, 237.45, 'Cross-sell Candidate', '2026-03-05', 'Branch Preferred', 0, 171, 239.67, 'SME Owner', '2026-03-11', 'Retirement Plan', 0, 177, 241.89, 'Cross-sell Candidate', '2026-03-17', 'Branch Preferred', 0, 183, 244.11, 'SME Owner', '2026-03-23', 'Retirement Plan', 0, 189, 246.33, 'Cross-sell Candidate', '2026-03-01', 'Branch Preferred', 0, 195, 248.55, 'SME Owner', '2026-03-07', 'Retirement Plan', 0, 201, 250.77, 'Cross-sell Candidate', '2026-03-13', 'Branch Preferred', 0, 207, 252.99, 'SME Owner', '2026-03-19', 'Retirement Plan', 0, 213, 255.21, 'Cross-sell Candidate', '2026-03-25', 'Branch Preferred', 0, 219, 257.43, 'SME Owner', '2026-03-03', 'Retirement Plan', 0, 225, 259.65, 'Cross-sell Candidate', '2026-03-09', 'Branch Preferred', 0, 231, 261.87, 'SME Owner', '2026-03-15', 'Retirement Plan', 0, 237, 264.09, 'Cross-sell Candidate', '2026-03-21', 'Branch Preferred', 0, 243, 266.31, 'SME Owner', '2026-03-27', 'Retirement Plan', 0, 249, 268.53, 'Cross-sell Candidate', '2026-03-05', 'Branch Preferred', 0, 255, 270.75, 'SME Owner', '2026-03-11', 'Retirement Plan', 0, 261, 272.97, 'Cross-sell Candidate', '2026-03-17', 'Branch Preferred', 0, 267, 275.19, 'SME Owner', '2026-03-23', 'Retirement Plan', 0, 273, 277.41, 'Cross-sell Candidate', '2026-03-01', 'Branch Preferred', 0, 279, 279.63, 'SME Owner', '2026-03-07', 'Retirement Plan', 0, 285, 281.85, 'Cross-sell Candidate', '2026-03-13', 'Branch Preferred', 0, 291, 284.07, 'SME Owner', '2026-03-19', 'Retirement Plan', 0, 297, 286.29, 'Cross-sell Candidate', '2026-03-25', 'Branch Preferred', 0, 303, 288.51, 'SME Owner', '2026-03-03', 'Retirement Plan', 0, 309, 290.73, 'Cross-sell Candidate', '2026-03-09', 'Branch Preferred', 0, 315, 292.95, 'SME Owner', '2026-03-15', 'Retirement Plan', 0, 321, 295.17, 'Cross-sell Candidate', '2026-03-21', 'Branch Preferred', 0, 327, 297.39, 'SME Owner', '2026-03-27', 'Retirement Plan', 0, 333, 299.61, 'Cross-sell Candidate', '2026-03-05', 'Branch Preferred', 0, 339, 301.83, 'SME Owner', '2026-03-11', 'Retirement Plan', 0, 345, 304.05, 'Cross-sell Candidate', '2026-03-17', 'Branch Preferred', 0, 351, 306.27, 'SME Owner', '2026-03-23', 'Retirement Plan', 0, 357, 308.49, 'Cross-sell Candidate', '2026-03-01', 'Branch Preferred', 0, 363, 310.71, 'SME Owner', '2026-03-07', 'Retirement Plan', 0, 369, 312.93, 'Cross-sell Candidate', '2026-03-13', 'Branch Preferred', 0, 375, 315.15, 'SME Owner', '2026-03-19', 'Retirement Plan', 0, 381, 317.37, 'Cross-sell Candidate', '2026-03-25', 'Branch Preferred', 0, 387, 319.59, 'SME Owner', '2026-03-03', 'Retirement Plan', 0, 393, 321.81, 'Cross-sell Candidate', '2026-03-09', 'Branch Preferred', 0, 399, 324.03, 'SME Owner', '2026-03-15', 'Retirement Plan', 0, 405, 326.25, 'Cross-sell Candidate', '2026-03-21', 'Branch Preferred', 0, 411, 328.47, 'SME Owner', '2026-03-27', 'Retirement Plan', 0, 417, 330.69, 'Cross-sell Candidate', '2026-03-05', 'Branch Preferred', 0, 423, 332.91, 'SME Owner', '2026-03-11', 'Retirement Plan', 0, 429, 335.13, 'Cross-sell Candidate', '2026-03-17', 'Branch Preferred', 0, 435, 337.35, 'SME Owner', '2026-03-23', 'Retirement Plan', 0, 441, 339.57, 'Cross-sell Candidate', '2026-03-01', 'Branch Preferred', 0, 447, 341.79, 'SME Owner', '2026-03-07', 'Retirement Plan', 0, 453, 344.01, 'Cross-sell Candidate', '2026-03-13', 'Branch Preferred', 0, 459, 346.23, 'SME Owner', '2026-03-19', 'Retirement Plan', 0, 465, 348.45, 'Cross-sell Candidate', '2026-03-25', 'Branch Preferred', 0, 471, 350.67, 'SME Owner', '2026-03-03', 'Retirement Plan', 0, 477, 352.89, 'Cross-sell Candidate', '2026-03-09', 'Branch Preferred', 0, 483, 355.11, 'SME Owner', '2026-03-15', 'Retirement Plan', 0, 489, 357.33, 'Cross-sell Candidate', '2026-03-21', 'Branch Preferred'),
  (1009, '2026-04-09', 'Ava Xu', 'JI********1009', '138****1009', 2, 41, '40-49', 'Suzhou', 'Jiangsu', 4, 'Operations Manager', '2024-09-09', 'Mass', 83.6, 21.8, 3.8, 36.0, 12.0, 0.12, 1, 1, 1, 3, 722, 'A', 1, 'APP', 21, '2026-04-20', 'Low', 'New', 0.12, 96.0, '["Mortgage Customer","Family Finance","Cross-sell Candidate"]', 0, '2026-04-20 10:00:00', '2026-04-20 18:00:00', 1, 36, 201.11, 'Digital Active', '2026-03-14', 'Salary Income', 1, 42, 203.33, 'Risk Watch', '2026-03-20', 'Travel Spender', 1, 48, 205.55, 'Digital Active', '2026-03-26', 'Salary Income', 1, 54, 207.77, 'Risk Watch', '2026-03-04', 'Travel Spender', 1, 60, 209.99, 'Digital Active', '2026-03-10', 'Salary Income', 1, 66, 212.21, 'Risk Watch', '2026-03-16', 'Travel Spender', 1, 72, 214.43, 'Digital Active', '2026-03-22', 'Salary Income', 1, 78, 216.65, 'Risk Watch', '2026-03-28', 'Travel Spender', 1, 84, 218.87, 'Digital Active', '2026-03-06', 'Salary Income', 1, 90, 221.09, 'Risk Watch', '2026-03-12', 'Travel Spender', 1, 96, 223.31, 'Digital Active', '2026-03-18', 'Salary Income', 1, 102, 225.53, 'Risk Watch', '2026-03-24', 'Travel Spender', 1, 108, 227.75, 'Digital Active', '2026-03-02', 'Salary Income', 1, 114, 229.97, 'Risk Watch', '2026-03-08', 'Travel Spender', 1, 120, 232.19, 'Digital Active', '2026-03-14', 'Salary Income', 1, 126, 234.41, 'Risk Watch', '2026-03-20', 'Travel Spender', 1, 132, 236.63, 'Digital Active', '2026-03-26', 'Salary Income', 1, 138, 238.85, 'Risk Watch', '2026-03-04', 'Travel Spender', 1, 144, 241.07, 'Digital Active', '2026-03-10', 'Salary Income', 1, 150, 243.29, 'Risk Watch', '2026-03-16', 'Travel Spender', 1, 156, 245.51, 'Digital Active', '2026-03-22', 'Salary Income', 1, 162, 247.73, 'Risk Watch', '2026-03-28', 'Travel Spender', 1, 168, 249.95, 'Digital Active', '2026-03-06', 'Salary Income', 1, 174, 252.17, 'Risk Watch', '2026-03-12', 'Travel Spender', 1, 180, 254.39, 'Digital Active', '2026-03-18', 'Salary Income', 1, 186, 256.61, 'Risk Watch', '2026-03-24', 'Travel Spender', 1, 192, 258.83, 'Digital Active', '2026-03-02', 'Salary Income', 1, 198, 261.05, 'Risk Watch', '2026-03-08', 'Travel Spender', 1, 204, 263.27, 'Digital Active', '2026-03-14', 'Salary Income', 1, 210, 265.49, 'Risk Watch', '2026-03-20', 'Travel Spender', 1, 216, 267.71, 'Digital Active', '2026-03-26', 'Salary Income', 1, 222, 269.93, 'Risk Watch', '2026-03-04', 'Travel Spender', 1, 228, 272.15, 'Digital Active', '2026-03-10', 'Salary Income', 1, 234, 274.37, 'Risk Watch', '2026-03-16', 'Travel Spender', 1, 240, 276.59, 'Digital Active', '2026-03-22', 'Salary Income', 1, 246, 278.81, 'Risk Watch', '2026-03-28', 'Travel Spender', 1, 252, 281.03, 'Digital Active', '2026-03-06', 'Salary Income', 1, 258, 283.25, 'Risk Watch', '2026-03-12', 'Travel Spender', 1, 264, 285.47, 'Digital Active', '2026-03-18', 'Salary Income', 1, 270, 287.69, 'Risk Watch', '2026-03-24', 'Travel Spender', 1, 276, 289.91, 'Digital Active', '2026-03-02', 'Salary Income', 1, 282, 292.13, 'Risk Watch', '2026-03-08', 'Travel Spender', 1, 288, 294.35, 'Digital Active', '2026-03-14', 'Salary Income', 1, 294, 296.57, 'Risk Watch', '2026-03-20', 'Travel Spender', 1, 300, 298.79, 'Digital Active', '2026-03-26', 'Salary Income', 1, 306, 301.01, 'Risk Watch', '2026-03-04', 'Travel Spender', 1, 312, 303.23, 'Digital Active', '2026-03-10', 'Salary Income', 1, 318, 305.45, 'Risk Watch', '2026-03-16', 'Travel Spender', 1, 324, 307.67, 'Digital Active', '2026-03-22', 'Salary Income', 1, 330, 309.89, 'Risk Watch', '2026-03-28', 'Travel Spender', 1, 336, 312.11, 'Digital Active', '2026-03-06', 'Salary Income', 1, 342, 314.33, 'Risk Watch', '2026-03-12', 'Travel Spender', 1, 348, 316.55, 'Digital Active', '2026-03-18', 'Salary Income', 1, 354, 318.77, 'Risk Watch', '2026-03-24', 'Travel Spender', 1, 360, 320.99, 'Digital Active', '2026-03-02', 'Salary Income', 1, 366, 323.21, 'Risk Watch', '2026-03-08', 'Travel Spender', 1, 372, 325.43, 'Digital Active', '2026-03-14', 'Salary Income', 1, 378, 327.65, 'Risk Watch', '2026-03-20', 'Travel Spender', 1, 384, 329.87, 'Digital Active', '2026-03-26', 'Salary Income', 1, 390, 332.09, 'Risk Watch', '2026-03-04', 'Travel Spender', 1, 396, 334.31, 'Digital Active', '2026-03-10', 'Salary Income', 1, 402, 336.53, 'Risk Watch', '2026-03-16', 'Travel Spender', 1, 408, 338.75, 'Digital Active', '2026-03-22', 'Salary Income', 1, 414, 340.97, 'Risk Watch', '2026-03-28', 'Travel Spender', 1, 420, 343.19, 'Digital Active', '2026-03-06', 'Salary Income', 1, 426, 345.41, 'Risk Watch', '2026-03-12', 'Travel Spender', 1, 432, 347.63, 'Digital Active', '2026-03-18', 'Salary Income', 1, 438, 349.85, 'Risk Watch', '2026-03-24', 'Travel Spender', 1, 444, 352.07, 'Digital Active', '2026-03-02', 'Salary Income', 1, 450, 354.29, 'Risk Watch', '2026-03-08', 'Travel Spender', 1, 456, 356.51, 'Digital Active', '2026-03-14', 'Salary Income', 1, 462, 358.73, 'Risk Watch', '2026-03-20', 'Travel Spender', 1, 468, 360.95, 'Digital Active', '2026-03-26', 'Salary Income', 1, 474, 363.17, 'Risk Watch', '2026-03-04', 'Travel Spender', 1, 480, 365.39, 'Digital Active', '2026-03-10', 'Salary Income', 1, 486, 367.61, 'Risk Watch', '2026-03-16', 'Travel Spender', 1, 492, 369.83, 'Digital Active', '2026-03-22', 'Salary Income'),
  (1010, '2026-04-10', 'James Zhou', 'GU********1010', '138****1010', 1, 48, '40-49', 'Guangzhou', 'Guangdong', 5, 'Architect', '2024-10-10', 'Affluent', 95.3, 23.9, 6.4, 48.0, 17.0, 0.54, 0, 1, 0, 4, 731, 'A+', 1, 'WEB', 23, '2026-04-21', 'Medium', 'Growth', 0.19, 100.5, '["High Net Worth","Insurance Potential","Branch Preferred"]', 0, '2026-04-20 10:00:00', '2026-04-21 18:00:00', 0, 39, 213.61, 'Branch Preferred', '2026-03-15', 'Fund Investor', 0, 45, 215.83, 'Retirement Plan', '2026-03-21', 'Education Saver', 0, 51, 218.05, 'Branch Preferred', '2026-03-27', 'Fund Investor', 0, 57, 220.27, 'Retirement Plan', '2026-03-05', 'Education Saver', 0, 63, 222.49, 'Branch Preferred', '2026-03-11', 'Fund Investor', 0, 69, 224.71, 'Retirement Plan', '2026-03-17', 'Education Saver', 0, 75, 226.93, 'Branch Preferred', '2026-03-23', 'Fund Investor', 0, 81, 229.15, 'Retirement Plan', '2026-03-01', 'Education Saver', 0, 87, 231.37, 'Branch Preferred', '2026-03-07', 'Fund Investor', 0, 93, 233.59, 'Retirement Plan', '2026-03-13', 'Education Saver', 0, 99, 235.81, 'Branch Preferred', '2026-03-19', 'Fund Investor', 0, 105, 238.03, 'Retirement Plan', '2026-03-25', 'Education Saver', 0, 111, 240.25, 'Branch Preferred', '2026-03-03', 'Fund Investor', 0, 117, 242.47, 'Retirement Plan', '2026-03-09', 'Education Saver', 0, 123, 244.69, 'Branch Preferred', '2026-03-15', 'Fund Investor', 0, 129, 246.91, 'Retirement Plan', '2026-03-21', 'Education Saver', 0, 135, 249.13, 'Branch Preferred', '2026-03-27', 'Fund Investor', 0, 141, 251.35, 'Retirement Plan', '2026-03-05', 'Education Saver', 0, 147, 253.57, 'Branch Preferred', '2026-03-11', 'Fund Investor', 0, 153, 255.79, 'Retirement Plan', '2026-03-17', 'Education Saver', 0, 159, 258.01, 'Branch Preferred', '2026-03-23', 'Fund Investor', 0, 165, 260.23, 'Retirement Plan', '2026-03-01', 'Education Saver', 0, 171, 262.45, 'Branch Preferred', '2026-03-07', 'Fund Investor', 0, 177, 264.67, 'Retirement Plan', '2026-03-13', 'Education Saver', 0, 183, 266.89, 'Branch Preferred', '2026-03-19', 'Fund Investor', 0, 189, 269.11, 'Retirement Plan', '2026-03-25', 'Education Saver', 0, 195, 271.33, 'Branch Preferred', '2026-03-03', 'Fund Investor', 0, 201, 273.55, 'Retirement Plan', '2026-03-09', 'Education Saver', 0, 207, 275.77, 'Branch Preferred', '2026-03-15', 'Fund Investor', 0, 213, 277.99, 'Retirement Plan', '2026-03-21', 'Education Saver', 0, 219, 280.21, 'Branch Preferred', '2026-03-27', 'Fund Investor', 0, 225, 282.43, 'Retirement Plan', '2026-03-05', 'Education Saver', 0, 231, 284.65, 'Branch Preferred', '2026-03-11', 'Fund Investor', 0, 237, 286.87, 'Retirement Plan', '2026-03-17', 'Education Saver', 0, 243, 289.09, 'Branch Preferred', '2026-03-23', 'Fund Investor', 0, 249, 291.31, 'Retirement Plan', '2026-03-01', 'Education Saver', 0, 255, 293.53, 'Branch Preferred', '2026-03-07', 'Fund Investor', 0, 261, 295.75, 'Retirement Plan', '2026-03-13', 'Education Saver', 0, 267, 297.97, 'Branch Preferred', '2026-03-19', 'Fund Investor', 0, 273, 300.19, 'Retirement Plan', '2026-03-25', 'Education Saver', 0, 279, 302.41, 'Branch Preferred', '2026-03-03', 'Fund Investor', 0, 285, 304.63, 'Retirement Plan', '2026-03-09', 'Education Saver', 0, 291, 306.85, 'Branch Preferred', '2026-03-15', 'Fund Investor', 0, 297, 309.07, 'Retirement Plan', '2026-03-21', 'Education Saver', 0, 303, 311.29, 'Branch Preferred', '2026-03-27', 'Fund Investor', 0, 309, 313.51, 'Retirement Plan', '2026-03-05', 'Education Saver', 0, 315, 315.73, 'Branch Preferred', '2026-03-11', 'Fund Investor', 0, 321, 317.95, 'Retirement Plan', '2026-03-17', 'Education Saver', 0, 327, 320.17, 'Branch Preferred', '2026-03-23', 'Fund Investor', 0, 333, 322.39, 'Retirement Plan', '2026-03-01', 'Education Saver', 0, 339, 324.61, 'Branch Preferred', '2026-03-07', 'Fund Investor', 0, 345, 326.83, 'Retirement Plan', '2026-03-13', 'Education Saver', 0, 351, 329.05, 'Branch Preferred', '2026-03-19', 'Fund Investor', 0, 357, 331.27, 'Retirement Plan', '2026-03-25', 'Education Saver', 0, 363, 333.49, 'Branch Preferred', '2026-03-03', 'Fund Investor', 0, 369, 335.71, 'Retirement Plan', '2026-03-09', 'Education Saver', 0, 375, 337.93, 'Branch Preferred', '2026-03-15', 'Fund Investor', 0, 381, 340.15, 'Retirement Plan', '2026-03-21', 'Education Saver', 0, 387, 342.37, 'Branch Preferred', '2026-03-27', 'Fund Investor', 0, 393, 344.59, 'Retirement Plan', '2026-03-05', 'Education Saver', 0, 399, 346.81, 'Branch Preferred', '2026-03-11', 'Fund Investor', 0, 405, 349.03, 'Retirement Plan', '2026-03-17', 'Education Saver', 0, 411, 351.25, 'Branch Preferred', '2026-03-23', 'Fund Investor', 0, 417, 353.47, 'Retirement Plan', '2026-03-01', 'Education Saver', 0, 423, 355.69, 'Branch Preferred', '2026-03-07', 'Fund Investor', 0, 429, 357.91, 'Retirement Plan', '2026-03-13', 'Education Saver', 0, 435, 360.13, 'Branch Preferred', '2026-03-19', 'Fund Investor', 0, 441, 362.35, 'Retirement Plan', '2026-03-25', 'Education Saver', 0, 447, 364.57, 'Branch Preferred', '2026-03-03', 'Fund Investor', 0, 453, 366.79, 'Retirement Plan', '2026-03-09', 'Education Saver', 0, 459, 369.01, 'Branch Preferred', '2026-03-15', 'Fund Investor', 0, 465, 371.23, 'Retirement Plan', '2026-03-21', 'Education Saver', 0, 471, 373.45, 'Branch Preferred', '2026-03-27', 'Fund Investor', 0, 477, 375.67, 'Retirement Plan', '2026-03-05', 'Education Saver', 0, 483, 377.89, 'Branch Preferred', '2026-03-11', 'Fund Investor', 0, 489, 380.11, 'Retirement Plan', '2026-03-17', 'Education Saver', 0, 495, 382.33, 'Branch Preferred', '2026-03-23', 'Fund Investor'),
  (1011, '2026-04-11', 'Mia Sun', 'CH********1011', '138****1011', 2, 33, '30-39', 'Chongqing', 'Chongqing', 1, 'Marketing Director', '2024-11-11', 'Premier', 107.0, 26.0, 9.0, 0.0, 22.0, 0.96, 1, 1, 0, 5, 740, 'AA', 2, 'BRANCH', 25, '2026-04-22', 'High', 'Mature', 0.26, 105.0, '["Credit Card Active","Dormant App User","Churn Risk"]', 1, '2026-04-20 10:00:00', '2026-04-22 18:00:00', 1, 42, 226.11, 'Salary Income', '2026-03-16', 'Mortgage Family', 1, 48, 228.33, 'Travel Spender', '2026-03-22', 'Insurance Potential', 1, 54, 230.55, 'Salary Income', '2026-03-28', 'Mortgage Family', 1, 60, 232.77, 'Travel Spender', '2026-03-06', 'Insurance Potential', 1, 66, 234.99, 'Salary Income', '2026-03-12', 'Mortgage Family', 1, 72, 237.21, 'Travel Spender', '2026-03-18', 'Insurance Potential', 1, 78, 239.43, 'Salary Income', '2026-03-24', 'Mortgage Family', 1, 84, 241.65, 'Travel Spender', '2026-03-02', 'Insurance Potential', 1, 90, 243.87, 'Salary Income', '2026-03-08', 'Mortgage Family', 1, 96, 246.09, 'Travel Spender', '2026-03-14', 'Insurance Potential', 1, 102, 248.31, 'Salary Income', '2026-03-20', 'Mortgage Family', 1, 108, 250.53, 'Travel Spender', '2026-03-26', 'Insurance Potential', 1, 114, 252.75, 'Salary Income', '2026-03-04', 'Mortgage Family', 1, 120, 254.97, 'Travel Spender', '2026-03-10', 'Insurance Potential', 1, 126, 257.19, 'Salary Income', '2026-03-16', 'Mortgage Family', 1, 132, 259.41, 'Travel Spender', '2026-03-22', 'Insurance Potential', 1, 138, 261.63, 'Salary Income', '2026-03-28', 'Mortgage Family', 1, 144, 263.85, 'Travel Spender', '2026-03-06', 'Insurance Potential', 1, 150, 266.07, 'Salary Income', '2026-03-12', 'Mortgage Family', 1, 156, 268.29, 'Travel Spender', '2026-03-18', 'Insurance Potential', 1, 162, 270.51, 'Salary Income', '2026-03-24', 'Mortgage Family', 1, 168, 272.73, 'Travel Spender', '2026-03-02', 'Insurance Potential', 1, 174, 274.95, 'Salary Income', '2026-03-08', 'Mortgage Family', 1, 180, 277.17, 'Travel Spender', '2026-03-14', 'Insurance Potential', 1, 186, 279.39, 'Salary Income', '2026-03-20', 'Mortgage Family', 1, 192, 281.61, 'Travel Spender', '2026-03-26', 'Insurance Potential', 1, 198, 283.83, 'Salary Income', '2026-03-04', 'Mortgage Family', 1, 204, 286.05, 'Travel Spender', '2026-03-10', 'Insurance Potential', 1, 210, 288.27, 'Salary Income', '2026-03-16', 'Mortgage Family', 1, 216, 290.49, 'Travel Spender', '2026-03-22', 'Insurance Potential', 1, 222, 292.71, 'Salary Income', '2026-03-28', 'Mortgage Family', 1, 228, 294.93, 'Travel Spender', '2026-03-06', 'Insurance Potential', 1, 234, 297.15, 'Salary Income', '2026-03-12', 'Mortgage Family', 1, 240, 299.37, 'Travel Spender', '2026-03-18', 'Insurance Potential', 1, 246, 301.59, 'Salary Income', '2026-03-24', 'Mortgage Family', 1, 252, 303.81, 'Travel Spender', '2026-03-02', 'Insurance Potential', 1, 258, 306.03, 'Salary Income', '2026-03-08', 'Mortgage Family', 1, 264, 308.25, 'Travel Spender', '2026-03-14', 'Insurance Potential', 1, 270, 310.47, 'Salary Income', '2026-03-20', 'Mortgage Family', 1, 276, 312.69, 'Travel Spender', '2026-03-26', 'Insurance Potential', 1, 282, 314.91, 'Salary Income', '2026-03-04', 'Mortgage Family', 1, 288, 317.13, 'Travel Spender', '2026-03-10', 'Insurance Potential', 1, 294, 319.35, 'Salary Income', '2026-03-16', 'Mortgage Family', 1, 300, 321.57, 'Travel Spender', '2026-03-22', 'Insurance Potential', 1, 306, 323.79, 'Salary Income', '2026-03-28', 'Mortgage Family', 1, 312, 326.01, 'Travel Spender', '2026-03-06', 'Insurance Potential', 1, 318, 328.23, 'Salary Income', '2026-03-12', 'Mortgage Family', 1, 324, 330.45, 'Travel Spender', '2026-03-18', 'Insurance Potential', 1, 330, 332.67, 'Salary Income', '2026-03-24', 'Mortgage Family', 1, 336, 334.89, 'Travel Spender', '2026-03-02', 'Insurance Potential', 1, 342, 337.11, 'Salary Income', '2026-03-08', 'Mortgage Family', 1, 348, 339.33, 'Travel Spender', '2026-03-14', 'Insurance Potential', 1, 354, 341.55, 'Salary Income', '2026-03-20', 'Mortgage Family', 1, 360, 343.77, 'Travel Spender', '2026-03-26', 'Insurance Potential', 1, 366, 345.99, 'Salary Income', '2026-03-04', 'Mortgage Family', 1, 372, 348.21, 'Travel Spender', '2026-03-10', 'Insurance Potential', 1, 378, 350.43, 'Salary Income', '2026-03-16', 'Mortgage Family', 1, 384, 352.65, 'Travel Spender', '2026-03-22', 'Insurance Potential', 1, 390, 354.87, 'Salary Income', '2026-03-28', 'Mortgage Family', 1, 396, 357.09, 'Travel Spender', '2026-03-06', 'Insurance Potential', 1, 402, 359.31, 'Salary Income', '2026-03-12', 'Mortgage Family', 1, 408, 361.53, 'Travel Spender', '2026-03-18', 'Insurance Potential', 1, 414, 363.75, 'Salary Income', '2026-03-24', 'Mortgage Family', 1, 420, 365.97, 'Travel Spender', '2026-03-02', 'Insurance Potential', 1, 426, 368.19, 'Salary Income', '2026-03-08', 'Mortgage Family', 1, 432, 370.41, 'Travel Spender', '2026-03-14', 'Insurance Potential', 1, 438, 372.63, 'Salary Income', '2026-03-20', 'Mortgage Family', 1, 444, 374.85, 'Travel Spender', '2026-03-26', 'Insurance Potential', 1, 450, 377.07, 'Salary Income', '2026-03-04', 'Mortgage Family', 1, 456, 379.29, 'Travel Spender', '2026-03-10', 'Insurance Potential', 1, 462, 381.51, 'Salary Income', '2026-03-16', 'Mortgage Family', 1, 468, 383.73, 'Travel Spender', '2026-03-22', 'Insurance Potential', 1, 474, 385.95, 'Salary Income', '2026-03-28', 'Mortgage Family', 1, 480, 388.17, 'Travel Spender', '2026-03-06', 'Insurance Potential', 1, 486, 390.39, 'Salary Income', '2026-03-12', 'Mortgage Family', 1, 492, 392.61, 'Travel Spender', '2026-03-18', 'Insurance Potential', 1, 498, 394.83, 'Salary Income', '2026-03-24', 'Mortgage Family'),
  (1012, '2026-04-12', 'Ethan Ma', 'SH********1012', '138****1012', 1, 46, '40-49', 'Qingdao', 'Shandong', 2, 'Civil Servant', '2024-12-12', 'Private', 118.7, 28.1, 11.6, 12.0, 27.0, 1.38, 0, 1, 0, 6, 749, 'AAA', 1, 'RM', 27, '2026-04-23', 'Very High', 'Retention', 0.33, 109.5, '["Salary Customer","Retirement Planning","Branch Preferred"]', 0, '2026-04-20 10:00:00', '2026-04-23 18:00:00', 0, 45, 238.61, 'Fund Investor', '2026-03-17', 'SME Owner', 0, 51, 240.83, 'Education Saver', '2026-03-23', 'Cross-sell Candidate', 0, 57, 243.05, 'Fund Investor', '2026-03-01', 'SME Owner', 0, 63, 245.27, 'Education Saver', '2026-03-07', 'Cross-sell Candidate', 0, 69, 247.49, 'Fund Investor', '2026-03-13', 'SME Owner', 0, 75, 249.71, 'Education Saver', '2026-03-19', 'Cross-sell Candidate', 0, 81, 251.93, 'Fund Investor', '2026-03-25', 'SME Owner', 0, 87, 254.15, 'Education Saver', '2026-03-03', 'Cross-sell Candidate', 0, 93, 256.37, 'Fund Investor', '2026-03-09', 'SME Owner', 0, 99, 258.59, 'Education Saver', '2026-03-15', 'Cross-sell Candidate', 0, 105, 260.81, 'Fund Investor', '2026-03-21', 'SME Owner', 0, 111, 263.03, 'Education Saver', '2026-03-27', 'Cross-sell Candidate', 0, 117, 265.25, 'Fund Investor', '2026-03-05', 'SME Owner', 0, 123, 267.47, 'Education Saver', '2026-03-11', 'Cross-sell Candidate', 0, 129, 269.69, 'Fund Investor', '2026-03-17', 'SME Owner', 0, 135, 271.91, 'Education Saver', '2026-03-23', 'Cross-sell Candidate', 0, 141, 274.13, 'Fund Investor', '2026-03-01', 'SME Owner', 0, 147, 276.35, 'Education Saver', '2026-03-07', 'Cross-sell Candidate', 0, 153, 278.57, 'Fund Investor', '2026-03-13', 'SME Owner', 0, 159, 280.79, 'Education Saver', '2026-03-19', 'Cross-sell Candidate', 0, 165, 283.01, 'Fund Investor', '2026-03-25', 'SME Owner', 0, 171, 285.23, 'Education Saver', '2026-03-03', 'Cross-sell Candidate', 0, 177, 287.45, 'Fund Investor', '2026-03-09', 'SME Owner', 0, 183, 289.67, 'Education Saver', '2026-03-15', 'Cross-sell Candidate', 0, 189, 291.89, 'Fund Investor', '2026-03-21', 'SME Owner', 0, 195, 294.11, 'Education Saver', '2026-03-27', 'Cross-sell Candidate', 0, 201, 296.33, 'Fund Investor', '2026-03-05', 'SME Owner', 0, 207, 298.55, 'Education Saver', '2026-03-11', 'Cross-sell Candidate', 0, 213, 300.77, 'Fund Investor', '2026-03-17', 'SME Owner', 0, 219, 302.99, 'Education Saver', '2026-03-23', 'Cross-sell Candidate', 0, 225, 305.21, 'Fund Investor', '2026-03-01', 'SME Owner', 0, 231, 307.43, 'Education Saver', '2026-03-07', 'Cross-sell Candidate', 0, 237, 309.65, 'Fund Investor', '2026-03-13', 'SME Owner', 0, 243, 311.87, 'Education Saver', '2026-03-19', 'Cross-sell Candidate', 0, 249, 314.09, 'Fund Investor', '2026-03-25', 'SME Owner', 0, 255, 316.31, 'Education Saver', '2026-03-03', 'Cross-sell Candidate', 0, 261, 318.53, 'Fund Investor', '2026-03-09', 'SME Owner', 0, 267, 320.75, 'Education Saver', '2026-03-15', 'Cross-sell Candidate', 0, 273, 322.97, 'Fund Investor', '2026-03-21', 'SME Owner', 0, 279, 325.19, 'Education Saver', '2026-03-27', 'Cross-sell Candidate', 0, 285, 327.41, 'Fund Investor', '2026-03-05', 'SME Owner', 0, 291, 329.63, 'Education Saver', '2026-03-11', 'Cross-sell Candidate', 0, 297, 331.85, 'Fund Investor', '2026-03-17', 'SME Owner', 0, 303, 334.07, 'Education Saver', '2026-03-23', 'Cross-sell Candidate', 0, 309, 336.29, 'Fund Investor', '2026-03-01', 'SME Owner', 0, 315, 338.51, 'Education Saver', '2026-03-07', 'Cross-sell Candidate', 0, 321, 340.73, 'Fund Investor', '2026-03-13', 'SME Owner', 0, 327, 342.95, 'Education Saver', '2026-03-19', 'Cross-sell Candidate', 0, 333, 345.17, 'Fund Investor', '2026-03-25', 'SME Owner', 0, 339, 347.39, 'Education Saver', '2026-03-03', 'Cross-sell Candidate', 0, 345, 349.61, 'Fund Investor', '2026-03-09', 'SME Owner', 0, 351, 351.83, 'Education Saver', '2026-03-15', 'Cross-sell Candidate', 0, 357, 354.05, 'Fund Investor', '2026-03-21', 'SME Owner', 0, 363, 356.27, 'Education Saver', '2026-03-27', 'Cross-sell Candidate', 0, 369, 358.49, 'Fund Investor', '2026-03-05', 'SME Owner', 0, 375, 360.71, 'Education Saver', '2026-03-11', 'Cross-sell Candidate', 0, 381, 362.93, 'Fund Investor', '2026-03-17', 'SME Owner', 0, 387, 365.15, 'Education Saver', '2026-03-23', 'Cross-sell Candidate', 0, 393, 367.37, 'Fund Investor', '2026-03-01', 'SME Owner', 0, 399, 369.59, 'Education Saver', '2026-03-07', 'Cross-sell Candidate', 0, 405, 371.81, 'Fund Investor', '2026-03-13', 'SME Owner', 0, 411, 374.03, 'Education Saver', '2026-03-19', 'Cross-sell Candidate', 0, 417, 376.25, 'Fund Investor', '2026-03-25', 'SME Owner', 0, 423, 378.47, 'Education Saver', '2026-03-03', 'Cross-sell Candidate', 0, 429, 380.69, 'Fund Investor', '2026-03-09', 'SME Owner', 0, 435, 382.91, 'Education Saver', '2026-03-15', 'Cross-sell Candidate', 0, 441, 385.13, 'Fund Investor', '2026-03-21', 'SME Owner', 0, 447, 387.35, 'Education Saver', '2026-03-27', 'Cross-sell Candidate', 0, 453, 389.57, 'Fund Investor', '2026-03-05', 'SME Owner', 0, 459, 391.79, 'Education Saver', '2026-03-11', 'Cross-sell Candidate', 0, 465, 394.01, 'Fund Investor', '2026-03-17', 'SME Owner', 0, 471, 396.23, 'Education Saver', '2026-03-23', 'Cross-sell Candidate', 0, 477, 398.45, 'Fund Investor', '2026-03-01', 'SME Owner', 0, 483, 400.67, 'Education Saver', '2026-03-07', 'Cross-sell Candidate', 0, 489, 402.89, 'Fund Investor', '2026-03-13', 'SME Owner', 0, 495, 405.11, 'Education Saver', '2026-03-19', 'Cross-sell Candidate', 0, 501, 407.33, 'Fund Investor', '2026-03-25', 'SME Owner'),
  (1013, '2026-04-13', 'Charlotte Yang', 'FU********1013', '138****1013', 2, 28, '20-29', 'Xiamen', 'Fujian', 3, 'Data Analyst', '2024-01-13', 'Mass', 116.4, 30.2, 14.2, 24.0, 2.0, 0.12, 1, 1, 0, 7, 758, 'A', 1, 'APP', 29, '2026-04-24', 'Low', 'New', 0.4, 114.0, '["Mobile Banking Active","Fund Investor","Young Professional"]', 0, '2026-04-20 10:00:00', '2026-04-24 18:00:00', 1, 48, 251.11, 'Mortgage Family', '2026-03-18', 'Risk Watch', 1, 54, 253.33, 'Insurance Potential', '2026-03-24', 'Digital Active', 1, 60, 255.55, 'Mortgage Family', '2026-03-02', 'Risk Watch', 1, 66, 257.77, 'Insurance Potential', '2026-03-08', 'Digital Active', 1, 72, 259.99, 'Mortgage Family', '2026-03-14', 'Risk Watch', 1, 78, 262.21, 'Insurance Potential', '2026-03-20', 'Digital Active', 1, 84, 264.43, 'Mortgage Family', '2026-03-26', 'Risk Watch', 1, 90, 266.65, 'Insurance Potential', '2026-03-04', 'Digital Active', 1, 96, 268.87, 'Mortgage Family', '2026-03-10', 'Risk Watch', 1, 102, 271.09, 'Insurance Potential', '2026-03-16', 'Digital Active', 1, 108, 273.31, 'Mortgage Family', '2026-03-22', 'Risk Watch', 1, 114, 275.53, 'Insurance Potential', '2026-03-28', 'Digital Active', 1, 120, 277.75, 'Mortgage Family', '2026-03-06', 'Risk Watch', 1, 126, 279.97, 'Insurance Potential', '2026-03-12', 'Digital Active', 1, 132, 282.19, 'Mortgage Family', '2026-03-18', 'Risk Watch', 1, 138, 284.41, 'Insurance Potential', '2026-03-24', 'Digital Active', 1, 144, 286.63, 'Mortgage Family', '2026-03-02', 'Risk Watch', 1, 150, 288.85, 'Insurance Potential', '2026-03-08', 'Digital Active', 1, 156, 291.07, 'Mortgage Family', '2026-03-14', 'Risk Watch', 1, 162, 293.29, 'Insurance Potential', '2026-03-20', 'Digital Active', 1, 168, 295.51, 'Mortgage Family', '2026-03-26', 'Risk Watch', 1, 174, 297.73, 'Insurance Potential', '2026-03-04', 'Digital Active', 1, 180, 299.95, 'Mortgage Family', '2026-03-10', 'Risk Watch', 1, 186, 302.17, 'Insurance Potential', '2026-03-16', 'Digital Active', 1, 192, 304.39, 'Mortgage Family', '2026-03-22', 'Risk Watch', 1, 198, 306.61, 'Insurance Potential', '2026-03-28', 'Digital Active', 1, 204, 308.83, 'Mortgage Family', '2026-03-06', 'Risk Watch', 1, 210, 311.05, 'Insurance Potential', '2026-03-12', 'Digital Active', 1, 216, 313.27, 'Mortgage Family', '2026-03-18', 'Risk Watch', 1, 222, 315.49, 'Insurance Potential', '2026-03-24', 'Digital Active', 1, 228, 317.71, 'Mortgage Family', '2026-03-02', 'Risk Watch', 1, 234, 319.93, 'Insurance Potential', '2026-03-08', 'Digital Active', 1, 240, 322.15, 'Mortgage Family', '2026-03-14', 'Risk Watch', 1, 246, 324.37, 'Insurance Potential', '2026-03-20', 'Digital Active', 1, 252, 326.59, 'Mortgage Family', '2026-03-26', 'Risk Watch', 1, 258, 328.81, 'Insurance Potential', '2026-03-04', 'Digital Active', 1, 264, 331.03, 'Mortgage Family', '2026-03-10', 'Risk Watch', 1, 270, 333.25, 'Insurance Potential', '2026-03-16', 'Digital Active', 1, 276, 335.47, 'Mortgage Family', '2026-03-22', 'Risk Watch', 1, 282, 337.69, 'Insurance Potential', '2026-03-28', 'Digital Active', 1, 288, 339.91, 'Mortgage Family', '2026-03-06', 'Risk Watch', 1, 294, 342.13, 'Insurance Potential', '2026-03-12', 'Digital Active', 1, 300, 344.35, 'Mortgage Family', '2026-03-18', 'Risk Watch', 1, 306, 346.57, 'Insurance Potential', '2026-03-24', 'Digital Active', 1, 312, 348.79, 'Mortgage Family', '2026-03-02', 'Risk Watch', 1, 318, 351.01, 'Insurance Potential', '2026-03-08', 'Digital Active', 1, 324, 353.23, 'Mortgage Family', '2026-03-14', 'Risk Watch', 1, 330, 355.45, 'Insurance Potential', '2026-03-20', 'Digital Active', 1, 336, 357.67, 'Mortgage Family', '2026-03-26', 'Risk Watch', 1, 342, 359.89, 'Insurance Potential', '2026-03-04', 'Digital Active', 1, 348, 362.11, 'Mortgage Family', '2026-03-10', 'Risk Watch', 1, 354, 364.33, 'Insurance Potential', '2026-03-16', 'Digital Active', 1, 360, 366.55, 'Mortgage Family', '2026-03-22', 'Risk Watch', 1, 366, 368.77, 'Insurance Potential', '2026-03-28', 'Digital Active', 1, 372, 370.99, 'Mortgage Family', '2026-03-06', 'Risk Watch', 1, 378, 373.21, 'Insurance Potential', '2026-03-12', 'Digital Active', 1, 384, 375.43, 'Mortgage Family', '2026-03-18', 'Risk Watch', 1, 390, 377.65, 'Insurance Potential', '2026-03-24', 'Digital Active', 1, 396, 379.87, 'Mortgage Family', '2026-03-02', 'Risk Watch', 1, 402, 382.09, 'Insurance Potential', '2026-03-08', 'Digital Active', 1, 408, 384.31, 'Mortgage Family', '2026-03-14', 'Risk Watch', 1, 414, 386.53, 'Insurance Potential', '2026-03-20', 'Digital Active', 1, 420, 388.75, 'Mortgage Family', '2026-03-26', 'Risk Watch', 1, 426, 390.97, 'Insurance Potential', '2026-03-04', 'Digital Active', 1, 432, 393.19, 'Mortgage Family', '2026-03-10', 'Risk Watch', 1, 438, 395.41, 'Insurance Potential', '2026-03-16', 'Digital Active', 1, 444, 397.63, 'Mortgage Family', '2026-03-22', 'Risk Watch', 1, 450, 399.85, 'Insurance Potential', '2026-03-28', 'Digital Active', 1, 456, 402.07, 'Mortgage Family', '2026-03-06', 'Risk Watch', 1, 462, 404.29, 'Insurance Potential', '2026-03-12', 'Digital Active', 1, 468, 406.51, 'Mortgage Family', '2026-03-18', 'Risk Watch', 1, 474, 408.73, 'Insurance Potential', '2026-03-24', 'Digital Active', 1, 480, 410.95, 'Mortgage Family', '2026-03-02', 'Risk Watch', 1, 486, 413.17, 'Insurance Potential', '2026-03-08', 'Digital Active', 1, 492, 415.39, 'Mortgage Family', '2026-03-14', 'Risk Watch', 1, 498, 417.61, 'Insurance Potential', '2026-03-20', 'Digital Active', 1, 504, 419.83, 'Mortgage Family', '2026-03-26', 'Risk Watch'),
  (1014, '2026-04-14', 'Benjamin Lin', 'TI********1014', '138****1014', 1, 44, '40-49', 'Tianjin', 'Tianjin', 4, 'Lawyer', '2024-02-14', 'Affluent', 128.1, 32.3, 16.8, 36.0, 7.0, 0.54, 0, 1, 0, 8, 767, 'A+', 1, 'WEB', 31, '2026-04-25', 'Medium', 'Growth', 0.47, 118.5, '["High Net Worth","Wealth Product Interest","Insurance Potential"]', 0, '2026-04-20 10:00:00', '2026-04-25 18:00:00', 0, 51, 263.61, 'SME Owner', '2026-03-19', 'Retirement Plan', 0, 57, 265.83, 'Cross-sell Candidate', '2026-03-25', 'Branch Preferred', 0, 63, 268.05, 'SME Owner', '2026-03-03', 'Retirement Plan', 0, 69, 270.27, 'Cross-sell Candidate', '2026-03-09', 'Branch Preferred', 0, 75, 272.49, 'SME Owner', '2026-03-15', 'Retirement Plan', 0, 81, 274.71, 'Cross-sell Candidate', '2026-03-21', 'Branch Preferred', 0, 87, 276.93, 'SME Owner', '2026-03-27', 'Retirement Plan', 0, 93, 279.15, 'Cross-sell Candidate', '2026-03-05', 'Branch Preferred', 0, 99, 281.37, 'SME Owner', '2026-03-11', 'Retirement Plan', 0, 105, 283.59, 'Cross-sell Candidate', '2026-03-17', 'Branch Preferred', 0, 111, 285.81, 'SME Owner', '2026-03-23', 'Retirement Plan', 0, 117, 288.03, 'Cross-sell Candidate', '2026-03-01', 'Branch Preferred', 0, 123, 290.25, 'SME Owner', '2026-03-07', 'Retirement Plan', 0, 129, 292.47, 'Cross-sell Candidate', '2026-03-13', 'Branch Preferred', 0, 135, 294.69, 'SME Owner', '2026-03-19', 'Retirement Plan', 0, 141, 296.91, 'Cross-sell Candidate', '2026-03-25', 'Branch Preferred', 0, 147, 299.13, 'SME Owner', '2026-03-03', 'Retirement Plan', 0, 153, 301.35, 'Cross-sell Candidate', '2026-03-09', 'Branch Preferred', 0, 159, 303.57, 'SME Owner', '2026-03-15', 'Retirement Plan', 0, 165, 305.79, 'Cross-sell Candidate', '2026-03-21', 'Branch Preferred', 0, 171, 308.01, 'SME Owner', '2026-03-27', 'Retirement Plan', 0, 177, 310.23, 'Cross-sell Candidate', '2026-03-05', 'Branch Preferred', 0, 183, 312.45, 'SME Owner', '2026-03-11', 'Retirement Plan', 0, 189, 314.67, 'Cross-sell Candidate', '2026-03-17', 'Branch Preferred', 0, 195, 316.89, 'SME Owner', '2026-03-23', 'Retirement Plan', 0, 201, 319.11, 'Cross-sell Candidate', '2026-03-01', 'Branch Preferred', 0, 207, 321.33, 'SME Owner', '2026-03-07', 'Retirement Plan', 0, 213, 323.55, 'Cross-sell Candidate', '2026-03-13', 'Branch Preferred', 0, 219, 325.77, 'SME Owner', '2026-03-19', 'Retirement Plan', 0, 225, 327.99, 'Cross-sell Candidate', '2026-03-25', 'Branch Preferred', 0, 231, 330.21, 'SME Owner', '2026-03-03', 'Retirement Plan', 0, 237, 332.43, 'Cross-sell Candidate', '2026-03-09', 'Branch Preferred', 0, 243, 334.65, 'SME Owner', '2026-03-15', 'Retirement Plan', 0, 249, 336.87, 'Cross-sell Candidate', '2026-03-21', 'Branch Preferred', 0, 255, 339.09, 'SME Owner', '2026-03-27', 'Retirement Plan', 0, 261, 341.31, 'Cross-sell Candidate', '2026-03-05', 'Branch Preferred', 0, 267, 343.53, 'SME Owner', '2026-03-11', 'Retirement Plan', 0, 273, 345.75, 'Cross-sell Candidate', '2026-03-17', 'Branch Preferred', 0, 279, 347.97, 'SME Owner', '2026-03-23', 'Retirement Plan', 0, 285, 350.19, 'Cross-sell Candidate', '2026-03-01', 'Branch Preferred', 0, 291, 352.41, 'SME Owner', '2026-03-07', 'Retirement Plan', 0, 297, 354.63, 'Cross-sell Candidate', '2026-03-13', 'Branch Preferred', 0, 303, 356.85, 'SME Owner', '2026-03-19', 'Retirement Plan', 0, 309, 359.07, 'Cross-sell Candidate', '2026-03-25', 'Branch Preferred', 0, 315, 361.29, 'SME Owner', '2026-03-03', 'Retirement Plan', 0, 321, 363.51, 'Cross-sell Candidate', '2026-03-09', 'Branch Preferred', 0, 327, 365.73, 'SME Owner', '2026-03-15', 'Retirement Plan', 0, 333, 367.95, 'Cross-sell Candidate', '2026-03-21', 'Branch Preferred', 0, 339, 370.17, 'SME Owner', '2026-03-27', 'Retirement Plan', 0, 345, 372.39, 'Cross-sell Candidate', '2026-03-05', 'Branch Preferred', 0, 351, 374.61, 'SME Owner', '2026-03-11', 'Retirement Plan', 0, 357, 376.83, 'Cross-sell Candidate', '2026-03-17', 'Branch Preferred', 0, 363, 379.05, 'SME Owner', '2026-03-23', 'Retirement Plan', 0, 369, 381.27, 'Cross-sell Candidate', '2026-03-01', 'Branch Preferred', 0, 375, 383.49, 'SME Owner', '2026-03-07', 'Retirement Plan', 0, 381, 385.71, 'Cross-sell Candidate', '2026-03-13', 'Branch Preferred', 0, 387, 387.93, 'SME Owner', '2026-03-19', 'Retirement Plan', 0, 393, 390.15, 'Cross-sell Candidate', '2026-03-25', 'Branch Preferred', 0, 399, 392.37, 'SME Owner', '2026-03-03', 'Retirement Plan', 0, 405, 394.59, 'Cross-sell Candidate', '2026-03-09', 'Branch Preferred', 0, 411, 396.81, 'SME Owner', '2026-03-15', 'Retirement Plan', 0, 417, 399.03, 'Cross-sell Candidate', '2026-03-21', 'Branch Preferred', 0, 423, 401.25, 'SME Owner', '2026-03-27', 'Retirement Plan', 0, 429, 403.47, 'Cross-sell Candidate', '2026-03-05', 'Branch Preferred', 0, 435, 405.69, 'SME Owner', '2026-03-11', 'Retirement Plan', 0, 441, 407.91, 'Cross-sell Candidate', '2026-03-17', 'Branch Preferred', 0, 447, 410.13, 'SME Owner', '2026-03-23', 'Retirement Plan', 0, 453, 412.35, 'Cross-sell Candidate', '2026-03-01', 'Branch Preferred', 0, 459, 414.57, 'SME Owner', '2026-03-07', 'Retirement Plan', 0, 465, 416.79, 'Cross-sell Candidate', '2026-03-13', 'Branch Preferred', 0, 471, 419.01, 'SME Owner', '2026-03-19', 'Retirement Plan', 0, 477, 421.23, 'Cross-sell Candidate', '2026-03-25', 'Branch Preferred', 0, 483, 423.45, 'SME Owner', '2026-03-03', 'Retirement Plan', 0, 489, 425.67, 'Cross-sell Candidate', '2026-03-09', 'Branch Preferred', 0, 495, 427.89, 'SME Owner', '2026-03-15', 'Retirement Plan', 0, 501, 430.11, 'Cross-sell Candidate', '2026-03-21', 'Branch Preferred', 0, 507, 432.33, 'SME Owner', '2026-03-27', 'Retirement Plan'),
  (1015, '2026-04-15', 'Amelia Guo', 'ZH********1015', '138****1015', 2, 37, '30-39', 'Ningbo', 'Zhejiang', 5, 'Sales Director', '2024-03-15', 'Premier', 139.8, 34.4, 1.2, 48.0, 12.0, 0.96, 1, 1, 0, 9, 776, 'AA', 1, 'BRANCH', 33, '2026-04-26', 'High', 'Mature', 0.54, 123.0, '["Cross-sell Candidate","Credit Card Active","Family Finance"]', 0, '2026-04-20 10:00:00', '2026-04-26 18:00:00', 1, 54, 276.11, 'Risk Watch', '2026-03-20', 'Travel Spender', 1, 60, 278.33, 'Digital Active', '2026-03-26', 'Salary Income', 1, 66, 280.55, 'Risk Watch', '2026-03-04', 'Travel Spender', 1, 72, 282.77, 'Digital Active', '2026-03-10', 'Salary Income', 1, 78, 284.99, 'Risk Watch', '2026-03-16', 'Travel Spender', 1, 84, 287.21, 'Digital Active', '2026-03-22', 'Salary Income', 1, 90, 289.43, 'Risk Watch', '2026-03-28', 'Travel Spender', 1, 96, 291.65, 'Digital Active', '2026-03-06', 'Salary Income', 1, 102, 293.87, 'Risk Watch', '2026-03-12', 'Travel Spender', 1, 108, 296.09, 'Digital Active', '2026-03-18', 'Salary Income', 1, 114, 298.31, 'Risk Watch', '2026-03-24', 'Travel Spender', 1, 120, 300.53, 'Digital Active', '2026-03-02', 'Salary Income', 1, 126, 302.75, 'Risk Watch', '2026-03-08', 'Travel Spender', 1, 132, 304.97, 'Digital Active', '2026-03-14', 'Salary Income', 1, 138, 307.19, 'Risk Watch', '2026-03-20', 'Travel Spender', 1, 144, 309.41, 'Digital Active', '2026-03-26', 'Salary Income', 1, 150, 311.63, 'Risk Watch', '2026-03-04', 'Travel Spender', 1, 156, 313.85, 'Digital Active', '2026-03-10', 'Salary Income', 1, 162, 316.07, 'Risk Watch', '2026-03-16', 'Travel Spender', 1, 168, 318.29, 'Digital Active', '2026-03-22', 'Salary Income', 1, 174, 320.51, 'Risk Watch', '2026-03-28', 'Travel Spender', 1, 180, 322.73, 'Digital Active', '2026-03-06', 'Salary Income', 1, 186, 324.95, 'Risk Watch', '2026-03-12', 'Travel Spender', 1, 192, 327.17, 'Digital Active', '2026-03-18', 'Salary Income', 1, 198, 329.39, 'Risk Watch', '2026-03-24', 'Travel Spender', 1, 204, 331.61, 'Digital Active', '2026-03-02', 'Salary Income', 1, 210, 333.83, 'Risk Watch', '2026-03-08', 'Travel Spender', 1, 216, 336.05, 'Digital Active', '2026-03-14', 'Salary Income', 1, 222, 338.27, 'Risk Watch', '2026-03-20', 'Travel Spender', 1, 228, 340.49, 'Digital Active', '2026-03-26', 'Salary Income', 1, 234, 342.71, 'Risk Watch', '2026-03-04', 'Travel Spender', 1, 240, 344.93, 'Digital Active', '2026-03-10', 'Salary Income', 1, 246, 347.15, 'Risk Watch', '2026-03-16', 'Travel Spender', 1, 252, 349.37, 'Digital Active', '2026-03-22', 'Salary Income', 1, 258, 351.59, 'Risk Watch', '2026-03-28', 'Travel Spender', 1, 264, 353.81, 'Digital Active', '2026-03-06', 'Salary Income', 1, 270, 356.03, 'Risk Watch', '2026-03-12', 'Travel Spender', 1, 276, 358.25, 'Digital Active', '2026-03-18', 'Salary Income', 1, 282, 360.47, 'Risk Watch', '2026-03-24', 'Travel Spender', 1, 288, 362.69, 'Digital Active', '2026-03-02', 'Salary Income', 1, 294, 364.91, 'Risk Watch', '2026-03-08', 'Travel Spender', 1, 300, 367.13, 'Digital Active', '2026-03-14', 'Salary Income', 1, 306, 369.35, 'Risk Watch', '2026-03-20', 'Travel Spender', 1, 312, 371.57, 'Digital Active', '2026-03-26', 'Salary Income', 1, 318, 373.79, 'Risk Watch', '2026-03-04', 'Travel Spender', 1, 324, 376.01, 'Digital Active', '2026-03-10', 'Salary Income', 1, 330, 378.23, 'Risk Watch', '2026-03-16', 'Travel Spender', 1, 336, 380.45, 'Digital Active', '2026-03-22', 'Salary Income', 1, 342, 382.67, 'Risk Watch', '2026-03-28', 'Travel Spender', 1, 348, 384.89, 'Digital Active', '2026-03-06', 'Salary Income', 1, 354, 387.11, 'Risk Watch', '2026-03-12', 'Travel Spender', 1, 360, 389.33, 'Digital Active', '2026-03-18', 'Salary Income', 1, 366, 391.55, 'Risk Watch', '2026-03-24', 'Travel Spender', 1, 372, 393.77, 'Digital Active', '2026-03-02', 'Salary Income', 1, 378, 395.99, 'Risk Watch', '2026-03-08', 'Travel Spender', 1, 384, 398.21, 'Digital Active', '2026-03-14', 'Salary Income', 1, 390, 400.43, 'Risk Watch', '2026-03-20', 'Travel Spender', 1, 396, 402.65, 'Digital Active', '2026-03-26', 'Salary Income', 1, 402, 404.87, 'Risk Watch', '2026-03-04', 'Travel Spender', 1, 408, 407.09, 'Digital Active', '2026-03-10', 'Salary Income', 1, 414, 409.31, 'Risk Watch', '2026-03-16', 'Travel Spender', 1, 420, 411.53, 'Digital Active', '2026-03-22', 'Salary Income', 1, 426, 413.75, 'Risk Watch', '2026-03-28', 'Travel Spender', 1, 432, 415.97, 'Digital Active', '2026-03-06', 'Salary Income', 1, 438, 418.19, 'Risk Watch', '2026-03-12', 'Travel Spender', 1, 444, 420.41, 'Digital Active', '2026-03-18', 'Salary Income', 1, 450, 422.63, 'Risk Watch', '2026-03-24', 'Travel Spender', 1, 456, 424.85, 'Digital Active', '2026-03-02', 'Salary Income', 1, 462, 427.07, 'Risk Watch', '2026-03-08', 'Travel Spender', 1, 468, 429.29, 'Digital Active', '2026-03-14', 'Salary Income', 1, 474, 431.51, 'Risk Watch', '2026-03-20', 'Travel Spender', 1, 480, 433.73, 'Digital Active', '2026-03-26', 'Salary Income', 1, 486, 435.95, 'Risk Watch', '2026-03-04', 'Travel Spender', 1, 492, 438.17, 'Digital Active', '2026-03-10', 'Salary Income', 1, 498, 440.39, 'Risk Watch', '2026-03-16', 'Travel Spender', 1, 504, 442.61, 'Digital Active', '2026-03-22', 'Salary Income', 1, 510, 444.83, 'Risk Watch', '2026-03-28', 'Travel Spender'),
  (1016, '2026-04-16', 'Lucas He', 'AN********1016', '138****1016', 1, 35, '30-39', 'Hefei', 'Anhui', 1, 'Accountant', '2024-04-16', 'Private', 151.5, 36.5, 3.8, 0.0, 17.0, 1.38, 0, 1, 1, 10, 785, 'AAA', 1, 'RM', 35, '2026-04-27', 'Very High', 'Retention', 0.61, 127.5, '["Salary Customer","Mortgage Customer","Fund Investor"]', 0, '2026-04-20 10:00:00', '2026-04-27 18:00:00', 0, 57, 288.61, 'Retirement Plan', '2026-03-21', 'Education Saver', 0, 63, 290.83, 'Branch Preferred', '2026-03-27', 'Fund Investor', 0, 69, 293.05, 'Retirement Plan', '2026-03-05', 'Education Saver', 0, 75, 295.27, 'Branch Preferred', '2026-03-11', 'Fund Investor', 0, 81, 297.49, 'Retirement Plan', '2026-03-17', 'Education Saver', 0, 87, 299.71, 'Branch Preferred', '2026-03-23', 'Fund Investor', 0, 93, 301.93, 'Retirement Plan', '2026-03-01', 'Education Saver', 0, 99, 304.15, 'Branch Preferred', '2026-03-07', 'Fund Investor', 0, 105, 306.37, 'Retirement Plan', '2026-03-13', 'Education Saver', 0, 111, 308.59, 'Branch Preferred', '2026-03-19', 'Fund Investor', 0, 117, 310.81, 'Retirement Plan', '2026-03-25', 'Education Saver', 0, 123, 313.03, 'Branch Preferred', '2026-03-03', 'Fund Investor', 0, 129, 315.25, 'Retirement Plan', '2026-03-09', 'Education Saver', 0, 135, 317.47, 'Branch Preferred', '2026-03-15', 'Fund Investor', 0, 141, 319.69, 'Retirement Plan', '2026-03-21', 'Education Saver', 0, 147, 321.91, 'Branch Preferred', '2026-03-27', 'Fund Investor', 0, 153, 324.13, 'Retirement Plan', '2026-03-05', 'Education Saver', 0, 159, 326.35, 'Branch Preferred', '2026-03-11', 'Fund Investor', 0, 165, 328.57, 'Retirement Plan', '2026-03-17', 'Education Saver', 0, 171, 330.79, 'Branch Preferred', '2026-03-23', 'Fund Investor', 0, 177, 333.01, 'Retirement Plan', '2026-03-01', 'Education Saver', 0, 183, 335.23, 'Branch Preferred', '2026-03-07', 'Fund Investor', 0, 189, 337.45, 'Retirement Plan', '2026-03-13', 'Education Saver', 0, 195, 339.67, 'Branch Preferred', '2026-03-19', 'Fund Investor', 0, 201, 341.89, 'Retirement Plan', '2026-03-25', 'Education Saver', 0, 207, 344.11, 'Branch Preferred', '2026-03-03', 'Fund Investor', 0, 213, 346.33, 'Retirement Plan', '2026-03-09', 'Education Saver', 0, 219, 348.55, 'Branch Preferred', '2026-03-15', 'Fund Investor', 0, 225, 350.77, 'Retirement Plan', '2026-03-21', 'Education Saver', 0, 231, 352.99, 'Branch Preferred', '2026-03-27', 'Fund Investor', 0, 237, 355.21, 'Retirement Plan', '2026-03-05', 'Education Saver', 0, 243, 357.43, 'Branch Preferred', '2026-03-11', 'Fund Investor', 0, 249, 359.65, 'Retirement Plan', '2026-03-17', 'Education Saver', 0, 255, 361.87, 'Branch Preferred', '2026-03-23', 'Fund Investor', 0, 261, 364.09, 'Retirement Plan', '2026-03-01', 'Education Saver', 0, 267, 366.31, 'Branch Preferred', '2026-03-07', 'Fund Investor', 0, 273, 368.53, 'Retirement Plan', '2026-03-13', 'Education Saver', 0, 279, 370.75, 'Branch Preferred', '2026-03-19', 'Fund Investor', 0, 285, 372.97, 'Retirement Plan', '2026-03-25', 'Education Saver', 0, 291, 375.19, 'Branch Preferred', '2026-03-03', 'Fund Investor', 0, 297, 377.41, 'Retirement Plan', '2026-03-09', 'Education Saver', 0, 303, 379.63, 'Branch Preferred', '2026-03-15', 'Fund Investor', 0, 309, 381.85, 'Retirement Plan', '2026-03-21', 'Education Saver', 0, 315, 384.07, 'Branch Preferred', '2026-03-27', 'Fund Investor', 0, 321, 386.29, 'Retirement Plan', '2026-03-05', 'Education Saver', 0, 327, 388.51, 'Branch Preferred', '2026-03-11', 'Fund Investor', 0, 333, 390.73, 'Retirement Plan', '2026-03-17', 'Education Saver', 0, 339, 392.95, 'Branch Preferred', '2026-03-23', 'Fund Investor', 0, 345, 395.17, 'Retirement Plan', '2026-03-01', 'Education Saver', 0, 351, 397.39, 'Branch Preferred', '2026-03-07', 'Fund Investor', 0, 357, 399.61, 'Retirement Plan', '2026-03-13', 'Education Saver', 0, 363, 401.83, 'Branch Preferred', '2026-03-19', 'Fund Investor', 0, 369, 404.05, 'Retirement Plan', '2026-03-25', 'Education Saver', 0, 375, 406.27, 'Branch Preferred', '2026-03-03', 'Fund Investor', 0, 381, 408.49, 'Retirement Plan', '2026-03-09', 'Education Saver', 0, 387, 410.71, 'Branch Preferred', '2026-03-15', 'Fund Investor', 0, 393, 412.93, 'Retirement Plan', '2026-03-21', 'Education Saver', 0, 399, 415.15, 'Branch Preferred', '2026-03-27', 'Fund Investor', 0, 405, 417.37, 'Retirement Plan', '2026-03-05', 'Education Saver', 0, 411, 419.59, 'Branch Preferred', '2026-03-11', 'Fund Investor', 0, 417, 421.81, 'Retirement Plan', '2026-03-17', 'Education Saver', 0, 423, 424.03, 'Branch Preferred', '2026-03-23', 'Fund Investor', 0, 429, 426.25, 'Retirement Plan', '2026-03-01', 'Education Saver', 0, 435, 428.47, 'Branch Preferred', '2026-03-07', 'Fund Investor', 0, 441, 430.69, 'Retirement Plan', '2026-03-13', 'Education Saver', 0, 447, 432.91, 'Branch Preferred', '2026-03-19', 'Fund Investor', 0, 453, 435.13, 'Retirement Plan', '2026-03-25', 'Education Saver', 0, 459, 437.35, 'Branch Preferred', '2026-03-03', 'Fund Investor', 0, 465, 439.57, 'Retirement Plan', '2026-03-09', 'Education Saver', 0, 471, 441.79, 'Branch Preferred', '2026-03-15', 'Fund Investor', 0, 477, 444.01, 'Retirement Plan', '2026-03-21', 'Education Saver', 0, 483, 446.23, 'Branch Preferred', '2026-03-27', 'Fund Investor', 0, 489, 448.45, 'Retirement Plan', '2026-03-05', 'Education Saver', 0, 495, 450.67, 'Branch Preferred', '2026-03-11', 'Fund Investor', 0, 501, 452.89, 'Retirement Plan', '2026-03-17', 'Education Saver', 0, 507, 455.11, 'Branch Preferred', '2026-03-23', 'Fund Investor', 0, 513, 457.33, 'Retirement Plan', '2026-03-01', 'Education Saver'),
  (1017, '2026-04-17', 'Ella Tang', 'HU********1017', '138****1017', 2, 30, '30-39', 'Changsha', 'Hunan', 2, 'HR Manager', '2024-05-17', 'Mass', 149.2, 38.6, 6.4, 12.0, 22.0, 0.12, 1, 1, 0, 3, 794, 'A', 1, 'APP', 37, '2026-04-20', 'Low', 'New', 0.12, 132.0, '["Mobile Banking Active","Insurance Potential","Young Professional"]', 0, '2026-04-20 10:00:00', '2026-04-20 18:00:00', 1, 60, 301.11, 'Travel Spender', '2026-03-22', 'Insurance Potential', 1, 66, 303.33, 'Salary Income', '2026-03-28', 'Mortgage Family', 1, 72, 305.55, 'Travel Spender', '2026-03-06', 'Insurance Potential', 1, 78, 307.77, 'Salary Income', '2026-03-12', 'Mortgage Family', 1, 84, 309.99, 'Travel Spender', '2026-03-18', 'Insurance Potential', 1, 90, 312.21, 'Salary Income', '2026-03-24', 'Mortgage Family', 1, 96, 314.43, 'Travel Spender', '2026-03-02', 'Insurance Potential', 1, 102, 316.65, 'Salary Income', '2026-03-08', 'Mortgage Family', 1, 108, 318.87, 'Travel Spender', '2026-03-14', 'Insurance Potential', 1, 114, 321.09, 'Salary Income', '2026-03-20', 'Mortgage Family', 1, 120, 323.31, 'Travel Spender', '2026-03-26', 'Insurance Potential', 1, 126, 325.53, 'Salary Income', '2026-03-04', 'Mortgage Family', 1, 132, 327.75, 'Travel Spender', '2026-03-10', 'Insurance Potential', 1, 138, 329.97, 'Salary Income', '2026-03-16', 'Mortgage Family', 1, 144, 332.19, 'Travel Spender', '2026-03-22', 'Insurance Potential', 1, 150, 334.41, 'Salary Income', '2026-03-28', 'Mortgage Family', 1, 156, 336.63, 'Travel Spender', '2026-03-06', 'Insurance Potential', 1, 162, 338.85, 'Salary Income', '2026-03-12', 'Mortgage Family', 1, 168, 341.07, 'Travel Spender', '2026-03-18', 'Insurance Potential', 1, 174, 343.29, 'Salary Income', '2026-03-24', 'Mortgage Family', 1, 180, 345.51, 'Travel Spender', '2026-03-02', 'Insurance Potential', 1, 186, 347.73, 'Salary Income', '2026-03-08', 'Mortgage Family', 1, 192, 349.95, 'Travel Spender', '2026-03-14', 'Insurance Potential', 1, 198, 352.17, 'Salary Income', '2026-03-20', 'Mortgage Family', 1, 204, 354.39, 'Travel Spender', '2026-03-26', 'Insurance Potential', 1, 210, 356.61, 'Salary Income', '2026-03-04', 'Mortgage Family', 1, 216, 358.83, 'Travel Spender', '2026-03-10', 'Insurance Potential', 1, 222, 361.05, 'Salary Income', '2026-03-16', 'Mortgage Family', 1, 228, 363.27, 'Travel Spender', '2026-03-22', 'Insurance Potential', 1, 234, 365.49, 'Salary Income', '2026-03-28', 'Mortgage Family', 1, 240, 367.71, 'Travel Spender', '2026-03-06', 'Insurance Potential', 1, 246, 369.93, 'Salary Income', '2026-03-12', 'Mortgage Family', 1, 252, 372.15, 'Travel Spender', '2026-03-18', 'Insurance Potential', 1, 258, 374.37, 'Salary Income', '2026-03-24', 'Mortgage Family', 1, 264, 376.59, 'Travel Spender', '2026-03-02', 'Insurance Potential', 1, 270, 378.81, 'Salary Income', '2026-03-08', 'Mortgage Family', 1, 276, 381.03, 'Travel Spender', '2026-03-14', 'Insurance Potential', 1, 282, 383.25, 'Salary Income', '2026-03-20', 'Mortgage Family', 1, 288, 385.47, 'Travel Spender', '2026-03-26', 'Insurance Potential', 1, 294, 387.69, 'Salary Income', '2026-03-04', 'Mortgage Family', 1, 300, 389.91, 'Travel Spender', '2026-03-10', 'Insurance Potential', 1, 306, 392.13, 'Salary Income', '2026-03-16', 'Mortgage Family', 1, 312, 394.35, 'Travel Spender', '2026-03-22', 'Insurance Potential', 1, 318, 396.57, 'Salary Income', '2026-03-28', 'Mortgage Family', 1, 324, 398.79, 'Travel Spender', '2026-03-06', 'Insurance Potential', 1, 330, 401.01, 'Salary Income', '2026-03-12', 'Mortgage Family', 1, 336, 403.23, 'Travel Spender', '2026-03-18', 'Insurance Potential', 1, 342, 405.45, 'Salary Income', '2026-03-24', 'Mortgage Family', 1, 348, 407.67, 'Travel Spender', '2026-03-02', 'Insurance Potential', 1, 354, 409.89, 'Salary Income', '2026-03-08', 'Mortgage Family', 1, 360, 412.11, 'Travel Spender', '2026-03-14', 'Insurance Potential', 1, 366, 414.33, 'Salary Income', '2026-03-20', 'Mortgage Family', 1, 372, 416.55, 'Travel Spender', '2026-03-26', 'Insurance Potential', 1, 378, 418.77, 'Salary Income', '2026-03-04', 'Mortgage Family', 1, 384, 420.99, 'Travel Spender', '2026-03-10', 'Insurance Potential', 1, 390, 423.21, 'Salary Income', '2026-03-16', 'Mortgage Family', 1, 396, 425.43, 'Travel Spender', '2026-03-22', 'Insurance Potential', 1, 402, 427.65, 'Salary Income', '2026-03-28', 'Mortgage Family', 1, 408, 429.87, 'Travel Spender', '2026-03-06', 'Insurance Potential', 1, 414, 432.09, 'Salary Income', '2026-03-12', 'Mortgage Family', 1, 420, 434.31, 'Travel Spender', '2026-03-18', 'Insurance Potential', 1, 426, 436.53, 'Salary Income', '2026-03-24', 'Mortgage Family', 1, 432, 438.75, 'Travel Spender', '2026-03-02', 'Insurance Potential', 1, 438, 440.97, 'Salary Income', '2026-03-08', 'Mortgage Family', 1, 444, 443.19, 'Travel Spender', '2026-03-14', 'Insurance Potential', 1, 450, 445.41, 'Salary Income', '2026-03-20', 'Mortgage Family', 1, 456, 447.63, 'Travel Spender', '2026-03-26', 'Insurance Potential', 1, 462, 449.85, 'Salary Income', '2026-03-04', 'Mortgage Family', 1, 468, 452.07, 'Travel Spender', '2026-03-10', 'Insurance Potential', 1, 474, 454.29, 'Salary Income', '2026-03-16', 'Mortgage Family', 1, 480, 456.51, 'Travel Spender', '2026-03-22', 'Insurance Potential', 1, 486, 458.73, 'Salary Income', '2026-03-28', 'Mortgage Family', 1, 492, 460.95, 'Travel Spender', '2026-03-06', 'Insurance Potential', 1, 498, 463.17, 'Salary Income', '2026-03-12', 'Mortgage Family', 1, 504, 465.39, 'Travel Spender', '2026-03-18', 'Insurance Potential', 1, 510, 467.61, 'Salary Income', '2026-03-24', 'Mortgage Family', 1, 516, 469.83, 'Travel Spender', '2026-03-02', 'Insurance Potential'),
  (1018, '2026-04-18', 'Alexander Gao', 'HE********1018', '138****1018', 1, 43, '40-49', 'Zhengzhou', 'Henan', 3, 'Logistics Manager', '2024-06-18', 'Affluent', 160.9, 40.7, 9.0, 24.0, 27.0, 0.54, 0, 1, 0, 4, 803, 'A+', 3, 'WEB', 39, '2026-04-21', 'Medium', 'Growth', 0.19, 136.5, '["Loan Risk Watch","SME Owner","Branch Preferred"]', 1, '2026-04-20 10:00:00', '2026-04-21 18:00:00', 0, 63, 313.61, 'Education Saver', '2026-03-23', 'Cross-sell Candidate', 0, 69, 315.83, 'Fund Investor', '2026-03-01', 'SME Owner', 0, 75, 318.05, 'Education Saver', '2026-03-07', 'Cross-sell Candidate', 0, 81, 320.27, 'Fund Investor', '2026-03-13', 'SME Owner', 0, 87, 322.49, 'Education Saver', '2026-03-19', 'Cross-sell Candidate', 0, 93, 324.71, 'Fund Investor', '2026-03-25', 'SME Owner', 0, 99, 326.93, 'Education Saver', '2026-03-03', 'Cross-sell Candidate', 0, 105, 329.15, 'Fund Investor', '2026-03-09', 'SME Owner', 0, 111, 331.37, 'Education Saver', '2026-03-15', 'Cross-sell Candidate', 0, 117, 333.59, 'Fund Investor', '2026-03-21', 'SME Owner', 0, 123, 335.81, 'Education Saver', '2026-03-27', 'Cross-sell Candidate', 0, 129, 338.03, 'Fund Investor', '2026-03-05', 'SME Owner', 0, 135, 340.25, 'Education Saver', '2026-03-11', 'Cross-sell Candidate', 0, 141, 342.47, 'Fund Investor', '2026-03-17', 'SME Owner', 0, 147, 344.69, 'Education Saver', '2026-03-23', 'Cross-sell Candidate', 0, 153, 346.91, 'Fund Investor', '2026-03-01', 'SME Owner', 0, 159, 349.13, 'Education Saver', '2026-03-07', 'Cross-sell Candidate', 0, 165, 351.35, 'Fund Investor', '2026-03-13', 'SME Owner', 0, 171, 353.57, 'Education Saver', '2026-03-19', 'Cross-sell Candidate', 0, 177, 355.79, 'Fund Investor', '2026-03-25', 'SME Owner', 0, 183, 358.01, 'Education Saver', '2026-03-03', 'Cross-sell Candidate', 0, 189, 360.23, 'Fund Investor', '2026-03-09', 'SME Owner', 0, 195, 362.45, 'Education Saver', '2026-03-15', 'Cross-sell Candidate', 0, 201, 364.67, 'Fund Investor', '2026-03-21', 'SME Owner', 0, 207, 366.89, 'Education Saver', '2026-03-27', 'Cross-sell Candidate', 0, 213, 369.11, 'Fund Investor', '2026-03-05', 'SME Owner', 0, 219, 371.33, 'Education Saver', '2026-03-11', 'Cross-sell Candidate', 0, 225, 373.55, 'Fund Investor', '2026-03-17', 'SME Owner', 0, 231, 375.77, 'Education Saver', '2026-03-23', 'Cross-sell Candidate', 0, 237, 377.99, 'Fund Investor', '2026-03-01', 'SME Owner', 0, 243, 380.21, 'Education Saver', '2026-03-07', 'Cross-sell Candidate', 0, 249, 382.43, 'Fund Investor', '2026-03-13', 'SME Owner', 0, 255, 384.65, 'Education Saver', '2026-03-19', 'Cross-sell Candidate', 0, 261, 386.87, 'Fund Investor', '2026-03-25', 'SME Owner', 0, 267, 389.09, 'Education Saver', '2026-03-03', 'Cross-sell Candidate', 0, 273, 391.31, 'Fund Investor', '2026-03-09', 'SME Owner', 0, 279, 393.53, 'Education Saver', '2026-03-15', 'Cross-sell Candidate', 0, 285, 395.75, 'Fund Investor', '2026-03-21', 'SME Owner', 0, 291, 397.97, 'Education Saver', '2026-03-27', 'Cross-sell Candidate', 0, 297, 400.19, 'Fund Investor', '2026-03-05', 'SME Owner', 0, 303, 402.41, 'Education Saver', '2026-03-11', 'Cross-sell Candidate', 0, 309, 404.63, 'Fund Investor', '2026-03-17', 'SME Owner', 0, 315, 406.85, 'Education Saver', '2026-03-23', 'Cross-sell Candidate', 0, 321, 409.07, 'Fund Investor', '2026-03-01', 'SME Owner', 0, 327, 411.29, 'Education Saver', '2026-03-07', 'Cross-sell Candidate', 0, 333, 413.51, 'Fund Investor', '2026-03-13', 'SME Owner', 0, 339, 415.73, 'Education Saver', '2026-03-19', 'Cross-sell Candidate', 0, 345, 417.95, 'Fund Investor', '2026-03-25', 'SME Owner', 0, 351, 420.17, 'Education Saver', '2026-03-03', 'Cross-sell Candidate', 0, 357, 422.39, 'Fund Investor', '2026-03-09', 'SME Owner', 0, 363, 424.61, 'Education Saver', '2026-03-15', 'Cross-sell Candidate', 0, 369, 426.83, 'Fund Investor', '2026-03-21', 'SME Owner', 0, 375, 429.05, 'Education Saver', '2026-03-27', 'Cross-sell Candidate', 0, 381, 431.27, 'Fund Investor', '2026-03-05', 'SME Owner', 0, 387, 433.49, 'Education Saver', '2026-03-11', 'Cross-sell Candidate', 0, 393, 435.71, 'Fund Investor', '2026-03-17', 'SME Owner', 0, 399, 437.93, 'Education Saver', '2026-03-23', 'Cross-sell Candidate', 0, 405, 440.15, 'Fund Investor', '2026-03-01', 'SME Owner', 0, 411, 442.37, 'Education Saver', '2026-03-07', 'Cross-sell Candidate', 0, 417, 444.59, 'Fund Investor', '2026-03-13', 'SME Owner', 0, 423, 446.81, 'Education Saver', '2026-03-19', 'Cross-sell Candidate', 0, 429, 449.03, 'Fund Investor', '2026-03-25', 'SME Owner', 0, 435, 451.25, 'Education Saver', '2026-03-03', 'Cross-sell Candidate', 0, 441, 453.47, 'Fund Investor', '2026-03-09', 'SME Owner', 0, 447, 455.69, 'Education Saver', '2026-03-15', 'Cross-sell Candidate', 0, 453, 457.91, 'Fund Investor', '2026-03-21', 'SME Owner', 0, 459, 460.13, 'Education Saver', '2026-03-27', 'Cross-sell Candidate', 0, 465, 462.35, 'Fund Investor', '2026-03-05', 'SME Owner', 0, 471, 464.57, 'Education Saver', '2026-03-11', 'Cross-sell Candidate', 0, 477, 466.79, 'Fund Investor', '2026-03-17', 'SME Owner', 0, 483, 469.01, 'Education Saver', '2026-03-23', 'Cross-sell Candidate', 0, 489, 471.23, 'Fund Investor', '2026-03-01', 'SME Owner', 0, 495, 473.45, 'Education Saver', '2026-03-07', 'Cross-sell Candidate', 0, 501, 475.67, 'Fund Investor', '2026-03-13', 'SME Owner', 0, 507, 477.89, 'Education Saver', '2026-03-19', 'Cross-sell Candidate', 0, 513, 480.11, 'Fund Investor', '2026-03-25', 'SME Owner', 0, 519, 482.33, 'Education Saver', '2026-03-03', 'Cross-sell Candidate'),
  (1019, '2026-04-19', 'Chloe Luo', 'GU********1019', '138****1019', 2, 40, '40-49', 'Foshan', 'Guangdong', 4, 'Retail Store Owner', '2024-07-19', 'Premier', 172.6, 42.8, 11.6, 36.0, 2.0, 0.96, 1, 1, 0, 5, 812, 'AA', 1, 'BRANCH', 41, '2026-04-22', 'High', 'Mature', 0.26, 141.0, '["SME Owner","Cross-sell Candidate","Credit Card Active"]', 0, '2026-04-20 10:00:00', '2026-04-22 18:00:00', 1, 66, 326.11, 'Insurance Potential', '2026-03-24', 'Digital Active', 1, 72, 328.33, 'Mortgage Family', '2026-03-02', 'Risk Watch', 1, 78, 330.55, 'Insurance Potential', '2026-03-08', 'Digital Active', 1, 84, 332.77, 'Mortgage Family', '2026-03-14', 'Risk Watch', 1, 90, 334.99, 'Insurance Potential', '2026-03-20', 'Digital Active', 1, 96, 337.21, 'Mortgage Family', '2026-03-26', 'Risk Watch', 1, 102, 339.43, 'Insurance Potential', '2026-03-04', 'Digital Active', 1, 108, 341.65, 'Mortgage Family', '2026-03-10', 'Risk Watch', 1, 114, 343.87, 'Insurance Potential', '2026-03-16', 'Digital Active', 1, 120, 346.09, 'Mortgage Family', '2026-03-22', 'Risk Watch', 1, 126, 348.31, 'Insurance Potential', '2026-03-28', 'Digital Active', 1, 132, 350.53, 'Mortgage Family', '2026-03-06', 'Risk Watch', 1, 138, 352.75, 'Insurance Potential', '2026-03-12', 'Digital Active', 1, 144, 354.97, 'Mortgage Family', '2026-03-18', 'Risk Watch', 1, 150, 357.19, 'Insurance Potential', '2026-03-24', 'Digital Active', 1, 156, 359.41, 'Mortgage Family', '2026-03-02', 'Risk Watch', 1, 162, 361.63, 'Insurance Potential', '2026-03-08', 'Digital Active', 1, 168, 363.85, 'Mortgage Family', '2026-03-14', 'Risk Watch', 1, 174, 366.07, 'Insurance Potential', '2026-03-20', 'Digital Active', 1, 180, 368.29, 'Mortgage Family', '2026-03-26', 'Risk Watch', 1, 186, 370.51, 'Insurance Potential', '2026-03-04', 'Digital Active', 1, 192, 372.73, 'Mortgage Family', '2026-03-10', 'Risk Watch', 1, 198, 374.95, 'Insurance Potential', '2026-03-16', 'Digital Active', 1, 204, 377.17, 'Mortgage Family', '2026-03-22', 'Risk Watch', 1, 210, 379.39, 'Insurance Potential', '2026-03-28', 'Digital Active', 1, 216, 381.61, 'Mortgage Family', '2026-03-06', 'Risk Watch', 1, 222, 383.83, 'Insurance Potential', '2026-03-12', 'Digital Active', 1, 228, 386.05, 'Mortgage Family', '2026-03-18', 'Risk Watch', 1, 234, 388.27, 'Insurance Potential', '2026-03-24', 'Digital Active', 1, 240, 390.49, 'Mortgage Family', '2026-03-02', 'Risk Watch', 1, 246, 392.71, 'Insurance Potential', '2026-03-08', 'Digital Active', 1, 252, 394.93, 'Mortgage Family', '2026-03-14', 'Risk Watch', 1, 258, 397.15, 'Insurance Potential', '2026-03-20', 'Digital Active', 1, 264, 399.37, 'Mortgage Family', '2026-03-26', 'Risk Watch', 1, 270, 401.59, 'Insurance Potential', '2026-03-04', 'Digital Active', 1, 276, 403.81, 'Mortgage Family', '2026-03-10', 'Risk Watch', 1, 282, 406.03, 'Insurance Potential', '2026-03-16', 'Digital Active', 1, 288, 408.25, 'Mortgage Family', '2026-03-22', 'Risk Watch', 1, 294, 410.47, 'Insurance Potential', '2026-03-28', 'Digital Active', 1, 300, 412.69, 'Mortgage Family', '2026-03-06', 'Risk Watch', 1, 306, 414.91, 'Insurance Potential', '2026-03-12', 'Digital Active', 1, 312, 417.13, 'Mortgage Family', '2026-03-18', 'Risk Watch', 1, 318, 419.35, 'Insurance Potential', '2026-03-24', 'Digital Active', 1, 324, 421.57, 'Mortgage Family', '2026-03-02', 'Risk Watch', 1, 330, 423.79, 'Insurance Potential', '2026-03-08', 'Digital Active', 1, 336, 426.01, 'Mortgage Family', '2026-03-14', 'Risk Watch', 1, 342, 428.23, 'Insurance Potential', '2026-03-20', 'Digital Active', 1, 348, 430.45, 'Mortgage Family', '2026-03-26', 'Risk Watch', 1, 354, 432.67, 'Insurance Potential', '2026-03-04', 'Digital Active', 1, 360, 434.89, 'Mortgage Family', '2026-03-10', 'Risk Watch', 1, 366, 437.11, 'Insurance Potential', '2026-03-16', 'Digital Active', 1, 372, 439.33, 'Mortgage Family', '2026-03-22', 'Risk Watch', 1, 378, 441.55, 'Insurance Potential', '2026-03-28', 'Digital Active', 1, 384, 443.77, 'Mortgage Family', '2026-03-06', 'Risk Watch', 1, 390, 445.99, 'Insurance Potential', '2026-03-12', 'Digital Active', 1, 396, 448.21, 'Mortgage Family', '2026-03-18', 'Risk Watch', 1, 402, 450.43, 'Insurance Potential', '2026-03-24', 'Digital Active', 1, 408, 452.65, 'Mortgage Family', '2026-03-02', 'Risk Watch', 1, 414, 454.87, 'Insurance Potential', '2026-03-08', 'Digital Active', 1, 420, 457.09, 'Mortgage Family', '2026-03-14', 'Risk Watch', 1, 426, 459.31, 'Insurance Potential', '2026-03-20', 'Digital Active', 1, 432, 461.53, 'Mortgage Family', '2026-03-26', 'Risk Watch', 1, 438, 463.75, 'Insurance Potential', '2026-03-04', 'Digital Active', 1, 444, 465.97, 'Mortgage Family', '2026-03-10', 'Risk Watch', 1, 450, 468.19, 'Insurance Potential', '2026-03-16', 'Digital Active', 1, 456, 470.41, 'Mortgage Family', '2026-03-22', 'Risk Watch', 1, 462, 472.63, 'Insurance Potential', '2026-03-28', 'Digital Active', 1, 468, 474.85, 'Mortgage Family', '2026-03-06', 'Risk Watch', 1, 474, 477.07, 'Insurance Potential', '2026-03-12', 'Digital Active', 1, 480, 479.29, 'Mortgage Family', '2026-03-18', 'Risk Watch', 1, 486, 481.51, 'Insurance Potential', '2026-03-24', 'Digital Active', 1, 492, 483.73, 'Mortgage Family', '2026-03-02', 'Risk Watch', 1, 498, 485.95, 'Insurance Potential', '2026-03-08', 'Digital Active', 1, 504, 488.17, 'Mortgage Family', '2026-03-14', 'Risk Watch', 1, 510, 490.39, 'Insurance Potential', '2026-03-20', 'Digital Active', 1, 516, 492.61, 'Mortgage Family', '2026-03-26', 'Risk Watch', 1, 522, 494.83, 'Insurance Potential', '2026-03-04', 'Digital Active'),
  (1020, '2026-04-20', 'Noah Shen', 'YU********1020', '138****1020', 1, 38, '30-39', 'Kunming', 'Yunnan', 5, 'Consultant', '2024-08-20', 'Private', 184.3, 44.9, 14.2, 48.0, 7.0, 1.38, 0, 1, 0, 6, 821, 'AAA', 1, 'RM', 43, '2026-04-23', 'Very High', 'Retention', 0.33, 145.5, '["Fund Investor","Retirement Planning","Mobile Banking Active"]', 0, '2026-04-20 10:00:00', '2026-04-23 18:00:00', 0, 69, 338.61, 'Cross-sell Candidate', '2026-03-25', 'Branch Preferred', 0, 75, 340.83, 'SME Owner', '2026-03-03', 'Retirement Plan', 0, 81, 343.05, 'Cross-sell Candidate', '2026-03-09', 'Branch Preferred', 0, 87, 345.27, 'SME Owner', '2026-03-15', 'Retirement Plan', 0, 93, 347.49, 'Cross-sell Candidate', '2026-03-21', 'Branch Preferred', 0, 99, 349.71, 'SME Owner', '2026-03-27', 'Retirement Plan', 0, 105, 351.93, 'Cross-sell Candidate', '2026-03-05', 'Branch Preferred', 0, 111, 354.15, 'SME Owner', '2026-03-11', 'Retirement Plan', 0, 117, 356.37, 'Cross-sell Candidate', '2026-03-17', 'Branch Preferred', 0, 123, 358.59, 'SME Owner', '2026-03-23', 'Retirement Plan', 0, 129, 360.81, 'Cross-sell Candidate', '2026-03-01', 'Branch Preferred', 0, 135, 363.03, 'SME Owner', '2026-03-07', 'Retirement Plan', 0, 141, 365.25, 'Cross-sell Candidate', '2026-03-13', 'Branch Preferred', 0, 147, 367.47, 'SME Owner', '2026-03-19', 'Retirement Plan', 0, 153, 369.69, 'Cross-sell Candidate', '2026-03-25', 'Branch Preferred', 0, 159, 371.91, 'SME Owner', '2026-03-03', 'Retirement Plan', 0, 165, 374.13, 'Cross-sell Candidate', '2026-03-09', 'Branch Preferred', 0, 171, 376.35, 'SME Owner', '2026-03-15', 'Retirement Plan', 0, 177, 378.57, 'Cross-sell Candidate', '2026-03-21', 'Branch Preferred', 0, 183, 380.79, 'SME Owner', '2026-03-27', 'Retirement Plan', 0, 189, 383.01, 'Cross-sell Candidate', '2026-03-05', 'Branch Preferred', 0, 195, 385.23, 'SME Owner', '2026-03-11', 'Retirement Plan', 0, 201, 387.45, 'Cross-sell Candidate', '2026-03-17', 'Branch Preferred', 0, 207, 389.67, 'SME Owner', '2026-03-23', 'Retirement Plan', 0, 213, 391.89, 'Cross-sell Candidate', '2026-03-01', 'Branch Preferred', 0, 219, 394.11, 'SME Owner', '2026-03-07', 'Retirement Plan', 0, 225, 396.33, 'Cross-sell Candidate', '2026-03-13', 'Branch Preferred', 0, 231, 398.55, 'SME Owner', '2026-03-19', 'Retirement Plan', 0, 237, 400.77, 'Cross-sell Candidate', '2026-03-25', 'Branch Preferred', 0, 243, 402.99, 'SME Owner', '2026-03-03', 'Retirement Plan', 0, 249, 405.21, 'Cross-sell Candidate', '2026-03-09', 'Branch Preferred', 0, 255, 407.43, 'SME Owner', '2026-03-15', 'Retirement Plan', 0, 261, 409.65, 'Cross-sell Candidate', '2026-03-21', 'Branch Preferred', 0, 267, 411.87, 'SME Owner', '2026-03-27', 'Retirement Plan', 0, 273, 414.09, 'Cross-sell Candidate', '2026-03-05', 'Branch Preferred', 0, 279, 416.31, 'SME Owner', '2026-03-11', 'Retirement Plan', 0, 285, 418.53, 'Cross-sell Candidate', '2026-03-17', 'Branch Preferred', 0, 291, 420.75, 'SME Owner', '2026-03-23', 'Retirement Plan', 0, 297, 422.97, 'Cross-sell Candidate', '2026-03-01', 'Branch Preferred', 0, 303, 425.19, 'SME Owner', '2026-03-07', 'Retirement Plan', 0, 309, 427.41, 'Cross-sell Candidate', '2026-03-13', 'Branch Preferred', 0, 315, 429.63, 'SME Owner', '2026-03-19', 'Retirement Plan', 0, 321, 431.85, 'Cross-sell Candidate', '2026-03-25', 'Branch Preferred', 0, 327, 434.07, 'SME Owner', '2026-03-03', 'Retirement Plan', 0, 333, 436.29, 'Cross-sell Candidate', '2026-03-09', 'Branch Preferred', 0, 339, 438.51, 'SME Owner', '2026-03-15', 'Retirement Plan', 0, 345, 440.73, 'Cross-sell Candidate', '2026-03-21', 'Branch Preferred', 0, 351, 442.95, 'SME Owner', '2026-03-27', 'Retirement Plan', 0, 357, 445.17, 'Cross-sell Candidate', '2026-03-05', 'Branch Preferred', 0, 363, 447.39, 'SME Owner', '2026-03-11', 'Retirement Plan', 0, 369, 449.61, 'Cross-sell Candidate', '2026-03-17', 'Branch Preferred', 0, 375, 451.83, 'SME Owner', '2026-03-23', 'Retirement Plan', 0, 381, 454.05, 'Cross-sell Candidate', '2026-03-01', 'Branch Preferred', 0, 387, 456.27, 'SME Owner', '2026-03-07', 'Retirement Plan', 0, 393, 458.49, 'Cross-sell Candidate', '2026-03-13', 'Branch Preferred', 0, 399, 460.71, 'SME Owner', '2026-03-19', 'Retirement Plan', 0, 405, 462.93, 'Cross-sell Candidate', '2026-03-25', 'Branch Preferred', 0, 411, 465.15, 'SME Owner', '2026-03-03', 'Retirement Plan', 0, 417, 467.37, 'Cross-sell Candidate', '2026-03-09', 'Branch Preferred', 0, 423, 469.59, 'SME Owner', '2026-03-15', 'Retirement Plan', 0, 429, 471.81, 'Cross-sell Candidate', '2026-03-21', 'Branch Preferred', 0, 435, 474.03, 'SME Owner', '2026-03-27', 'Retirement Plan', 0, 441, 476.25, 'Cross-sell Candidate', '2026-03-05', 'Branch Preferred', 0, 447, 478.47, 'SME Owner', '2026-03-11', 'Retirement Plan', 0, 453, 480.69, 'Cross-sell Candidate', '2026-03-17', 'Branch Preferred', 0, 459, 482.91, 'SME Owner', '2026-03-23', 'Retirement Plan', 0, 465, 485.13, 'Cross-sell Candidate', '2026-03-01', 'Branch Preferred', 0, 471, 487.35, 'SME Owner', '2026-03-07', 'Retirement Plan', 0, 477, 489.57, 'Cross-sell Candidate', '2026-03-13', 'Branch Preferred', 0, 483, 491.79, 'SME Owner', '2026-03-19', 'Retirement Plan', 0, 489, 494.01, 'Cross-sell Candidate', '2026-03-25', 'Branch Preferred', 0, 495, 496.23, 'SME Owner', '2026-03-03', 'Retirement Plan', 0, 501, 498.45, 'Cross-sell Candidate', '2026-03-09', 'Branch Preferred', 0, 507, 500.67, 'SME Owner', '2026-03-15', 'Retirement Plan', 0, 513, 502.89, 'Cross-sell Candidate', '2026-03-21', 'Branch Preferred', 0, 519, 505.11, 'SME Owner', '2026-03-27', 'Retirement Plan', 0, 525, 507.33, 'Cross-sell Candidate', '2026-03-05', 'Branch Preferred');

-- Table: user_wide_point_query
TRUNCATE TABLE user_wide_point_query;
INSERT INTO user_wide_point_query (`user_id`, `update_date`, `user_name`, `id_card`, `phone`, `gender`, `age`, `age_group`, `city`, `province`, `education`, `occupation`, `register_date`, `asset_level`, `aum_total`, `deposit_amount`, `fund_amount`, `loan_amount`, `wm_amount`, `insurance_amount`, `has_credit_card`, `has_debit_card`, `has_mortgage`, `product_count`, `credit_score`, `credit_grade`, `risk_level`, `preferred_channel`, `app_login_30d`, `app_last_login`, `active_level`, `lifecycle_stage`, `churn_prob`, `clv_score`, `log_tags`, `anomaly_flag`, `created_at`, `updated_at`, `profile_attr_001`, `profile_attr_002`, `profile_attr_003`, `profile_attr_004`, `profile_attr_005`, `profile_attr_006`, `profile_attr_007`, `profile_attr_008`, `profile_attr_009`, `profile_attr_010`, `profile_attr_011`, `profile_attr_012`, `profile_attr_013`, `profile_attr_014`, `profile_attr_015`, `profile_attr_016`, `profile_attr_017`, `profile_attr_018`, `profile_attr_019`, `profile_attr_020`, `profile_attr_021`, `profile_attr_022`, `profile_attr_023`, `profile_attr_024`, `profile_attr_025`, `profile_attr_026`, `profile_attr_027`, `profile_attr_028`, `profile_attr_029`, `profile_attr_030`, `profile_attr_031`, `profile_attr_032`, `profile_attr_033`, `profile_attr_034`, `profile_attr_035`, `profile_attr_036`, `profile_attr_037`, `profile_attr_038`, `profile_attr_039`, `profile_attr_040`, `profile_attr_041`, `profile_attr_042`, `profile_attr_043`, `profile_attr_044`, `profile_attr_045`, `profile_attr_046`, `profile_attr_047`, `profile_attr_048`, `profile_attr_049`, `profile_attr_050`, `profile_attr_051`, `profile_attr_052`, `profile_attr_053`, `profile_attr_054`, `profile_attr_055`, `profile_attr_056`, `profile_attr_057`, `profile_attr_058`, `profile_attr_059`, `profile_attr_060`, `profile_attr_061`, `profile_attr_062`, `profile_attr_063`, `profile_attr_064`, `profile_attr_065`, `profile_attr_066`, `profile_attr_067`, `profile_attr_068`, `profile_attr_069`, `profile_attr_070`, `profile_attr_071`, `profile_attr_072`, `profile_attr_073`, `profile_attr_074`, `profile_attr_075`, `profile_attr_076`, `profile_attr_077`, `profile_attr_078`, `profile_attr_079`, `profile_attr_080`, `profile_attr_081`, `profile_attr_082`, `profile_attr_083`, `profile_attr_084`, `profile_attr_085`, `profile_attr_086`, `profile_attr_087`, `profile_attr_088`, `profile_attr_089`, `profile_attr_090`, `profile_attr_091`, `profile_attr_092`, `profile_attr_093`, `profile_attr_094`, `profile_attr_095`, `profile_attr_096`, `profile_attr_097`, `profile_attr_098`, `profile_attr_099`, `profile_attr_100`, `profile_attr_101`, `profile_attr_102`, `profile_attr_103`, `profile_attr_104`, `profile_attr_105`, `profile_attr_106`, `profile_attr_107`, `profile_attr_108`, `profile_attr_109`, `profile_attr_110`, `profile_attr_111`, `profile_attr_112`, `profile_attr_113`, `profile_attr_114`, `profile_attr_115`, `profile_attr_116`, `profile_attr_117`, `profile_attr_118`, `profile_attr_119`, `profile_attr_120`, `profile_attr_121`, `profile_attr_122`, `profile_attr_123`, `profile_attr_124`, `profile_attr_125`, `profile_attr_126`, `profile_attr_127`, `profile_attr_128`, `profile_attr_129`, `profile_attr_130`, `profile_attr_131`, `profile_attr_132`, `profile_attr_133`, `profile_attr_134`, `profile_attr_135`, `profile_attr_136`, `profile_attr_137`, `profile_attr_138`, `profile_attr_139`, `profile_attr_140`, `profile_attr_141`, `profile_attr_142`, `profile_attr_143`, `profile_attr_144`, `profile_attr_145`, `profile_attr_146`, `profile_attr_147`, `profile_attr_148`, `profile_attr_149`, `profile_attr_150`, `profile_attr_151`, `profile_attr_152`, `profile_attr_153`, `profile_attr_154`, `profile_attr_155`, `profile_attr_156`, `profile_attr_157`, `profile_attr_158`, `profile_attr_159`, `profile_attr_160`, `profile_attr_161`, `profile_attr_162`, `profile_attr_163`, `profile_attr_164`, `profile_attr_165`, `profile_attr_166`, `profile_attr_167`, `profile_attr_168`, `profile_attr_169`, `profile_attr_170`, `profile_attr_171`, `profile_attr_172`, `profile_attr_173`, `profile_attr_174`, `profile_attr_175`, `profile_attr_176`, `profile_attr_177`, `profile_attr_178`, `profile_attr_179`, `profile_attr_180`, `profile_attr_181`, `profile_attr_182`, `profile_attr_183`, `profile_attr_184`, `profile_attr_185`, `profile_attr_186`, `profile_attr_187`, `profile_attr_188`, `profile_attr_189`, `profile_attr_190`, `profile_attr_191`, `profile_attr_192`, `profile_attr_193`, `profile_attr_194`, `profile_attr_195`, `profile_attr_196`, `profile_attr_197`, `profile_attr_198`, `profile_attr_199`, `profile_attr_200`, `profile_attr_201`, `profile_attr_202`, `profile_attr_203`, `profile_attr_204`, `profile_attr_205`, `profile_attr_206`, `profile_attr_207`, `profile_attr_208`, `profile_attr_209`, `profile_attr_210`, `profile_attr_211`, `profile_attr_212`, `profile_attr_213`, `profile_attr_214`, `profile_attr_215`, `profile_attr_216`, `profile_attr_217`, `profile_attr_218`, `profile_attr_219`, `profile_attr_220`, `profile_attr_221`, `profile_attr_222`, `profile_attr_223`, `profile_attr_224`, `profile_attr_225`, `profile_attr_226`, `profile_attr_227`, `profile_attr_228`, `profile_attr_229`, `profile_attr_230`, `profile_attr_231`, `profile_attr_232`, `profile_attr_233`, `profile_attr_234`, `profile_attr_235`, `profile_attr_236`, `profile_attr_237`, `profile_attr_238`, `profile_attr_239`, `profile_attr_240`, `profile_attr_241`, `profile_attr_242`, `profile_attr_243`, `profile_attr_244`, `profile_attr_245`, `profile_attr_246`, `profile_attr_247`, `profile_attr_248`, `profile_attr_249`, `profile_attr_250`, `profile_attr_251`, `profile_attr_252`, `profile_attr_253`, `profile_attr_254`, `profile_attr_255`, `profile_attr_256`, `profile_attr_257`, `profile_attr_258`, `profile_attr_259`, `profile_attr_260`, `profile_attr_261`, `profile_attr_262`, `profile_attr_263`, `profile_attr_264`, `profile_attr_265`, `profile_attr_266`, `profile_attr_267`, `profile_attr_268`, `profile_attr_269`, `profile_attr_270`, `profile_attr_271`, `profile_attr_272`, `profile_attr_273`, `profile_attr_274`, `profile_attr_275`, `profile_attr_276`, `profile_attr_277`, `profile_attr_278`, `profile_attr_279`, `profile_attr_280`, `profile_attr_281`, `profile_attr_282`, `profile_attr_283`, `profile_attr_284`, `profile_attr_285`, `profile_attr_286`, `profile_attr_287`, `profile_attr_288`, `profile_attr_289`, `profile_attr_290`, `profile_attr_291`, `profile_attr_292`, `profile_attr_293`, `profile_attr_294`, `profile_attr_295`, `profile_attr_296`, `profile_attr_297`, `profile_attr_298`, `profile_attr_299`, `profile_attr_300`, `profile_attr_301`, `profile_attr_302`, `profile_attr_303`, `profile_attr_304`, `profile_attr_305`, `profile_attr_306`, `profile_attr_307`, `profile_attr_308`, `profile_attr_309`, `profile_attr_310`, `profile_attr_311`, `profile_attr_312`, `profile_attr_313`, `profile_attr_314`, `profile_attr_315`, `profile_attr_316`, `profile_attr_317`, `profile_attr_318`, `profile_attr_319`, `profile_attr_320`, `profile_attr_321`, `profile_attr_322`, `profile_attr_323`, `profile_attr_324`, `profile_attr_325`, `profile_attr_326`, `profile_attr_327`, `profile_attr_328`, `profile_attr_329`, `profile_attr_330`, `profile_attr_331`, `profile_attr_332`, `profile_attr_333`, `profile_attr_334`, `profile_attr_335`, `profile_attr_336`, `profile_attr_337`, `profile_attr_338`, `profile_attr_339`, `profile_attr_340`, `profile_attr_341`, `profile_attr_342`, `profile_attr_343`, `profile_attr_344`, `profile_attr_345`, `profile_attr_346`, `profile_attr_347`, `profile_attr_348`, `profile_attr_349`, `profile_attr_350`, `profile_attr_351`, `profile_attr_352`, `profile_attr_353`, `profile_attr_354`, `profile_attr_355`, `profile_attr_356`, `profile_attr_357`, `profile_attr_358`, `profile_attr_359`, `profile_attr_360`, `profile_attr_361`, `profile_attr_362`, `profile_attr_363`, `profile_attr_364`, `profile_attr_365`, `profile_attr_366`, `profile_attr_367`, `profile_attr_368`, `profile_attr_369`, `profile_attr_370`, `profile_attr_371`, `profile_attr_372`, `profile_attr_373`, `profile_attr_374`, `profile_attr_375`, `profile_attr_376`, `profile_attr_377`, `profile_attr_378`, `profile_attr_379`, `profile_attr_380`, `profile_attr_381`, `profile_attr_382`, `profile_attr_383`, `profile_attr_384`, `profile_attr_385`, `profile_attr_386`, `profile_attr_387`, `profile_attr_388`, `profile_attr_389`, `profile_attr_390`, `profile_attr_391`, `profile_attr_392`, `profile_attr_393`, `profile_attr_394`, `profile_attr_395`, `profile_attr_396`, `profile_attr_397`, `profile_attr_398`, `profile_attr_399`, `profile_attr_400`, `profile_attr_401`, `profile_attr_402`, `profile_attr_403`, `profile_attr_404`, `profile_attr_405`, `profile_attr_406`, `profile_attr_407`, `profile_attr_408`, `profile_attr_409`, `profile_attr_410`, `profile_attr_411`, `profile_attr_412`, `profile_attr_413`, `profile_attr_414`, `profile_attr_415`, `profile_attr_416`, `profile_attr_417`, `profile_attr_418`, `profile_attr_419`, `profile_attr_420`, `profile_attr_421`, `profile_attr_422`, `profile_attr_423`, `profile_attr_424`, `profile_attr_425`, `profile_attr_426`, `profile_attr_427`, `profile_attr_428`, `profile_attr_429`, `profile_attr_430`, `profile_attr_431`, `profile_attr_432`, `profile_attr_433`, `profile_attr_434`, `profile_attr_435`, `profile_attr_436`, `profile_attr_437`, `profile_attr_438`, `profile_attr_439`, `profile_attr_440`, `profile_attr_441`, `profile_attr_442`, `profile_attr_443`, `profile_attr_444`, `profile_attr_445`, `profile_attr_446`, `profile_attr_447`, `profile_attr_448`, `profile_attr_449`, `profile_attr_450`, `profile_attr_451`, `profile_attr_452`, `profile_attr_453`, `profile_attr_454`, `profile_attr_455`, `profile_attr_456`, `profile_attr_457`, `profile_attr_458`, `profile_attr_459`, `profile_attr_460`, `profile_attr_461`, `profile_attr_462`) VALUES
  (1001, '2026-04-01', 'Emily Chen', 'BE********1001', '138****1001', 2, 31, '30-39', 'Beijing', 'Beijing', 1, 'Product Manager', '2024-01-01', 'Mass', 18.0, 5.0, 1.2, 0.0, 2.0, 0.12, 1, 1, 0, 3, 650, 'A', 1, 'APP', 5, '2026-04-20', 'Low', 'New', 0.12, 60.0, '["High Net Worth","Fund Investor","Mobile Banking Active"]', 0, '2026-04-20 10:00:00', '2026-04-20 18:00:00', 1, 12, 101.11, 'Mortgage Family', '2026-03-06', 'Risk Watch', 1, 18, 103.33, 'Insurance Potential', '2026-03-12', 'Digital Active', 1, 24, 105.55, 'Mortgage Family', '2026-03-18', 'Risk Watch', 1, 30, 107.77, 'Insurance Potential', '2026-03-24', 'Digital Active', 1, 36, 109.99, 'Mortgage Family', '2026-03-02', 'Risk Watch', 1, 42, 112.21, 'Insurance Potential', '2026-03-08', 'Digital Active', 1, 48, 114.43, 'Mortgage Family', '2026-03-14', 'Risk Watch', 1, 54, 116.65, 'Insurance Potential', '2026-03-20', 'Digital Active', 1, 60, 118.87, 'Mortgage Family', '2026-03-26', 'Risk Watch', 1, 66, 121.09, 'Insurance Potential', '2026-03-04', 'Digital Active', 1, 72, 123.31, 'Mortgage Family', '2026-03-10', 'Risk Watch', 1, 78, 125.53, 'Insurance Potential', '2026-03-16', 'Digital Active', 1, 84, 127.75, 'Mortgage Family', '2026-03-22', 'Risk Watch', 1, 90, 129.97, 'Insurance Potential', '2026-03-28', 'Digital Active', 1, 96, 132.19, 'Mortgage Family', '2026-03-06', 'Risk Watch', 1, 102, 134.41, 'Insurance Potential', '2026-03-12', 'Digital Active', 1, 108, 136.63, 'Mortgage Family', '2026-03-18', 'Risk Watch', 1, 114, 138.85, 'Insurance Potential', '2026-03-24', 'Digital Active', 1, 120, 141.07, 'Mortgage Family', '2026-03-02', 'Risk Watch', 1, 126, 143.29, 'Insurance Potential', '2026-03-08', 'Digital Active', 1, 132, 145.51, 'Mortgage Family', '2026-03-14', 'Risk Watch', 1, 138, 147.73, 'Insurance Potential', '2026-03-20', 'Digital Active', 1, 144, 149.95, 'Mortgage Family', '2026-03-26', 'Risk Watch', 1, 150, 152.17, 'Insurance Potential', '2026-03-04', 'Digital Active', 1, 156, 154.39, 'Mortgage Family', '2026-03-10', 'Risk Watch', 1, 162, 156.61, 'Insurance Potential', '2026-03-16', 'Digital Active', 1, 168, 158.83, 'Mortgage Family', '2026-03-22', 'Risk Watch', 1, 174, 161.05, 'Insurance Potential', '2026-03-28', 'Digital Active', 1, 180, 163.27, 'Mortgage Family', '2026-03-06', 'Risk Watch', 1, 186, 165.49, 'Insurance Potential', '2026-03-12', 'Digital Active', 1, 192, 167.71, 'Mortgage Family', '2026-03-18', 'Risk Watch', 1, 198, 169.93, 'Insurance Potential', '2026-03-24', 'Digital Active', 1, 204, 172.15, 'Mortgage Family', '2026-03-02', 'Risk Watch', 1, 210, 174.37, 'Insurance Potential', '2026-03-08', 'Digital Active', 1, 216, 176.59, 'Mortgage Family', '2026-03-14', 'Risk Watch', 1, 222, 178.81, 'Insurance Potential', '2026-03-20', 'Digital Active', 1, 228, 181.03, 'Mortgage Family', '2026-03-26', 'Risk Watch', 1, 234, 183.25, 'Insurance Potential', '2026-03-04', 'Digital Active', 1, 240, 185.47, 'Mortgage Family', '2026-03-10', 'Risk Watch', 1, 246, 187.69, 'Insurance Potential', '2026-03-16', 'Digital Active', 1, 252, 189.91, 'Mortgage Family', '2026-03-22', 'Risk Watch', 1, 258, 192.13, 'Insurance Potential', '2026-03-28', 'Digital Active', 1, 264, 194.35, 'Mortgage Family', '2026-03-06', 'Risk Watch', 1, 270, 196.57, 'Insurance Potential', '2026-03-12', 'Digital Active', 1, 276, 198.79, 'Mortgage Family', '2026-03-18', 'Risk Watch', 1, 282, 201.01, 'Insurance Potential', '2026-03-24', 'Digital Active', 1, 288, 203.23, 'Mortgage Family', '2026-03-02', 'Risk Watch', 1, 294, 205.45, 'Insurance Potential', '2026-03-08', 'Digital Active', 1, 300, 207.67, 'Mortgage Family', '2026-03-14', 'Risk Watch', 1, 306, 209.89, 'Insurance Potential', '2026-03-20', 'Digital Active', 1, 312, 212.11, 'Mortgage Family', '2026-03-26', 'Risk Watch', 1, 318, 214.33, 'Insurance Potential', '2026-03-04', 'Digital Active', 1, 324, 216.55, 'Mortgage Family', '2026-03-10', 'Risk Watch', 1, 330, 218.77, 'Insurance Potential', '2026-03-16', 'Digital Active', 1, 336, 220.99, 'Mortgage Family', '2026-03-22', 'Risk Watch', 1, 342, 223.21, 'Insurance Potential', '2026-03-28', 'Digital Active', 1, 348, 225.43, 'Mortgage Family', '2026-03-06', 'Risk Watch', 1, 354, 227.65, 'Insurance Potential', '2026-03-12', 'Digital Active', 1, 360, 229.87, 'Mortgage Family', '2026-03-18', 'Risk Watch', 1, 366, 232.09, 'Insurance Potential', '2026-03-24', 'Digital Active', 1, 372, 234.31, 'Mortgage Family', '2026-03-02', 'Risk Watch', 1, 378, 236.53, 'Insurance Potential', '2026-03-08', 'Digital Active', 1, 384, 238.75, 'Mortgage Family', '2026-03-14', 'Risk Watch', 1, 390, 240.97, 'Insurance Potential', '2026-03-20', 'Digital Active', 1, 396, 243.19, 'Mortgage Family', '2026-03-26', 'Risk Watch', 1, 402, 245.41, 'Insurance Potential', '2026-03-04', 'Digital Active', 1, 408, 247.63, 'Mortgage Family', '2026-03-10', 'Risk Watch', 1, 414, 249.85, 'Insurance Potential', '2026-03-16', 'Digital Active', 1, 420, 252.07, 'Mortgage Family', '2026-03-22', 'Risk Watch', 1, 426, 254.29, 'Insurance Potential', '2026-03-28', 'Digital Active', 1, 432, 256.51, 'Mortgage Family', '2026-03-06', 'Risk Watch', 1, 438, 258.73, 'Insurance Potential', '2026-03-12', 'Digital Active', 1, 444, 260.95, 'Mortgage Family', '2026-03-18', 'Risk Watch', 1, 450, 263.17, 'Insurance Potential', '2026-03-24', 'Digital Active', 1, 456, 265.39, 'Mortgage Family', '2026-03-02', 'Risk Watch', 1, 462, 267.61, 'Insurance Potential', '2026-03-08', 'Digital Active', 1, 468, 269.83, 'Mortgage Family', '2026-03-14', 'Risk Watch'),
  (1002, '2026-04-02', 'Michael Wang', 'SH********1002', '138****1002', 1, 29, '20-29', 'Shanghai', 'Shanghai', 2, 'Software Engineer', '2024-02-02', 'Affluent', 29.7, 7.1, 3.8, 12.0, 7.0, 0.54, 1, 1, 0, 4, 659, 'A+', 1, 'WEB', 7, '2026-04-21', 'Medium', 'Growth', 0.19, 64.5, '["Salary Customer","Credit Card Active","Mobile Banking Active"]', 0, '2026-04-20 10:00:00', '2026-04-21 18:00:00', 0, 15, 113.61, 'SME Owner', '2026-03-07', 'Retirement Plan', 0, 21, 115.83, 'Cross-sell Candidate', '2026-03-13', 'Branch Preferred', 0, 27, 118.05, 'SME Owner', '2026-03-19', 'Retirement Plan', 0, 33, 120.27, 'Cross-sell Candidate', '2026-03-25', 'Branch Preferred', 0, 39, 122.49, 'SME Owner', '2026-03-03', 'Retirement Plan', 0, 45, 124.71, 'Cross-sell Candidate', '2026-03-09', 'Branch Preferred', 0, 51, 126.93, 'SME Owner', '2026-03-15', 'Retirement Plan', 0, 57, 129.15, 'Cross-sell Candidate', '2026-03-21', 'Branch Preferred', 0, 63, 131.37, 'SME Owner', '2026-03-27', 'Retirement Plan', 0, 69, 133.59, 'Cross-sell Candidate', '2026-03-05', 'Branch Preferred', 0, 75, 135.81, 'SME Owner', '2026-03-11', 'Retirement Plan', 0, 81, 138.03, 'Cross-sell Candidate', '2026-03-17', 'Branch Preferred', 0, 87, 140.25, 'SME Owner', '2026-03-23', 'Retirement Plan', 0, 93, 142.47, 'Cross-sell Candidate', '2026-03-01', 'Branch Preferred', 0, 99, 144.69, 'SME Owner', '2026-03-07', 'Retirement Plan', 0, 105, 146.91, 'Cross-sell Candidate', '2026-03-13', 'Branch Preferred', 0, 111, 149.13, 'SME Owner', '2026-03-19', 'Retirement Plan', 0, 117, 151.35, 'Cross-sell Candidate', '2026-03-25', 'Branch Preferred', 0, 123, 153.57, 'SME Owner', '2026-03-03', 'Retirement Plan', 0, 129, 155.79, 'Cross-sell Candidate', '2026-03-09', 'Branch Preferred', 0, 135, 158.01, 'SME Owner', '2026-03-15', 'Retirement Plan', 0, 141, 160.23, 'Cross-sell Candidate', '2026-03-21', 'Branch Preferred', 0, 147, 162.45, 'SME Owner', '2026-03-27', 'Retirement Plan', 0, 153, 164.67, 'Cross-sell Candidate', '2026-03-05', 'Branch Preferred', 0, 159, 166.89, 'SME Owner', '2026-03-11', 'Retirement Plan', 0, 165, 169.11, 'Cross-sell Candidate', '2026-03-17', 'Branch Preferred', 0, 171, 171.33, 'SME Owner', '2026-03-23', 'Retirement Plan', 0, 177, 173.55, 'Cross-sell Candidate', '2026-03-01', 'Branch Preferred', 0, 183, 175.77, 'SME Owner', '2026-03-07', 'Retirement Plan', 0, 189, 177.99, 'Cross-sell Candidate', '2026-03-13', 'Branch Preferred', 0, 195, 180.21, 'SME Owner', '2026-03-19', 'Retirement Plan', 0, 201, 182.43, 'Cross-sell Candidate', '2026-03-25', 'Branch Preferred', 0, 207, 184.65, 'SME Owner', '2026-03-03', 'Retirement Plan', 0, 213, 186.87, 'Cross-sell Candidate', '2026-03-09', 'Branch Preferred', 0, 219, 189.09, 'SME Owner', '2026-03-15', 'Retirement Plan', 0, 225, 191.31, 'Cross-sell Candidate', '2026-03-21', 'Branch Preferred', 0, 231, 193.53, 'SME Owner', '2026-03-27', 'Retirement Plan', 0, 237, 195.75, 'Cross-sell Candidate', '2026-03-05', 'Branch Preferred', 0, 243, 197.97, 'SME Owner', '2026-03-11', 'Retirement Plan', 0, 249, 200.19, 'Cross-sell Candidate', '2026-03-17', 'Branch Preferred', 0, 255, 202.41, 'SME Owner', '2026-03-23', 'Retirement Plan', 0, 261, 204.63, 'Cross-sell Candidate', '2026-03-01', 'Branch Preferred', 0, 267, 206.85, 'SME Owner', '2026-03-07', 'Retirement Plan', 0, 273, 209.07, 'Cross-sell Candidate', '2026-03-13', 'Branch Preferred', 0, 279, 211.29, 'SME Owner', '2026-03-19', 'Retirement Plan', 0, 285, 213.51, 'Cross-sell Candidate', '2026-03-25', 'Branch Preferred', 0, 291, 215.73, 'SME Owner', '2026-03-03', 'Retirement Plan', 0, 297, 217.95, 'Cross-sell Candidate', '2026-03-09', 'Branch Preferred', 0, 303, 220.17, 'SME Owner', '2026-03-15', 'Retirement Plan', 0, 309, 222.39, 'Cross-sell Candidate', '2026-03-21', 'Branch Preferred', 0, 315, 224.61, 'SME Owner', '2026-03-27', 'Retirement Plan', 0, 321, 226.83, 'Cross-sell Candidate', '2026-03-05', 'Branch Preferred', 0, 327, 229.05, 'SME Owner', '2026-03-11', 'Retirement Plan', 0, 333, 231.27, 'Cross-sell Candidate', '2026-03-17', 'Branch Preferred', 0, 339, 233.49, 'SME Owner', '2026-03-23', 'Retirement Plan', 0, 345, 235.71, 'Cross-sell Candidate', '2026-03-01', 'Branch Preferred', 0, 351, 237.93, 'SME Owner', '2026-03-07', 'Retirement Plan', 0, 357, 240.15, 'Cross-sell Candidate', '2026-03-13', 'Branch Preferred', 0, 363, 242.37, 'SME Owner', '2026-03-19', 'Retirement Plan', 0, 369, 244.59, 'Cross-sell Candidate', '2026-03-25', 'Branch Preferred', 0, 375, 246.81, 'SME Owner', '2026-03-03', 'Retirement Plan', 0, 381, 249.03, 'Cross-sell Candidate', '2026-03-09', 'Branch Preferred', 0, 387, 251.25, 'SME Owner', '2026-03-15', 'Retirement Plan', 0, 393, 253.47, 'Cross-sell Candidate', '2026-03-21', 'Branch Preferred', 0, 399, 255.69, 'SME Owner', '2026-03-27', 'Retirement Plan', 0, 405, 257.91, 'Cross-sell Candidate', '2026-03-05', 'Branch Preferred', 0, 411, 260.13, 'SME Owner', '2026-03-11', 'Retirement Plan', 0, 417, 262.35, 'Cross-sell Candidate', '2026-03-17', 'Branch Preferred', 0, 423, 264.57, 'SME Owner', '2026-03-23', 'Retirement Plan', 0, 429, 266.79, 'Cross-sell Candidate', '2026-03-01', 'Branch Preferred', 0, 435, 269.01, 'SME Owner', '2026-03-07', 'Retirement Plan', 0, 441, 271.23, 'Cross-sell Candidate', '2026-03-13', 'Branch Preferred', 0, 447, 273.45, 'SME Owner', '2026-03-19', 'Retirement Plan', 0, 453, 275.67, 'Cross-sell Candidate', '2026-03-25', 'Branch Preferred', 0, 459, 277.89, 'SME Owner', '2026-03-03', 'Retirement Plan', 0, 465, 280.11, 'Cross-sell Candidate', '2026-03-09', 'Branch Preferred', 0, 471, 282.33, 'SME Owner', '2026-03-15', 'Retirement Plan'),
  (1003, '2026-04-03', 'Sophia Liu', 'GU********1003', '138****1003', 2, 36, '30-39', 'Shenzhen', 'Guangdong', 3, 'Private Banker', '2024-03-03', 'Premier', 41.4, 9.2, 6.4, 24.0, 12.0, 0.96, 1, 1, 0, 5, 668, 'AA', 1, 'BRANCH', 9, '2026-04-22', 'High', 'Mature', 0.26, 69.0, '["Wealth Product Interest","High Net Worth","Cross-sell Candidate"]', 0, '2026-04-20 10:00:00', '2026-04-22 18:00:00', 1, 18, 126.11, 'Risk Watch', '2026-03-08', 'Travel Spender', 1, 24, 128.33, 'Digital Active', '2026-03-14', 'Salary Income', 1, 30, 130.55, 'Risk Watch', '2026-03-20', 'Travel Spender', 1, 36, 132.77, 'Digital Active', '2026-03-26', 'Salary Income', 1, 42, 134.99, 'Risk Watch', '2026-03-04', 'Travel Spender', 1, 48, 137.21, 'Digital Active', '2026-03-10', 'Salary Income', 1, 54, 139.43, 'Risk Watch', '2026-03-16', 'Travel Spender', 1, 60, 141.65, 'Digital Active', '2026-03-22', 'Salary Income', 1, 66, 143.87, 'Risk Watch', '2026-03-28', 'Travel Spender', 1, 72, 146.09, 'Digital Active', '2026-03-06', 'Salary Income', 1, 78, 148.31, 'Risk Watch', '2026-03-12', 'Travel Spender', 1, 84, 150.53, 'Digital Active', '2026-03-18', 'Salary Income', 1, 90, 152.75, 'Risk Watch', '2026-03-24', 'Travel Spender', 1, 96, 154.97, 'Digital Active', '2026-03-02', 'Salary Income', 1, 102, 157.19, 'Risk Watch', '2026-03-08', 'Travel Spender', 1, 108, 159.41, 'Digital Active', '2026-03-14', 'Salary Income', 1, 114, 161.63, 'Risk Watch', '2026-03-20', 'Travel Spender', 1, 120, 163.85, 'Digital Active', '2026-03-26', 'Salary Income', 1, 126, 166.07, 'Risk Watch', '2026-03-04', 'Travel Spender', 1, 132, 168.29, 'Digital Active', '2026-03-10', 'Salary Income', 1, 138, 170.51, 'Risk Watch', '2026-03-16', 'Travel Spender', 1, 144, 172.73, 'Digital Active', '2026-03-22', 'Salary Income', 1, 150, 174.95, 'Risk Watch', '2026-03-28', 'Travel Spender', 1, 156, 177.17, 'Digital Active', '2026-03-06', 'Salary Income', 1, 162, 179.39, 'Risk Watch', '2026-03-12', 'Travel Spender', 1, 168, 181.61, 'Digital Active', '2026-03-18', 'Salary Income', 1, 174, 183.83, 'Risk Watch', '2026-03-24', 'Travel Spender', 1, 180, 186.05, 'Digital Active', '2026-03-02', 'Salary Income', 1, 186, 188.27, 'Risk Watch', '2026-03-08', 'Travel Spender', 1, 192, 190.49, 'Digital Active', '2026-03-14', 'Salary Income', 1, 198, 192.71, 'Risk Watch', '2026-03-20', 'Travel Spender', 1, 204, 194.93, 'Digital Active', '2026-03-26', 'Salary Income', 1, 210, 197.15, 'Risk Watch', '2026-03-04', 'Travel Spender', 1, 216, 199.37, 'Digital Active', '2026-03-10', 'Salary Income', 1, 222, 201.59, 'Risk Watch', '2026-03-16', 'Travel Spender', 1, 228, 203.81, 'Digital Active', '2026-03-22', 'Salary Income', 1, 234, 206.03, 'Risk Watch', '2026-03-28', 'Travel Spender', 1, 240, 208.25, 'Digital Active', '2026-03-06', 'Salary Income', 1, 246, 210.47, 'Risk Watch', '2026-03-12', 'Travel Spender', 1, 252, 212.69, 'Digital Active', '2026-03-18', 'Salary Income', 1, 258, 214.91, 'Risk Watch', '2026-03-24', 'Travel Spender', 1, 264, 217.13, 'Digital Active', '2026-03-02', 'Salary Income', 1, 270, 219.35, 'Risk Watch', '2026-03-08', 'Travel Spender', 1, 276, 221.57, 'Digital Active', '2026-03-14', 'Salary Income', 1, 282, 223.79, 'Risk Watch', '2026-03-20', 'Travel Spender', 1, 288, 226.01, 'Digital Active', '2026-03-26', 'Salary Income', 1, 294, 228.23, 'Risk Watch', '2026-03-04', 'Travel Spender', 1, 300, 230.45, 'Digital Active', '2026-03-10', 'Salary Income', 1, 306, 232.67, 'Risk Watch', '2026-03-16', 'Travel Spender', 1, 312, 234.89, 'Digital Active', '2026-03-22', 'Salary Income', 1, 318, 237.11, 'Risk Watch', '2026-03-28', 'Travel Spender', 1, 324, 239.33, 'Digital Active', '2026-03-06', 'Salary Income', 1, 330, 241.55, 'Risk Watch', '2026-03-12', 'Travel Spender', 1, 336, 243.77, 'Digital Active', '2026-03-18', 'Salary Income', 1, 342, 245.99, 'Risk Watch', '2026-03-24', 'Travel Spender', 1, 348, 248.21, 'Digital Active', '2026-03-02', 'Salary Income', 1, 354, 250.43, 'Risk Watch', '2026-03-08', 'Travel Spender', 1, 360, 252.65, 'Digital Active', '2026-03-14', 'Salary Income', 1, 366, 254.87, 'Risk Watch', '2026-03-20', 'Travel Spender', 1, 372, 257.09, 'Digital Active', '2026-03-26', 'Salary Income', 1, 378, 259.31, 'Risk Watch', '2026-03-04', 'Travel Spender', 1, 384, 261.53, 'Digital Active', '2026-03-10', 'Salary Income', 1, 390, 263.75, 'Risk Watch', '2026-03-16', 'Travel Spender', 1, 396, 265.97, 'Digital Active', '2026-03-22', 'Salary Income', 1, 402, 268.19, 'Risk Watch', '2026-03-28', 'Travel Spender', 1, 408, 270.41, 'Digital Active', '2026-03-06', 'Salary Income', 1, 414, 272.63, 'Risk Watch', '2026-03-12', 'Travel Spender', 1, 420, 274.85, 'Digital Active', '2026-03-18', 'Salary Income', 1, 426, 277.07, 'Risk Watch', '2026-03-24', 'Travel Spender', 1, 432, 279.29, 'Digital Active', '2026-03-02', 'Salary Income', 1, 438, 281.51, 'Risk Watch', '2026-03-08', 'Travel Spender', 1, 444, 283.73, 'Digital Active', '2026-03-14', 'Salary Income', 1, 450, 285.95, 'Risk Watch', '2026-03-20', 'Travel Spender', 1, 456, 288.17, 'Digital Active', '2026-03-26', 'Salary Income', 1, 462, 290.39, 'Risk Watch', '2026-03-04', 'Travel Spender', 1, 468, 292.61, 'Digital Active', '2026-03-10', 'Salary Income', 1, 474, 294.83, 'Risk Watch', '2026-03-16', 'Travel Spender'),
  (1004, '2026-04-04', 'Daniel Zhang', 'ZH********1004', '138****1004', 1, 42, '40-49', 'Hangzhou', 'Zhejiang', 4, 'Small Business Owner', '2024-04-04', 'Private', 53.1, 11.3, 9.0, 36.0, 17.0, 1.38, 0, 1, 0, 6, 677, 'AAA', 3, 'RM', 11, '2026-04-23', 'Very High', 'Retention', 0.33, 73.5, '["SME Owner","Loan Risk Watch","Branch Preferred"]', 1, '2026-04-20 10:00:00', '2026-04-23 18:00:00', 0, 21, 138.61, 'Retirement Plan', '2026-03-09', 'Education Saver', 0, 27, 140.83, 'Branch Preferred', '2026-03-15', 'Fund Investor', 0, 33, 143.05, 'Retirement Plan', '2026-03-21', 'Education Saver', 0, 39, 145.27, 'Branch Preferred', '2026-03-27', 'Fund Investor', 0, 45, 147.49, 'Retirement Plan', '2026-03-05', 'Education Saver', 0, 51, 149.71, 'Branch Preferred', '2026-03-11', 'Fund Investor', 0, 57, 151.93, 'Retirement Plan', '2026-03-17', 'Education Saver', 0, 63, 154.15, 'Branch Preferred', '2026-03-23', 'Fund Investor', 0, 69, 156.37, 'Retirement Plan', '2026-03-01', 'Education Saver', 0, 75, 158.59, 'Branch Preferred', '2026-03-07', 'Fund Investor', 0, 81, 160.81, 'Retirement Plan', '2026-03-13', 'Education Saver', 0, 87, 163.03, 'Branch Preferred', '2026-03-19', 'Fund Investor', 0, 93, 165.25, 'Retirement Plan', '2026-03-25', 'Education Saver', 0, 99, 167.47, 'Branch Preferred', '2026-03-03', 'Fund Investor', 0, 105, 169.69, 'Retirement Plan', '2026-03-09', 'Education Saver', 0, 111, 171.91, 'Branch Preferred', '2026-03-15', 'Fund Investor', 0, 117, 174.13, 'Retirement Plan', '2026-03-21', 'Education Saver', 0, 123, 176.35, 'Branch Preferred', '2026-03-27', 'Fund Investor', 0, 129, 178.57, 'Retirement Plan', '2026-03-05', 'Education Saver', 0, 135, 180.79, 'Branch Preferred', '2026-03-11', 'Fund Investor', 0, 141, 183.01, 'Retirement Plan', '2026-03-17', 'Education Saver', 0, 147, 185.23, 'Branch Preferred', '2026-03-23', 'Fund Investor', 0, 153, 187.45, 'Retirement Plan', '2026-03-01', 'Education Saver', 0, 159, 189.67, 'Branch Preferred', '2026-03-07', 'Fund Investor', 0, 165, 191.89, 'Retirement Plan', '2026-03-13', 'Education Saver', 0, 171, 194.11, 'Branch Preferred', '2026-03-19', 'Fund Investor', 0, 177, 196.33, 'Retirement Plan', '2026-03-25', 'Education Saver', 0, 183, 198.55, 'Branch Preferred', '2026-03-03', 'Fund Investor', 0, 189, 200.77, 'Retirement Plan', '2026-03-09', 'Education Saver', 0, 195, 202.99, 'Branch Preferred', '2026-03-15', 'Fund Investor', 0, 201, 205.21, 'Retirement Plan', '2026-03-21', 'Education Saver', 0, 207, 207.43, 'Branch Preferred', '2026-03-27', 'Fund Investor', 0, 213, 209.65, 'Retirement Plan', '2026-03-05', 'Education Saver', 0, 219, 211.87, 'Branch Preferred', '2026-03-11', 'Fund Investor', 0, 225, 214.09, 'Retirement Plan', '2026-03-17', 'Education Saver', 0, 231, 216.31, 'Branch Preferred', '2026-03-23', 'Fund Investor', 0, 237, 218.53, 'Retirement Plan', '2026-03-01', 'Education Saver', 0, 243, 220.75, 'Branch Preferred', '2026-03-07', 'Fund Investor', 0, 249, 222.97, 'Retirement Plan', '2026-03-13', 'Education Saver', 0, 255, 225.19, 'Branch Preferred', '2026-03-19', 'Fund Investor', 0, 261, 227.41, 'Retirement Plan', '2026-03-25', 'Education Saver', 0, 267, 229.63, 'Branch Preferred', '2026-03-03', 'Fund Investor', 0, 273, 231.85, 'Retirement Plan', '2026-03-09', 'Education Saver', 0, 279, 234.07, 'Branch Preferred', '2026-03-15', 'Fund Investor', 0, 285, 236.29, 'Retirement Plan', '2026-03-21', 'Education Saver', 0, 291, 238.51, 'Branch Preferred', '2026-03-27', 'Fund Investor', 0, 297, 240.73, 'Retirement Plan', '2026-03-05', 'Education Saver', 0, 303, 242.95, 'Branch Preferred', '2026-03-11', 'Fund Investor', 0, 309, 245.17, 'Retirement Plan', '2026-03-17', 'Education Saver', 0, 315, 247.39, 'Branch Preferred', '2026-03-23', 'Fund Investor', 0, 321, 249.61, 'Retirement Plan', '2026-03-01', 'Education Saver', 0, 327, 251.83, 'Branch Preferred', '2026-03-07', 'Fund Investor', 0, 333, 254.05, 'Retirement Plan', '2026-03-13', 'Education Saver', 0, 339, 256.27, 'Branch Preferred', '2026-03-19', 'Fund Investor', 0, 345, 258.49, 'Retirement Plan', '2026-03-25', 'Education Saver', 0, 351, 260.71, 'Branch Preferred', '2026-03-03', 'Fund Investor', 0, 357, 262.93, 'Retirement Plan', '2026-03-09', 'Education Saver', 0, 363, 265.15, 'Branch Preferred', '2026-03-15', 'Fund Investor', 0, 369, 267.37, 'Retirement Plan', '2026-03-21', 'Education Saver', 0, 375, 269.59, 'Branch Preferred', '2026-03-27', 'Fund Investor', 0, 381, 271.81, 'Retirement Plan', '2026-03-05', 'Education Saver', 0, 387, 274.03, 'Branch Preferred', '2026-03-11', 'Fund Investor', 0, 393, 276.25, 'Retirement Plan', '2026-03-17', 'Education Saver', 0, 399, 278.47, 'Branch Preferred', '2026-03-23', 'Fund Investor', 0, 405, 280.69, 'Retirement Plan', '2026-03-01', 'Education Saver', 0, 411, 282.91, 'Branch Preferred', '2026-03-07', 'Fund Investor', 0, 417, 285.13, 'Retirement Plan', '2026-03-13', 'Education Saver', 0, 423, 287.35, 'Branch Preferred', '2026-03-19', 'Fund Investor', 0, 429, 289.57, 'Retirement Plan', '2026-03-25', 'Education Saver', 0, 435, 291.79, 'Branch Preferred', '2026-03-03', 'Fund Investor', 0, 441, 294.01, 'Retirement Plan', '2026-03-09', 'Education Saver', 0, 447, 296.23, 'Branch Preferred', '2026-03-15', 'Fund Investor', 0, 453, 298.45, 'Retirement Plan', '2026-03-21', 'Education Saver', 0, 459, 300.67, 'Branch Preferred', '2026-03-27', 'Fund Investor', 0, 465, 302.89, 'Retirement Plan', '2026-03-05', 'Education Saver', 0, 471, 305.11, 'Branch Preferred', '2026-03-11', 'Fund Investor', 0, 477, 307.33, 'Retirement Plan', '2026-03-17', 'Education Saver'),
  (1005, '2026-04-05', 'Olivia Huang', 'SI********1005', '138****1005', 2, 34, '30-39', 'Chengdu', 'Sichuan', 5, 'Teacher', '2024-05-05', 'Mass', 50.8, 13.4, 11.6, 48.0, 22.0, 0.12, 1, 1, 0, 7, 686, 'A', 1, 'APP', 13, '2026-04-24', 'Low', 'New', 0.4, 78.0, '["Family Finance","Insurance Potential","Salary Customer"]', 0, '2026-04-20 10:00:00', '2026-04-24 18:00:00', 1, 24, 151.11, 'Travel Spender', '2026-03-10', 'Insurance Potential', 1, 30, 153.33, 'Salary Income', '2026-03-16', 'Mortgage Family', 1, 36, 155.55, 'Travel Spender', '2026-03-22', 'Insurance Potential', 1, 42, 157.77, 'Salary Income', '2026-03-28', 'Mortgage Family', 1, 48, 159.99, 'Travel Spender', '2026-03-06', 'Insurance Potential', 1, 54, 162.21, 'Salary Income', '2026-03-12', 'Mortgage Family', 1, 60, 164.43, 'Travel Spender', '2026-03-18', 'Insurance Potential', 1, 66, 166.65, 'Salary Income', '2026-03-24', 'Mortgage Family', 1, 72, 168.87, 'Travel Spender', '2026-03-02', 'Insurance Potential', 1, 78, 171.09, 'Salary Income', '2026-03-08', 'Mortgage Family', 1, 84, 173.31, 'Travel Spender', '2026-03-14', 'Insurance Potential', 1, 90, 175.53, 'Salary Income', '2026-03-20', 'Mortgage Family', 1, 96, 177.75, 'Travel Spender', '2026-03-26', 'Insurance Potential', 1, 102, 179.97, 'Salary Income', '2026-03-04', 'Mortgage Family', 1, 108, 182.19, 'Travel Spender', '2026-03-10', 'Insurance Potential', 1, 114, 184.41, 'Salary Income', '2026-03-16', 'Mortgage Family', 1, 120, 186.63, 'Travel Spender', '2026-03-22', 'Insurance Potential', 1, 126, 188.85, 'Salary Income', '2026-03-28', 'Mortgage Family', 1, 132, 191.07, 'Travel Spender', '2026-03-06', 'Insurance Potential', 1, 138, 193.29, 'Salary Income', '2026-03-12', 'Mortgage Family', 1, 144, 195.51, 'Travel Spender', '2026-03-18', 'Insurance Potential', 1, 150, 197.73, 'Salary Income', '2026-03-24', 'Mortgage Family', 1, 156, 199.95, 'Travel Spender', '2026-03-02', 'Insurance Potential', 1, 162, 202.17, 'Salary Income', '2026-03-08', 'Mortgage Family', 1, 168, 204.39, 'Travel Spender', '2026-03-14', 'Insurance Potential', 1, 174, 206.61, 'Salary Income', '2026-03-20', 'Mortgage Family', 1, 180, 208.83, 'Travel Spender', '2026-03-26', 'Insurance Potential', 1, 186, 211.05, 'Salary Income', '2026-03-04', 'Mortgage Family', 1, 192, 213.27, 'Travel Spender', '2026-03-10', 'Insurance Potential', 1, 198, 215.49, 'Salary Income', '2026-03-16', 'Mortgage Family', 1, 204, 217.71, 'Travel Spender', '2026-03-22', 'Insurance Potential', 1, 210, 219.93, 'Salary Income', '2026-03-28', 'Mortgage Family', 1, 216, 222.15, 'Travel Spender', '2026-03-06', 'Insurance Potential', 1, 222, 224.37, 'Salary Income', '2026-03-12', 'Mortgage Family', 1, 228, 226.59, 'Travel Spender', '2026-03-18', 'Insurance Potential', 1, 234, 228.81, 'Salary Income', '2026-03-24', 'Mortgage Family', 1, 240, 231.03, 'Travel Spender', '2026-03-02', 'Insurance Potential', 1, 246, 233.25, 'Salary Income', '2026-03-08', 'Mortgage Family', 1, 252, 235.47, 'Travel Spender', '2026-03-14', 'Insurance Potential', 1, 258, 237.69, 'Salary Income', '2026-03-20', 'Mortgage Family', 1, 264, 239.91, 'Travel Spender', '2026-03-26', 'Insurance Potential', 1, 270, 242.13, 'Salary Income', '2026-03-04', 'Mortgage Family', 1, 276, 244.35, 'Travel Spender', '2026-03-10', 'Insurance Potential', 1, 282, 246.57, 'Salary Income', '2026-03-16', 'Mortgage Family', 1, 288, 248.79, 'Travel Spender', '2026-03-22', 'Insurance Potential', 1, 294, 251.01, 'Salary Income', '2026-03-28', 'Mortgage Family', 1, 300, 253.23, 'Travel Spender', '2026-03-06', 'Insurance Potential', 1, 306, 255.45, 'Salary Income', '2026-03-12', 'Mortgage Family', 1, 312, 257.67, 'Travel Spender', '2026-03-18', 'Insurance Potential', 1, 318, 259.89, 'Salary Income', '2026-03-24', 'Mortgage Family', 1, 324, 262.11, 'Travel Spender', '2026-03-02', 'Insurance Potential', 1, 330, 264.33, 'Salary Income', '2026-03-08', 'Mortgage Family', 1, 336, 266.55, 'Travel Spender', '2026-03-14', 'Insurance Potential', 1, 342, 268.77, 'Salary Income', '2026-03-20', 'Mortgage Family', 1, 348, 270.99, 'Travel Spender', '2026-03-26', 'Insurance Potential', 1, 354, 273.21, 'Salary Income', '2026-03-04', 'Mortgage Family', 1, 360, 275.43, 'Travel Spender', '2026-03-10', 'Insurance Potential', 1, 366, 277.65, 'Salary Income', '2026-03-16', 'Mortgage Family', 1, 372, 279.87, 'Travel Spender', '2026-03-22', 'Insurance Potential', 1, 378, 282.09, 'Salary Income', '2026-03-28', 'Mortgage Family', 1, 384, 284.31, 'Travel Spender', '2026-03-06', 'Insurance Potential', 1, 390, 286.53, 'Salary Income', '2026-03-12', 'Mortgage Family', 1, 396, 288.75, 'Travel Spender', '2026-03-18', 'Insurance Potential', 1, 402, 290.97, 'Salary Income', '2026-03-24', 'Mortgage Family', 1, 408, 293.19, 'Travel Spender', '2026-03-02', 'Insurance Potential', 1, 414, 295.41, 'Salary Income', '2026-03-08', 'Mortgage Family', 1, 420, 297.63, 'Travel Spender', '2026-03-14', 'Insurance Potential', 1, 426, 299.85, 'Salary Income', '2026-03-20', 'Mortgage Family', 1, 432, 302.07, 'Travel Spender', '2026-03-26', 'Insurance Potential', 1, 438, 304.29, 'Salary Income', '2026-03-04', 'Mortgage Family', 1, 444, 306.51, 'Travel Spender', '2026-03-10', 'Insurance Potential', 1, 450, 308.73, 'Salary Income', '2026-03-16', 'Mortgage Family', 1, 456, 310.95, 'Travel Spender', '2026-03-22', 'Insurance Potential', 1, 462, 313.17, 'Salary Income', '2026-03-28', 'Mortgage Family', 1, 468, 315.39, 'Travel Spender', '2026-03-06', 'Insurance Potential', 1, 474, 317.61, 'Salary Income', '2026-03-12', 'Mortgage Family', 1, 480, 319.83, 'Travel Spender', '2026-03-18', 'Insurance Potential'),
  (1006, '2026-04-06', 'William Li', 'JI********1006', '138****1006', 1, 45, '40-49', 'Nanjing', 'Jiangsu', 1, 'Doctor', '2024-06-06', 'Affluent', 62.5, 15.5, 14.2, 0.0, 27.0, 0.54, 0, 1, 1, 8, 695, 'A+', 1, 'WEB', 15, '2026-04-25', 'Medium', 'Growth', 0.47, 82.5, '["High Net Worth","Mortgage Customer","Wealth Product Interest"]', 0, '2026-04-20 10:00:00', '2026-04-25 18:00:00', 0, 27, 163.61, 'Education Saver', '2026-03-11', 'Cross-sell Candidate', 0, 33, 165.83, 'Fund Investor', '2026-03-17', 'SME Owner', 0, 39, 168.05, 'Education Saver', '2026-03-23', 'Cross-sell Candidate', 0, 45, 170.27, 'Fund Investor', '2026-03-01', 'SME Owner', 0, 51, 172.49, 'Education Saver', '2026-03-07', 'Cross-sell Candidate', 0, 57, 174.71, 'Fund Investor', '2026-03-13', 'SME Owner', 0, 63, 176.93, 'Education Saver', '2026-03-19', 'Cross-sell Candidate', 0, 69, 179.15, 'Fund Investor', '2026-03-25', 'SME Owner', 0, 75, 181.37, 'Education Saver', '2026-03-03', 'Cross-sell Candidate', 0, 81, 183.59, 'Fund Investor', '2026-03-09', 'SME Owner', 0, 87, 185.81, 'Education Saver', '2026-03-15', 'Cross-sell Candidate', 0, 93, 188.03, 'Fund Investor', '2026-03-21', 'SME Owner', 0, 99, 190.25, 'Education Saver', '2026-03-27', 'Cross-sell Candidate', 0, 105, 192.47, 'Fund Investor', '2026-03-05', 'SME Owner', 0, 111, 194.69, 'Education Saver', '2026-03-11', 'Cross-sell Candidate', 0, 117, 196.91, 'Fund Investor', '2026-03-17', 'SME Owner', 0, 123, 199.13, 'Education Saver', '2026-03-23', 'Cross-sell Candidate', 0, 129, 201.35, 'Fund Investor', '2026-03-01', 'SME Owner', 0, 135, 203.57, 'Education Saver', '2026-03-07', 'Cross-sell Candidate', 0, 141, 205.79, 'Fund Investor', '2026-03-13', 'SME Owner', 0, 147, 208.01, 'Education Saver', '2026-03-19', 'Cross-sell Candidate', 0, 153, 210.23, 'Fund Investor', '2026-03-25', 'SME Owner', 0, 159, 212.45, 'Education Saver', '2026-03-03', 'Cross-sell Candidate', 0, 165, 214.67, 'Fund Investor', '2026-03-09', 'SME Owner', 0, 171, 216.89, 'Education Saver', '2026-03-15', 'Cross-sell Candidate', 0, 177, 219.11, 'Fund Investor', '2026-03-21', 'SME Owner', 0, 183, 221.33, 'Education Saver', '2026-03-27', 'Cross-sell Candidate', 0, 189, 223.55, 'Fund Investor', '2026-03-05', 'SME Owner', 0, 195, 225.77, 'Education Saver', '2026-03-11', 'Cross-sell Candidate', 0, 201, 227.99, 'Fund Investor', '2026-03-17', 'SME Owner', 0, 207, 230.21, 'Education Saver', '2026-03-23', 'Cross-sell Candidate', 0, 213, 232.43, 'Fund Investor', '2026-03-01', 'SME Owner', 0, 219, 234.65, 'Education Saver', '2026-03-07', 'Cross-sell Candidate', 0, 225, 236.87, 'Fund Investor', '2026-03-13', 'SME Owner', 0, 231, 239.09, 'Education Saver', '2026-03-19', 'Cross-sell Candidate', 0, 237, 241.31, 'Fund Investor', '2026-03-25', 'SME Owner', 0, 243, 243.53, 'Education Saver', '2026-03-03', 'Cross-sell Candidate', 0, 249, 245.75, 'Fund Investor', '2026-03-09', 'SME Owner', 0, 255, 247.97, 'Education Saver', '2026-03-15', 'Cross-sell Candidate', 0, 261, 250.19, 'Fund Investor', '2026-03-21', 'SME Owner', 0, 267, 252.41, 'Education Saver', '2026-03-27', 'Cross-sell Candidate', 0, 273, 254.63, 'Fund Investor', '2026-03-05', 'SME Owner', 0, 279, 256.85, 'Education Saver', '2026-03-11', 'Cross-sell Candidate', 0, 285, 259.07, 'Fund Investor', '2026-03-17', 'SME Owner', 0, 291, 261.29, 'Education Saver', '2026-03-23', 'Cross-sell Candidate', 0, 297, 263.51, 'Fund Investor', '2026-03-01', 'SME Owner', 0, 303, 265.73, 'Education Saver', '2026-03-07', 'Cross-sell Candidate', 0, 309, 267.95, 'Fund Investor', '2026-03-13', 'SME Owner', 0, 315, 270.17, 'Education Saver', '2026-03-19', 'Cross-sell Candidate', 0, 321, 272.39, 'Fund Investor', '2026-03-25', 'SME Owner', 0, 327, 274.61, 'Education Saver', '2026-03-03', 'Cross-sell Candidate', 0, 333, 276.83, 'Fund Investor', '2026-03-09', 'SME Owner', 0, 339, 279.05, 'Education Saver', '2026-03-15', 'Cross-sell Candidate', 0, 345, 281.27, 'Fund Investor', '2026-03-21', 'SME Owner', 0, 351, 283.49, 'Education Saver', '2026-03-27', 'Cross-sell Candidate', 0, 357, 285.71, 'Fund Investor', '2026-03-05', 'SME Owner', 0, 363, 287.93, 'Education Saver', '2026-03-11', 'Cross-sell Candidate', 0, 369, 290.15, 'Fund Investor', '2026-03-17', 'SME Owner', 0, 375, 292.37, 'Education Saver', '2026-03-23', 'Cross-sell Candidate', 0, 381, 294.59, 'Fund Investor', '2026-03-01', 'SME Owner', 0, 387, 296.81, 'Education Saver', '2026-03-07', 'Cross-sell Candidate', 0, 393, 299.03, 'Fund Investor', '2026-03-13', 'SME Owner', 0, 399, 301.25, 'Education Saver', '2026-03-19', 'Cross-sell Candidate', 0, 405, 303.47, 'Fund Investor', '2026-03-25', 'SME Owner', 0, 411, 305.69, 'Education Saver', '2026-03-03', 'Cross-sell Candidate', 0, 417, 307.91, 'Fund Investor', '2026-03-09', 'SME Owner', 0, 423, 310.13, 'Education Saver', '2026-03-15', 'Cross-sell Candidate', 0, 429, 312.35, 'Fund Investor', '2026-03-21', 'SME Owner', 0, 435, 314.57, 'Education Saver', '2026-03-27', 'Cross-sell Candidate', 0, 441, 316.79, 'Fund Investor', '2026-03-05', 'SME Owner', 0, 447, 319.01, 'Education Saver', '2026-03-11', 'Cross-sell Candidate', 0, 453, 321.23, 'Fund Investor', '2026-03-17', 'SME Owner', 0, 459, 323.45, 'Education Saver', '2026-03-23', 'Cross-sell Candidate', 0, 465, 325.67, 'Fund Investor', '2026-03-01', 'SME Owner', 0, 471, 327.89, 'Education Saver', '2026-03-07', 'Cross-sell Candidate', 0, 477, 330.11, 'Fund Investor', '2026-03-13', 'SME Owner', 0, 483, 332.33, 'Education Saver', '2026-03-19', 'Cross-sell Candidate'),
  (1007, '2026-04-07', 'Grace Zhao', 'HU********1007', '138****1007', 2, 27, '20-29', 'Wuhan', 'Hubei', 2, 'Designer', '2024-07-07', 'Premier', 74.2, 17.6, 16.8, 12.0, 2.0, 0.96, 1, 1, 0, 9, 704, 'AA', 1, 'BRANCH', 17, '2026-04-26', 'High', 'Mature', 0.54, 87.0, '["Young Professional","Credit Card Active","Mobile Banking Active"]', 0, '2026-04-20 10:00:00', '2026-04-26 18:00:00', 1, 30, 176.11, 'Insurance Potential', '2026-03-12', 'Digital Active', 1, 36, 178.33, 'Mortgage Family', '2026-03-18', 'Risk Watch', 1, 42, 180.55, 'Insurance Potential', '2026-03-24', 'Digital Active', 1, 48, 182.77, 'Mortgage Family', '2026-03-02', 'Risk Watch', 1, 54, 184.99, 'Insurance Potential', '2026-03-08', 'Digital Active', 1, 60, 187.21, 'Mortgage Family', '2026-03-14', 'Risk Watch', 1, 66, 189.43, 'Insurance Potential', '2026-03-20', 'Digital Active', 1, 72, 191.65, 'Mortgage Family', '2026-03-26', 'Risk Watch', 1, 78, 193.87, 'Insurance Potential', '2026-03-04', 'Digital Active', 1, 84, 196.09, 'Mortgage Family', '2026-03-10', 'Risk Watch', 1, 90, 198.31, 'Insurance Potential', '2026-03-16', 'Digital Active', 1, 96, 200.53, 'Mortgage Family', '2026-03-22', 'Risk Watch', 1, 102, 202.75, 'Insurance Potential', '2026-03-28', 'Digital Active', 1, 108, 204.97, 'Mortgage Family', '2026-03-06', 'Risk Watch', 1, 114, 207.19, 'Insurance Potential', '2026-03-12', 'Digital Active', 1, 120, 209.41, 'Mortgage Family', '2026-03-18', 'Risk Watch', 1, 126, 211.63, 'Insurance Potential', '2026-03-24', 'Digital Active', 1, 132, 213.85, 'Mortgage Family', '2026-03-02', 'Risk Watch', 1, 138, 216.07, 'Insurance Potential', '2026-03-08', 'Digital Active', 1, 144, 218.29, 'Mortgage Family', '2026-03-14', 'Risk Watch', 1, 150, 220.51, 'Insurance Potential', '2026-03-20', 'Digital Active', 1, 156, 222.73, 'Mortgage Family', '2026-03-26', 'Risk Watch', 1, 162, 224.95, 'Insurance Potential', '2026-03-04', 'Digital Active', 1, 168, 227.17, 'Mortgage Family', '2026-03-10', 'Risk Watch', 1, 174, 229.39, 'Insurance Potential', '2026-03-16', 'Digital Active', 1, 180, 231.61, 'Mortgage Family', '2026-03-22', 'Risk Watch', 1, 186, 233.83, 'Insurance Potential', '2026-03-28', 'Digital Active', 1, 192, 236.05, 'Mortgage Family', '2026-03-06', 'Risk Watch', 1, 198, 238.27, 'Insurance Potential', '2026-03-12', 'Digital Active', 1, 204, 240.49, 'Mortgage Family', '2026-03-18', 'Risk Watch', 1, 210, 242.71, 'Insurance Potential', '2026-03-24', 'Digital Active', 1, 216, 244.93, 'Mortgage Family', '2026-03-02', 'Risk Watch', 1, 222, 247.15, 'Insurance Potential', '2026-03-08', 'Digital Active', 1, 228, 249.37, 'Mortgage Family', '2026-03-14', 'Risk Watch', 1, 234, 251.59, 'Insurance Potential', '2026-03-20', 'Digital Active', 1, 240, 253.81, 'Mortgage Family', '2026-03-26', 'Risk Watch', 1, 246, 256.03, 'Insurance Potential', '2026-03-04', 'Digital Active', 1, 252, 258.25, 'Mortgage Family', '2026-03-10', 'Risk Watch', 1, 258, 260.47, 'Insurance Potential', '2026-03-16', 'Digital Active', 1, 264, 262.69, 'Mortgage Family', '2026-03-22', 'Risk Watch', 1, 270, 264.91, 'Insurance Potential', '2026-03-28', 'Digital Active', 1, 276, 267.13, 'Mortgage Family', '2026-03-06', 'Risk Watch', 1, 282, 269.35, 'Insurance Potential', '2026-03-12', 'Digital Active', 1, 288, 271.57, 'Mortgage Family', '2026-03-18', 'Risk Watch', 1, 294, 273.79, 'Insurance Potential', '2026-03-24', 'Digital Active', 1, 300, 276.01, 'Mortgage Family', '2026-03-02', 'Risk Watch', 1, 306, 278.23, 'Insurance Potential', '2026-03-08', 'Digital Active', 1, 312, 280.45, 'Mortgage Family', '2026-03-14', 'Risk Watch', 1, 318, 282.67, 'Insurance Potential', '2026-03-20', 'Digital Active', 1, 324, 284.89, 'Mortgage Family', '2026-03-26', 'Risk Watch', 1, 330, 287.11, 'Insurance Potential', '2026-03-04', 'Digital Active', 1, 336, 289.33, 'Mortgage Family', '2026-03-10', 'Risk Watch', 1, 342, 291.55, 'Insurance Potential', '2026-03-16', 'Digital Active', 1, 348, 293.77, 'Mortgage Family', '2026-03-22', 'Risk Watch', 1, 354, 295.99, 'Insurance Potential', '2026-03-28', 'Digital Active', 1, 360, 298.21, 'Mortgage Family', '2026-03-06', 'Risk Watch', 1, 366, 300.43, 'Insurance Potential', '2026-03-12', 'Digital Active', 1, 372, 302.65, 'Mortgage Family', '2026-03-18', 'Risk Watch', 1, 378, 304.87, 'Insurance Potential', '2026-03-24', 'Digital Active', 1, 384, 307.09, 'Mortgage Family', '2026-03-02', 'Risk Watch', 1, 390, 309.31, 'Insurance Potential', '2026-03-08', 'Digital Active', 1, 396, 311.53, 'Mortgage Family', '2026-03-14', 'Risk Watch', 1, 402, 313.75, 'Insurance Potential', '2026-03-20', 'Digital Active', 1, 408, 315.97, 'Mortgage Family', '2026-03-26', 'Risk Watch', 1, 414, 318.19, 'Insurance Potential', '2026-03-04', 'Digital Active', 1, 420, 320.41, 'Mortgage Family', '2026-03-10', 'Risk Watch', 1, 426, 322.63, 'Insurance Potential', '2026-03-16', 'Digital Active', 1, 432, 324.85, 'Mortgage Family', '2026-03-22', 'Risk Watch', 1, 438, 327.07, 'Insurance Potential', '2026-03-28', 'Digital Active', 1, 444, 329.29, 'Mortgage Family', '2026-03-06', 'Risk Watch', 1, 450, 331.51, 'Insurance Potential', '2026-03-12', 'Digital Active', 1, 456, 333.73, 'Mortgage Family', '2026-03-18', 'Risk Watch', 1, 462, 335.95, 'Insurance Potential', '2026-03-24', 'Digital Active', 1, 468, 338.17, 'Mortgage Family', '2026-03-02', 'Risk Watch', 1, 474, 340.39, 'Insurance Potential', '2026-03-08', 'Digital Active', 1, 480, 342.61, 'Mortgage Family', '2026-03-14', 'Risk Watch', 1, 486, 344.83, 'Insurance Potential', '2026-03-20', 'Digital Active'),
  (1008, '2026-04-08', 'Henry Wu', 'SH********1008', '138****1008', 1, 39, '30-39', 'Xi''an', 'Shaanxi', 3, 'Risk Analyst', '2024-08-08', 'Private', 85.9, 19.7, 1.2, 24.0, 7.0, 1.38, 0, 1, 0, 10, 713, 'AAA', 1, 'RM', 19, '2026-04-27', 'Very High', 'Retention', 0.61, 91.5, '["Fund Investor","Retirement Planning","Mobile Banking Active"]', 0, '2026-04-20 10:00:00', '2026-04-27 18:00:00', 0, 33, 188.61, 'Cross-sell Candidate', '2026-03-13', 'Branch Preferred', 0, 39, 190.83, 'SME Owner', '2026-03-19', 'Retirement Plan', 0, 45, 193.05, 'Cross-sell Candidate', '2026-03-25', 'Branch Preferred', 0, 51, 195.27, 'SME Owner', '2026-03-03', 'Retirement Plan', 0, 57, 197.49, 'Cross-sell Candidate', '2026-03-09', 'Branch Preferred', 0, 63, 199.71, 'SME Owner', '2026-03-15', 'Retirement Plan', 0, 69, 201.93, 'Cross-sell Candidate', '2026-03-21', 'Branch Preferred', 0, 75, 204.15, 'SME Owner', '2026-03-27', 'Retirement Plan', 0, 81, 206.37, 'Cross-sell Candidate', '2026-03-05', 'Branch Preferred', 0, 87, 208.59, 'SME Owner', '2026-03-11', 'Retirement Plan', 0, 93, 210.81, 'Cross-sell Candidate', '2026-03-17', 'Branch Preferred', 0, 99, 213.03, 'SME Owner', '2026-03-23', 'Retirement Plan', 0, 105, 215.25, 'Cross-sell Candidate', '2026-03-01', 'Branch Preferred', 0, 111, 217.47, 'SME Owner', '2026-03-07', 'Retirement Plan', 0, 117, 219.69, 'Cross-sell Candidate', '2026-03-13', 'Branch Preferred', 0, 123, 221.91, 'SME Owner', '2026-03-19', 'Retirement Plan', 0, 129, 224.13, 'Cross-sell Candidate', '2026-03-25', 'Branch Preferred', 0, 135, 226.35, 'SME Owner', '2026-03-03', 'Retirement Plan', 0, 141, 228.57, 'Cross-sell Candidate', '2026-03-09', 'Branch Preferred', 0, 147, 230.79, 'SME Owner', '2026-03-15', 'Retirement Plan', 0, 153, 233.01, 'Cross-sell Candidate', '2026-03-21', 'Branch Preferred', 0, 159, 235.23, 'SME Owner', '2026-03-27', 'Retirement Plan', 0, 165, 237.45, 'Cross-sell Candidate', '2026-03-05', 'Branch Preferred', 0, 171, 239.67, 'SME Owner', '2026-03-11', 'Retirement Plan', 0, 177, 241.89, 'Cross-sell Candidate', '2026-03-17', 'Branch Preferred', 0, 183, 244.11, 'SME Owner', '2026-03-23', 'Retirement Plan', 0, 189, 246.33, 'Cross-sell Candidate', '2026-03-01', 'Branch Preferred', 0, 195, 248.55, 'SME Owner', '2026-03-07', 'Retirement Plan', 0, 201, 250.77, 'Cross-sell Candidate', '2026-03-13', 'Branch Preferred', 0, 207, 252.99, 'SME Owner', '2026-03-19', 'Retirement Plan', 0, 213, 255.21, 'Cross-sell Candidate', '2026-03-25', 'Branch Preferred', 0, 219, 257.43, 'SME Owner', '2026-03-03', 'Retirement Plan', 0, 225, 259.65, 'Cross-sell Candidate', '2026-03-09', 'Branch Preferred', 0, 231, 261.87, 'SME Owner', '2026-03-15', 'Retirement Plan', 0, 237, 264.09, 'Cross-sell Candidate', '2026-03-21', 'Branch Preferred', 0, 243, 266.31, 'SME Owner', '2026-03-27', 'Retirement Plan', 0, 249, 268.53, 'Cross-sell Candidate', '2026-03-05', 'Branch Preferred', 0, 255, 270.75, 'SME Owner', '2026-03-11', 'Retirement Plan', 0, 261, 272.97, 'Cross-sell Candidate', '2026-03-17', 'Branch Preferred', 0, 267, 275.19, 'SME Owner', '2026-03-23', 'Retirement Plan', 0, 273, 277.41, 'Cross-sell Candidate', '2026-03-01', 'Branch Preferred', 0, 279, 279.63, 'SME Owner', '2026-03-07', 'Retirement Plan', 0, 285, 281.85, 'Cross-sell Candidate', '2026-03-13', 'Branch Preferred', 0, 291, 284.07, 'SME Owner', '2026-03-19', 'Retirement Plan', 0, 297, 286.29, 'Cross-sell Candidate', '2026-03-25', 'Branch Preferred', 0, 303, 288.51, 'SME Owner', '2026-03-03', 'Retirement Plan', 0, 309, 290.73, 'Cross-sell Candidate', '2026-03-09', 'Branch Preferred', 0, 315, 292.95, 'SME Owner', '2026-03-15', 'Retirement Plan', 0, 321, 295.17, 'Cross-sell Candidate', '2026-03-21', 'Branch Preferred', 0, 327, 297.39, 'SME Owner', '2026-03-27', 'Retirement Plan', 0, 333, 299.61, 'Cross-sell Candidate', '2026-03-05', 'Branch Preferred', 0, 339, 301.83, 'SME Owner', '2026-03-11', 'Retirement Plan', 0, 345, 304.05, 'Cross-sell Candidate', '2026-03-17', 'Branch Preferred', 0, 351, 306.27, 'SME Owner', '2026-03-23', 'Retirement Plan', 0, 357, 308.49, 'Cross-sell Candidate', '2026-03-01', 'Branch Preferred', 0, 363, 310.71, 'SME Owner', '2026-03-07', 'Retirement Plan', 0, 369, 312.93, 'Cross-sell Candidate', '2026-03-13', 'Branch Preferred', 0, 375, 315.15, 'SME Owner', '2026-03-19', 'Retirement Plan', 0, 381, 317.37, 'Cross-sell Candidate', '2026-03-25', 'Branch Preferred', 0, 387, 319.59, 'SME Owner', '2026-03-03', 'Retirement Plan', 0, 393, 321.81, 'Cross-sell Candidate', '2026-03-09', 'Branch Preferred', 0, 399, 324.03, 'SME Owner', '2026-03-15', 'Retirement Plan', 0, 405, 326.25, 'Cross-sell Candidate', '2026-03-21', 'Branch Preferred', 0, 411, 328.47, 'SME Owner', '2026-03-27', 'Retirement Plan', 0, 417, 330.69, 'Cross-sell Candidate', '2026-03-05', 'Branch Preferred', 0, 423, 332.91, 'SME Owner', '2026-03-11', 'Retirement Plan', 0, 429, 335.13, 'Cross-sell Candidate', '2026-03-17', 'Branch Preferred', 0, 435, 337.35, 'SME Owner', '2026-03-23', 'Retirement Plan', 0, 441, 339.57, 'Cross-sell Candidate', '2026-03-01', 'Branch Preferred', 0, 447, 341.79, 'SME Owner', '2026-03-07', 'Retirement Plan', 0, 453, 344.01, 'Cross-sell Candidate', '2026-03-13', 'Branch Preferred', 0, 459, 346.23, 'SME Owner', '2026-03-19', 'Retirement Plan', 0, 465, 348.45, 'Cross-sell Candidate', '2026-03-25', 'Branch Preferred', 0, 471, 350.67, 'SME Owner', '2026-03-03', 'Retirement Plan', 0, 477, 352.89, 'Cross-sell Candidate', '2026-03-09', 'Branch Preferred', 0, 483, 355.11, 'SME Owner', '2026-03-15', 'Retirement Plan', 0, 489, 357.33, 'Cross-sell Candidate', '2026-03-21', 'Branch Preferred'),
  (1009, '2026-04-09', 'Ava Xu', 'JI********1009', '138****1009', 2, 41, '40-49', 'Suzhou', 'Jiangsu', 4, 'Operations Manager', '2024-09-09', 'Mass', 83.6, 21.8, 3.8, 36.0, 12.0, 0.12, 1, 1, 1, 3, 722, 'A', 1, 'APP', 21, '2026-04-20', 'Low', 'New', 0.12, 96.0, '["Mortgage Customer","Family Finance","Cross-sell Candidate"]', 0, '2026-04-20 10:00:00', '2026-04-20 18:00:00', 1, 36, 201.11, 'Digital Active', '2026-03-14', 'Salary Income', 1, 42, 203.33, 'Risk Watch', '2026-03-20', 'Travel Spender', 1, 48, 205.55, 'Digital Active', '2026-03-26', 'Salary Income', 1, 54, 207.77, 'Risk Watch', '2026-03-04', 'Travel Spender', 1, 60, 209.99, 'Digital Active', '2026-03-10', 'Salary Income', 1, 66, 212.21, 'Risk Watch', '2026-03-16', 'Travel Spender', 1, 72, 214.43, 'Digital Active', '2026-03-22', 'Salary Income', 1, 78, 216.65, 'Risk Watch', '2026-03-28', 'Travel Spender', 1, 84, 218.87, 'Digital Active', '2026-03-06', 'Salary Income', 1, 90, 221.09, 'Risk Watch', '2026-03-12', 'Travel Spender', 1, 96, 223.31, 'Digital Active', '2026-03-18', 'Salary Income', 1, 102, 225.53, 'Risk Watch', '2026-03-24', 'Travel Spender', 1, 108, 227.75, 'Digital Active', '2026-03-02', 'Salary Income', 1, 114, 229.97, 'Risk Watch', '2026-03-08', 'Travel Spender', 1, 120, 232.19, 'Digital Active', '2026-03-14', 'Salary Income', 1, 126, 234.41, 'Risk Watch', '2026-03-20', 'Travel Spender', 1, 132, 236.63, 'Digital Active', '2026-03-26', 'Salary Income', 1, 138, 238.85, 'Risk Watch', '2026-03-04', 'Travel Spender', 1, 144, 241.07, 'Digital Active', '2026-03-10', 'Salary Income', 1, 150, 243.29, 'Risk Watch', '2026-03-16', 'Travel Spender', 1, 156, 245.51, 'Digital Active', '2026-03-22', 'Salary Income', 1, 162, 247.73, 'Risk Watch', '2026-03-28', 'Travel Spender', 1, 168, 249.95, 'Digital Active', '2026-03-06', 'Salary Income', 1, 174, 252.17, 'Risk Watch', '2026-03-12', 'Travel Spender', 1, 180, 254.39, 'Digital Active', '2026-03-18', 'Salary Income', 1, 186, 256.61, 'Risk Watch', '2026-03-24', 'Travel Spender', 1, 192, 258.83, 'Digital Active', '2026-03-02', 'Salary Income', 1, 198, 261.05, 'Risk Watch', '2026-03-08', 'Travel Spender', 1, 204, 263.27, 'Digital Active', '2026-03-14', 'Salary Income', 1, 210, 265.49, 'Risk Watch', '2026-03-20', 'Travel Spender', 1, 216, 267.71, 'Digital Active', '2026-03-26', 'Salary Income', 1, 222, 269.93, 'Risk Watch', '2026-03-04', 'Travel Spender', 1, 228, 272.15, 'Digital Active', '2026-03-10', 'Salary Income', 1, 234, 274.37, 'Risk Watch', '2026-03-16', 'Travel Spender', 1, 240, 276.59, 'Digital Active', '2026-03-22', 'Salary Income', 1, 246, 278.81, 'Risk Watch', '2026-03-28', 'Travel Spender', 1, 252, 281.03, 'Digital Active', '2026-03-06', 'Salary Income', 1, 258, 283.25, 'Risk Watch', '2026-03-12', 'Travel Spender', 1, 264, 285.47, 'Digital Active', '2026-03-18', 'Salary Income', 1, 270, 287.69, 'Risk Watch', '2026-03-24', 'Travel Spender', 1, 276, 289.91, 'Digital Active', '2026-03-02', 'Salary Income', 1, 282, 292.13, 'Risk Watch', '2026-03-08', 'Travel Spender', 1, 288, 294.35, 'Digital Active', '2026-03-14', 'Salary Income', 1, 294, 296.57, 'Risk Watch', '2026-03-20', 'Travel Spender', 1, 300, 298.79, 'Digital Active', '2026-03-26', 'Salary Income', 1, 306, 301.01, 'Risk Watch', '2026-03-04', 'Travel Spender', 1, 312, 303.23, 'Digital Active', '2026-03-10', 'Salary Income', 1, 318, 305.45, 'Risk Watch', '2026-03-16', 'Travel Spender', 1, 324, 307.67, 'Digital Active', '2026-03-22', 'Salary Income', 1, 330, 309.89, 'Risk Watch', '2026-03-28', 'Travel Spender', 1, 336, 312.11, 'Digital Active', '2026-03-06', 'Salary Income', 1, 342, 314.33, 'Risk Watch', '2026-03-12', 'Travel Spender', 1, 348, 316.55, 'Digital Active', '2026-03-18', 'Salary Income', 1, 354, 318.77, 'Risk Watch', '2026-03-24', 'Travel Spender', 1, 360, 320.99, 'Digital Active', '2026-03-02', 'Salary Income', 1, 366, 323.21, 'Risk Watch', '2026-03-08', 'Travel Spender', 1, 372, 325.43, 'Digital Active', '2026-03-14', 'Salary Income', 1, 378, 327.65, 'Risk Watch', '2026-03-20', 'Travel Spender', 1, 384, 329.87, 'Digital Active', '2026-03-26', 'Salary Income', 1, 390, 332.09, 'Risk Watch', '2026-03-04', 'Travel Spender', 1, 396, 334.31, 'Digital Active', '2026-03-10', 'Salary Income', 1, 402, 336.53, 'Risk Watch', '2026-03-16', 'Travel Spender', 1, 408, 338.75, 'Digital Active', '2026-03-22', 'Salary Income', 1, 414, 340.97, 'Risk Watch', '2026-03-28', 'Travel Spender', 1, 420, 343.19, 'Digital Active', '2026-03-06', 'Salary Income', 1, 426, 345.41, 'Risk Watch', '2026-03-12', 'Travel Spender', 1, 432, 347.63, 'Digital Active', '2026-03-18', 'Salary Income', 1, 438, 349.85, 'Risk Watch', '2026-03-24', 'Travel Spender', 1, 444, 352.07, 'Digital Active', '2026-03-02', 'Salary Income', 1, 450, 354.29, 'Risk Watch', '2026-03-08', 'Travel Spender', 1, 456, 356.51, 'Digital Active', '2026-03-14', 'Salary Income', 1, 462, 358.73, 'Risk Watch', '2026-03-20', 'Travel Spender', 1, 468, 360.95, 'Digital Active', '2026-03-26', 'Salary Income', 1, 474, 363.17, 'Risk Watch', '2026-03-04', 'Travel Spender', 1, 480, 365.39, 'Digital Active', '2026-03-10', 'Salary Income', 1, 486, 367.61, 'Risk Watch', '2026-03-16', 'Travel Spender', 1, 492, 369.83, 'Digital Active', '2026-03-22', 'Salary Income'),
  (1010, '2026-04-10', 'James Zhou', 'GU********1010', '138****1010', 1, 48, '40-49', 'Guangzhou', 'Guangdong', 5, 'Architect', '2024-10-10', 'Affluent', 95.3, 23.9, 6.4, 48.0, 17.0, 0.54, 0, 1, 0, 4, 731, 'A+', 1, 'WEB', 23, '2026-04-21', 'Medium', 'Growth', 0.19, 100.5, '["High Net Worth","Insurance Potential","Branch Preferred"]', 0, '2026-04-20 10:00:00', '2026-04-21 18:00:00', 0, 39, 213.61, 'Branch Preferred', '2026-03-15', 'Fund Investor', 0, 45, 215.83, 'Retirement Plan', '2026-03-21', 'Education Saver', 0, 51, 218.05, 'Branch Preferred', '2026-03-27', 'Fund Investor', 0, 57, 220.27, 'Retirement Plan', '2026-03-05', 'Education Saver', 0, 63, 222.49, 'Branch Preferred', '2026-03-11', 'Fund Investor', 0, 69, 224.71, 'Retirement Plan', '2026-03-17', 'Education Saver', 0, 75, 226.93, 'Branch Preferred', '2026-03-23', 'Fund Investor', 0, 81, 229.15, 'Retirement Plan', '2026-03-01', 'Education Saver', 0, 87, 231.37, 'Branch Preferred', '2026-03-07', 'Fund Investor', 0, 93, 233.59, 'Retirement Plan', '2026-03-13', 'Education Saver', 0, 99, 235.81, 'Branch Preferred', '2026-03-19', 'Fund Investor', 0, 105, 238.03, 'Retirement Plan', '2026-03-25', 'Education Saver', 0, 111, 240.25, 'Branch Preferred', '2026-03-03', 'Fund Investor', 0, 117, 242.47, 'Retirement Plan', '2026-03-09', 'Education Saver', 0, 123, 244.69, 'Branch Preferred', '2026-03-15', 'Fund Investor', 0, 129, 246.91, 'Retirement Plan', '2026-03-21', 'Education Saver', 0, 135, 249.13, 'Branch Preferred', '2026-03-27', 'Fund Investor', 0, 141, 251.35, 'Retirement Plan', '2026-03-05', 'Education Saver', 0, 147, 253.57, 'Branch Preferred', '2026-03-11', 'Fund Investor', 0, 153, 255.79, 'Retirement Plan', '2026-03-17', 'Education Saver', 0, 159, 258.01, 'Branch Preferred', '2026-03-23', 'Fund Investor', 0, 165, 260.23, 'Retirement Plan', '2026-03-01', 'Education Saver', 0, 171, 262.45, 'Branch Preferred', '2026-03-07', 'Fund Investor', 0, 177, 264.67, 'Retirement Plan', '2026-03-13', 'Education Saver', 0, 183, 266.89, 'Branch Preferred', '2026-03-19', 'Fund Investor', 0, 189, 269.11, 'Retirement Plan', '2026-03-25', 'Education Saver', 0, 195, 271.33, 'Branch Preferred', '2026-03-03', 'Fund Investor', 0, 201, 273.55, 'Retirement Plan', '2026-03-09', 'Education Saver', 0, 207, 275.77, 'Branch Preferred', '2026-03-15', 'Fund Investor', 0, 213, 277.99, 'Retirement Plan', '2026-03-21', 'Education Saver', 0, 219, 280.21, 'Branch Preferred', '2026-03-27', 'Fund Investor', 0, 225, 282.43, 'Retirement Plan', '2026-03-05', 'Education Saver', 0, 231, 284.65, 'Branch Preferred', '2026-03-11', 'Fund Investor', 0, 237, 286.87, 'Retirement Plan', '2026-03-17', 'Education Saver', 0, 243, 289.09, 'Branch Preferred', '2026-03-23', 'Fund Investor', 0, 249, 291.31, 'Retirement Plan', '2026-03-01', 'Education Saver', 0, 255, 293.53, 'Branch Preferred', '2026-03-07', 'Fund Investor', 0, 261, 295.75, 'Retirement Plan', '2026-03-13', 'Education Saver', 0, 267, 297.97, 'Branch Preferred', '2026-03-19', 'Fund Investor', 0, 273, 300.19, 'Retirement Plan', '2026-03-25', 'Education Saver', 0, 279, 302.41, 'Branch Preferred', '2026-03-03', 'Fund Investor', 0, 285, 304.63, 'Retirement Plan', '2026-03-09', 'Education Saver', 0, 291, 306.85, 'Branch Preferred', '2026-03-15', 'Fund Investor', 0, 297, 309.07, 'Retirement Plan', '2026-03-21', 'Education Saver', 0, 303, 311.29, 'Branch Preferred', '2026-03-27', 'Fund Investor', 0, 309, 313.51, 'Retirement Plan', '2026-03-05', 'Education Saver', 0, 315, 315.73, 'Branch Preferred', '2026-03-11', 'Fund Investor', 0, 321, 317.95, 'Retirement Plan', '2026-03-17', 'Education Saver', 0, 327, 320.17, 'Branch Preferred', '2026-03-23', 'Fund Investor', 0, 333, 322.39, 'Retirement Plan', '2026-03-01', 'Education Saver', 0, 339, 324.61, 'Branch Preferred', '2026-03-07', 'Fund Investor', 0, 345, 326.83, 'Retirement Plan', '2026-03-13', 'Education Saver', 0, 351, 329.05, 'Branch Preferred', '2026-03-19', 'Fund Investor', 0, 357, 331.27, 'Retirement Plan', '2026-03-25', 'Education Saver', 0, 363, 333.49, 'Branch Preferred', '2026-03-03', 'Fund Investor', 0, 369, 335.71, 'Retirement Plan', '2026-03-09', 'Education Saver', 0, 375, 337.93, 'Branch Preferred', '2026-03-15', 'Fund Investor', 0, 381, 340.15, 'Retirement Plan', '2026-03-21', 'Education Saver', 0, 387, 342.37, 'Branch Preferred', '2026-03-27', 'Fund Investor', 0, 393, 344.59, 'Retirement Plan', '2026-03-05', 'Education Saver', 0, 399, 346.81, 'Branch Preferred', '2026-03-11', 'Fund Investor', 0, 405, 349.03, 'Retirement Plan', '2026-03-17', 'Education Saver', 0, 411, 351.25, 'Branch Preferred', '2026-03-23', 'Fund Investor', 0, 417, 353.47, 'Retirement Plan', '2026-03-01', 'Education Saver', 0, 423, 355.69, 'Branch Preferred', '2026-03-07', 'Fund Investor', 0, 429, 357.91, 'Retirement Plan', '2026-03-13', 'Education Saver', 0, 435, 360.13, 'Branch Preferred', '2026-03-19', 'Fund Investor', 0, 441, 362.35, 'Retirement Plan', '2026-03-25', 'Education Saver', 0, 447, 364.57, 'Branch Preferred', '2026-03-03', 'Fund Investor', 0, 453, 366.79, 'Retirement Plan', '2026-03-09', 'Education Saver', 0, 459, 369.01, 'Branch Preferred', '2026-03-15', 'Fund Investor', 0, 465, 371.23, 'Retirement Plan', '2026-03-21', 'Education Saver', 0, 471, 373.45, 'Branch Preferred', '2026-03-27', 'Fund Investor', 0, 477, 375.67, 'Retirement Plan', '2026-03-05', 'Education Saver', 0, 483, 377.89, 'Branch Preferred', '2026-03-11', 'Fund Investor', 0, 489, 380.11, 'Retirement Plan', '2026-03-17', 'Education Saver', 0, 495, 382.33, 'Branch Preferred', '2026-03-23', 'Fund Investor'),
  (1011, '2026-04-11', 'Mia Sun', 'CH********1011', '138****1011', 2, 33, '30-39', 'Chongqing', 'Chongqing', 1, 'Marketing Director', '2024-11-11', 'Premier', 107.0, 26.0, 9.0, 0.0, 22.0, 0.96, 1, 1, 0, 5, 740, 'AA', 2, 'BRANCH', 25, '2026-04-22', 'High', 'Mature', 0.26, 105.0, '["Credit Card Active","Dormant App User","Churn Risk"]', 1, '2026-04-20 10:00:00', '2026-04-22 18:00:00', 1, 42, 226.11, 'Salary Income', '2026-03-16', 'Mortgage Family', 1, 48, 228.33, 'Travel Spender', '2026-03-22', 'Insurance Potential', 1, 54, 230.55, 'Salary Income', '2026-03-28', 'Mortgage Family', 1, 60, 232.77, 'Travel Spender', '2026-03-06', 'Insurance Potential', 1, 66, 234.99, 'Salary Income', '2026-03-12', 'Mortgage Family', 1, 72, 237.21, 'Travel Spender', '2026-03-18', 'Insurance Potential', 1, 78, 239.43, 'Salary Income', '2026-03-24', 'Mortgage Family', 1, 84, 241.65, 'Travel Spender', '2026-03-02', 'Insurance Potential', 1, 90, 243.87, 'Salary Income', '2026-03-08', 'Mortgage Family', 1, 96, 246.09, 'Travel Spender', '2026-03-14', 'Insurance Potential', 1, 102, 248.31, 'Salary Income', '2026-03-20', 'Mortgage Family', 1, 108, 250.53, 'Travel Spender', '2026-03-26', 'Insurance Potential', 1, 114, 252.75, 'Salary Income', '2026-03-04', 'Mortgage Family', 1, 120, 254.97, 'Travel Spender', '2026-03-10', 'Insurance Potential', 1, 126, 257.19, 'Salary Income', '2026-03-16', 'Mortgage Family', 1, 132, 259.41, 'Travel Spender', '2026-03-22', 'Insurance Potential', 1, 138, 261.63, 'Salary Income', '2026-03-28', 'Mortgage Family', 1, 144, 263.85, 'Travel Spender', '2026-03-06', 'Insurance Potential', 1, 150, 266.07, 'Salary Income', '2026-03-12', 'Mortgage Family', 1, 156, 268.29, 'Travel Spender', '2026-03-18', 'Insurance Potential', 1, 162, 270.51, 'Salary Income', '2026-03-24', 'Mortgage Family', 1, 168, 272.73, 'Travel Spender', '2026-03-02', 'Insurance Potential', 1, 174, 274.95, 'Salary Income', '2026-03-08', 'Mortgage Family', 1, 180, 277.17, 'Travel Spender', '2026-03-14', 'Insurance Potential', 1, 186, 279.39, 'Salary Income', '2026-03-20', 'Mortgage Family', 1, 192, 281.61, 'Travel Spender', '2026-03-26', 'Insurance Potential', 1, 198, 283.83, 'Salary Income', '2026-03-04', 'Mortgage Family', 1, 204, 286.05, 'Travel Spender', '2026-03-10', 'Insurance Potential', 1, 210, 288.27, 'Salary Income', '2026-03-16', 'Mortgage Family', 1, 216, 290.49, 'Travel Spender', '2026-03-22', 'Insurance Potential', 1, 222, 292.71, 'Salary Income', '2026-03-28', 'Mortgage Family', 1, 228, 294.93, 'Travel Spender', '2026-03-06', 'Insurance Potential', 1, 234, 297.15, 'Salary Income', '2026-03-12', 'Mortgage Family', 1, 240, 299.37, 'Travel Spender', '2026-03-18', 'Insurance Potential', 1, 246, 301.59, 'Salary Income', '2026-03-24', 'Mortgage Family', 1, 252, 303.81, 'Travel Spender', '2026-03-02', 'Insurance Potential', 1, 258, 306.03, 'Salary Income', '2026-03-08', 'Mortgage Family', 1, 264, 308.25, 'Travel Spender', '2026-03-14', 'Insurance Potential', 1, 270, 310.47, 'Salary Income', '2026-03-20', 'Mortgage Family', 1, 276, 312.69, 'Travel Spender', '2026-03-26', 'Insurance Potential', 1, 282, 314.91, 'Salary Income', '2026-03-04', 'Mortgage Family', 1, 288, 317.13, 'Travel Spender', '2026-03-10', 'Insurance Potential', 1, 294, 319.35, 'Salary Income', '2026-03-16', 'Mortgage Family', 1, 300, 321.57, 'Travel Spender', '2026-03-22', 'Insurance Potential', 1, 306, 323.79, 'Salary Income', '2026-03-28', 'Mortgage Family', 1, 312, 326.01, 'Travel Spender', '2026-03-06', 'Insurance Potential', 1, 318, 328.23, 'Salary Income', '2026-03-12', 'Mortgage Family', 1, 324, 330.45, 'Travel Spender', '2026-03-18', 'Insurance Potential', 1, 330, 332.67, 'Salary Income', '2026-03-24', 'Mortgage Family', 1, 336, 334.89, 'Travel Spender', '2026-03-02', 'Insurance Potential', 1, 342, 337.11, 'Salary Income', '2026-03-08', 'Mortgage Family', 1, 348, 339.33, 'Travel Spender', '2026-03-14', 'Insurance Potential', 1, 354, 341.55, 'Salary Income', '2026-03-20', 'Mortgage Family', 1, 360, 343.77, 'Travel Spender', '2026-03-26', 'Insurance Potential', 1, 366, 345.99, 'Salary Income', '2026-03-04', 'Mortgage Family', 1, 372, 348.21, 'Travel Spender', '2026-03-10', 'Insurance Potential', 1, 378, 350.43, 'Salary Income', '2026-03-16', 'Mortgage Family', 1, 384, 352.65, 'Travel Spender', '2026-03-22', 'Insurance Potential', 1, 390, 354.87, 'Salary Income', '2026-03-28', 'Mortgage Family', 1, 396, 357.09, 'Travel Spender', '2026-03-06', 'Insurance Potential', 1, 402, 359.31, 'Salary Income', '2026-03-12', 'Mortgage Family', 1, 408, 361.53, 'Travel Spender', '2026-03-18', 'Insurance Potential', 1, 414, 363.75, 'Salary Income', '2026-03-24', 'Mortgage Family', 1, 420, 365.97, 'Travel Spender', '2026-03-02', 'Insurance Potential', 1, 426, 368.19, 'Salary Income', '2026-03-08', 'Mortgage Family', 1, 432, 370.41, 'Travel Spender', '2026-03-14', 'Insurance Potential', 1, 438, 372.63, 'Salary Income', '2026-03-20', 'Mortgage Family', 1, 444, 374.85, 'Travel Spender', '2026-03-26', 'Insurance Potential', 1, 450, 377.07, 'Salary Income', '2026-03-04', 'Mortgage Family', 1, 456, 379.29, 'Travel Spender', '2026-03-10', 'Insurance Potential', 1, 462, 381.51, 'Salary Income', '2026-03-16', 'Mortgage Family', 1, 468, 383.73, 'Travel Spender', '2026-03-22', 'Insurance Potential', 1, 474, 385.95, 'Salary Income', '2026-03-28', 'Mortgage Family', 1, 480, 388.17, 'Travel Spender', '2026-03-06', 'Insurance Potential', 1, 486, 390.39, 'Salary Income', '2026-03-12', 'Mortgage Family', 1, 492, 392.61, 'Travel Spender', '2026-03-18', 'Insurance Potential', 1, 498, 394.83, 'Salary Income', '2026-03-24', 'Mortgage Family'),
  (1012, '2026-04-12', 'Ethan Ma', 'SH********1012', '138****1012', 1, 46, '40-49', 'Qingdao', 'Shandong', 2, 'Civil Servant', '2024-12-12', 'Private', 118.7, 28.1, 11.6, 12.0, 27.0, 1.38, 0, 1, 0, 6, 749, 'AAA', 1, 'RM', 27, '2026-04-23', 'Very High', 'Retention', 0.33, 109.5, '["Salary Customer","Retirement Planning","Branch Preferred"]', 0, '2026-04-20 10:00:00', '2026-04-23 18:00:00', 0, 45, 238.61, 'Fund Investor', '2026-03-17', 'SME Owner', 0, 51, 240.83, 'Education Saver', '2026-03-23', 'Cross-sell Candidate', 0, 57, 243.05, 'Fund Investor', '2026-03-01', 'SME Owner', 0, 63, 245.27, 'Education Saver', '2026-03-07', 'Cross-sell Candidate', 0, 69, 247.49, 'Fund Investor', '2026-03-13', 'SME Owner', 0, 75, 249.71, 'Education Saver', '2026-03-19', 'Cross-sell Candidate', 0, 81, 251.93, 'Fund Investor', '2026-03-25', 'SME Owner', 0, 87, 254.15, 'Education Saver', '2026-03-03', 'Cross-sell Candidate', 0, 93, 256.37, 'Fund Investor', '2026-03-09', 'SME Owner', 0, 99, 258.59, 'Education Saver', '2026-03-15', 'Cross-sell Candidate', 0, 105, 260.81, 'Fund Investor', '2026-03-21', 'SME Owner', 0, 111, 263.03, 'Education Saver', '2026-03-27', 'Cross-sell Candidate', 0, 117, 265.25, 'Fund Investor', '2026-03-05', 'SME Owner', 0, 123, 267.47, 'Education Saver', '2026-03-11', 'Cross-sell Candidate', 0, 129, 269.69, 'Fund Investor', '2026-03-17', 'SME Owner', 0, 135, 271.91, 'Education Saver', '2026-03-23', 'Cross-sell Candidate', 0, 141, 274.13, 'Fund Investor', '2026-03-01', 'SME Owner', 0, 147, 276.35, 'Education Saver', '2026-03-07', 'Cross-sell Candidate', 0, 153, 278.57, 'Fund Investor', '2026-03-13', 'SME Owner', 0, 159, 280.79, 'Education Saver', '2026-03-19', 'Cross-sell Candidate', 0, 165, 283.01, 'Fund Investor', '2026-03-25', 'SME Owner', 0, 171, 285.23, 'Education Saver', '2026-03-03', 'Cross-sell Candidate', 0, 177, 287.45, 'Fund Investor', '2026-03-09', 'SME Owner', 0, 183, 289.67, 'Education Saver', '2026-03-15', 'Cross-sell Candidate', 0, 189, 291.89, 'Fund Investor', '2026-03-21', 'SME Owner', 0, 195, 294.11, 'Education Saver', '2026-03-27', 'Cross-sell Candidate', 0, 201, 296.33, 'Fund Investor', '2026-03-05', 'SME Owner', 0, 207, 298.55, 'Education Saver', '2026-03-11', 'Cross-sell Candidate', 0, 213, 300.77, 'Fund Investor', '2026-03-17', 'SME Owner', 0, 219, 302.99, 'Education Saver', '2026-03-23', 'Cross-sell Candidate', 0, 225, 305.21, 'Fund Investor', '2026-03-01', 'SME Owner', 0, 231, 307.43, 'Education Saver', '2026-03-07', 'Cross-sell Candidate', 0, 237, 309.65, 'Fund Investor', '2026-03-13', 'SME Owner', 0, 243, 311.87, 'Education Saver', '2026-03-19', 'Cross-sell Candidate', 0, 249, 314.09, 'Fund Investor', '2026-03-25', 'SME Owner', 0, 255, 316.31, 'Education Saver', '2026-03-03', 'Cross-sell Candidate', 0, 261, 318.53, 'Fund Investor', '2026-03-09', 'SME Owner', 0, 267, 320.75, 'Education Saver', '2026-03-15', 'Cross-sell Candidate', 0, 273, 322.97, 'Fund Investor', '2026-03-21', 'SME Owner', 0, 279, 325.19, 'Education Saver', '2026-03-27', 'Cross-sell Candidate', 0, 285, 327.41, 'Fund Investor', '2026-03-05', 'SME Owner', 0, 291, 329.63, 'Education Saver', '2026-03-11', 'Cross-sell Candidate', 0, 297, 331.85, 'Fund Investor', '2026-03-17', 'SME Owner', 0, 303, 334.07, 'Education Saver', '2026-03-23', 'Cross-sell Candidate', 0, 309, 336.29, 'Fund Investor', '2026-03-01', 'SME Owner', 0, 315, 338.51, 'Education Saver', '2026-03-07', 'Cross-sell Candidate', 0, 321, 340.73, 'Fund Investor', '2026-03-13', 'SME Owner', 0, 327, 342.95, 'Education Saver', '2026-03-19', 'Cross-sell Candidate', 0, 333, 345.17, 'Fund Investor', '2026-03-25', 'SME Owner', 0, 339, 347.39, 'Education Saver', '2026-03-03', 'Cross-sell Candidate', 0, 345, 349.61, 'Fund Investor', '2026-03-09', 'SME Owner', 0, 351, 351.83, 'Education Saver', '2026-03-15', 'Cross-sell Candidate', 0, 357, 354.05, 'Fund Investor', '2026-03-21', 'SME Owner', 0, 363, 356.27, 'Education Saver', '2026-03-27', 'Cross-sell Candidate', 0, 369, 358.49, 'Fund Investor', '2026-03-05', 'SME Owner', 0, 375, 360.71, 'Education Saver', '2026-03-11', 'Cross-sell Candidate', 0, 381, 362.93, 'Fund Investor', '2026-03-17', 'SME Owner', 0, 387, 365.15, 'Education Saver', '2026-03-23', 'Cross-sell Candidate', 0, 393, 367.37, 'Fund Investor', '2026-03-01', 'SME Owner', 0, 399, 369.59, 'Education Saver', '2026-03-07', 'Cross-sell Candidate', 0, 405, 371.81, 'Fund Investor', '2026-03-13', 'SME Owner', 0, 411, 374.03, 'Education Saver', '2026-03-19', 'Cross-sell Candidate', 0, 417, 376.25, 'Fund Investor', '2026-03-25', 'SME Owner', 0, 423, 378.47, 'Education Saver', '2026-03-03', 'Cross-sell Candidate', 0, 429, 380.69, 'Fund Investor', '2026-03-09', 'SME Owner', 0, 435, 382.91, 'Education Saver', '2026-03-15', 'Cross-sell Candidate', 0, 441, 385.13, 'Fund Investor', '2026-03-21', 'SME Owner', 0, 447, 387.35, 'Education Saver', '2026-03-27', 'Cross-sell Candidate', 0, 453, 389.57, 'Fund Investor', '2026-03-05', 'SME Owner', 0, 459, 391.79, 'Education Saver', '2026-03-11', 'Cross-sell Candidate', 0, 465, 394.01, 'Fund Investor', '2026-03-17', 'SME Owner', 0, 471, 396.23, 'Education Saver', '2026-03-23', 'Cross-sell Candidate', 0, 477, 398.45, 'Fund Investor', '2026-03-01', 'SME Owner', 0, 483, 400.67, 'Education Saver', '2026-03-07', 'Cross-sell Candidate', 0, 489, 402.89, 'Fund Investor', '2026-03-13', 'SME Owner', 0, 495, 405.11, 'Education Saver', '2026-03-19', 'Cross-sell Candidate', 0, 501, 407.33, 'Fund Investor', '2026-03-25', 'SME Owner'),
  (1013, '2026-04-13', 'Charlotte Yang', 'FU********1013', '138****1013', 2, 28, '20-29', 'Xiamen', 'Fujian', 3, 'Data Analyst', '2024-01-13', 'Mass', 116.4, 30.2, 14.2, 24.0, 2.0, 0.12, 1, 1, 0, 7, 758, 'A', 1, 'APP', 29, '2026-04-24', 'Low', 'New', 0.4, 114.0, '["Mobile Banking Active","Fund Investor","Young Professional"]', 0, '2026-04-20 10:00:00', '2026-04-24 18:00:00', 1, 48, 251.11, 'Mortgage Family', '2026-03-18', 'Risk Watch', 1, 54, 253.33, 'Insurance Potential', '2026-03-24', 'Digital Active', 1, 60, 255.55, 'Mortgage Family', '2026-03-02', 'Risk Watch', 1, 66, 257.77, 'Insurance Potential', '2026-03-08', 'Digital Active', 1, 72, 259.99, 'Mortgage Family', '2026-03-14', 'Risk Watch', 1, 78, 262.21, 'Insurance Potential', '2026-03-20', 'Digital Active', 1, 84, 264.43, 'Mortgage Family', '2026-03-26', 'Risk Watch', 1, 90, 266.65, 'Insurance Potential', '2026-03-04', 'Digital Active', 1, 96, 268.87, 'Mortgage Family', '2026-03-10', 'Risk Watch', 1, 102, 271.09, 'Insurance Potential', '2026-03-16', 'Digital Active', 1, 108, 273.31, 'Mortgage Family', '2026-03-22', 'Risk Watch', 1, 114, 275.53, 'Insurance Potential', '2026-03-28', 'Digital Active', 1, 120, 277.75, 'Mortgage Family', '2026-03-06', 'Risk Watch', 1, 126, 279.97, 'Insurance Potential', '2026-03-12', 'Digital Active', 1, 132, 282.19, 'Mortgage Family', '2026-03-18', 'Risk Watch', 1, 138, 284.41, 'Insurance Potential', '2026-03-24', 'Digital Active', 1, 144, 286.63, 'Mortgage Family', '2026-03-02', 'Risk Watch', 1, 150, 288.85, 'Insurance Potential', '2026-03-08', 'Digital Active', 1, 156, 291.07, 'Mortgage Family', '2026-03-14', 'Risk Watch', 1, 162, 293.29, 'Insurance Potential', '2026-03-20', 'Digital Active', 1, 168, 295.51, 'Mortgage Family', '2026-03-26', 'Risk Watch', 1, 174, 297.73, 'Insurance Potential', '2026-03-04', 'Digital Active', 1, 180, 299.95, 'Mortgage Family', '2026-03-10', 'Risk Watch', 1, 186, 302.17, 'Insurance Potential', '2026-03-16', 'Digital Active', 1, 192, 304.39, 'Mortgage Family', '2026-03-22', 'Risk Watch', 1, 198, 306.61, 'Insurance Potential', '2026-03-28', 'Digital Active', 1, 204, 308.83, 'Mortgage Family', '2026-03-06', 'Risk Watch', 1, 210, 311.05, 'Insurance Potential', '2026-03-12', 'Digital Active', 1, 216, 313.27, 'Mortgage Family', '2026-03-18', 'Risk Watch', 1, 222, 315.49, 'Insurance Potential', '2026-03-24', 'Digital Active', 1, 228, 317.71, 'Mortgage Family', '2026-03-02', 'Risk Watch', 1, 234, 319.93, 'Insurance Potential', '2026-03-08', 'Digital Active', 1, 240, 322.15, 'Mortgage Family', '2026-03-14', 'Risk Watch', 1, 246, 324.37, 'Insurance Potential', '2026-03-20', 'Digital Active', 1, 252, 326.59, 'Mortgage Family', '2026-03-26', 'Risk Watch', 1, 258, 328.81, 'Insurance Potential', '2026-03-04', 'Digital Active', 1, 264, 331.03, 'Mortgage Family', '2026-03-10', 'Risk Watch', 1, 270, 333.25, 'Insurance Potential', '2026-03-16', 'Digital Active', 1, 276, 335.47, 'Mortgage Family', '2026-03-22', 'Risk Watch', 1, 282, 337.69, 'Insurance Potential', '2026-03-28', 'Digital Active', 1, 288, 339.91, 'Mortgage Family', '2026-03-06', 'Risk Watch', 1, 294, 342.13, 'Insurance Potential', '2026-03-12', 'Digital Active', 1, 300, 344.35, 'Mortgage Family', '2026-03-18', 'Risk Watch', 1, 306, 346.57, 'Insurance Potential', '2026-03-24', 'Digital Active', 1, 312, 348.79, 'Mortgage Family', '2026-03-02', 'Risk Watch', 1, 318, 351.01, 'Insurance Potential', '2026-03-08', 'Digital Active', 1, 324, 353.23, 'Mortgage Family', '2026-03-14', 'Risk Watch', 1, 330, 355.45, 'Insurance Potential', '2026-03-20', 'Digital Active', 1, 336, 357.67, 'Mortgage Family', '2026-03-26', 'Risk Watch', 1, 342, 359.89, 'Insurance Potential', '2026-03-04', 'Digital Active', 1, 348, 362.11, 'Mortgage Family', '2026-03-10', 'Risk Watch', 1, 354, 364.33, 'Insurance Potential', '2026-03-16', 'Digital Active', 1, 360, 366.55, 'Mortgage Family', '2026-03-22', 'Risk Watch', 1, 366, 368.77, 'Insurance Potential', '2026-03-28', 'Digital Active', 1, 372, 370.99, 'Mortgage Family', '2026-03-06', 'Risk Watch', 1, 378, 373.21, 'Insurance Potential', '2026-03-12', 'Digital Active', 1, 384, 375.43, 'Mortgage Family', '2026-03-18', 'Risk Watch', 1, 390, 377.65, 'Insurance Potential', '2026-03-24', 'Digital Active', 1, 396, 379.87, 'Mortgage Family', '2026-03-02', 'Risk Watch', 1, 402, 382.09, 'Insurance Potential', '2026-03-08', 'Digital Active', 1, 408, 384.31, 'Mortgage Family', '2026-03-14', 'Risk Watch', 1, 414, 386.53, 'Insurance Potential', '2026-03-20', 'Digital Active', 1, 420, 388.75, 'Mortgage Family', '2026-03-26', 'Risk Watch', 1, 426, 390.97, 'Insurance Potential', '2026-03-04', 'Digital Active', 1, 432, 393.19, 'Mortgage Family', '2026-03-10', 'Risk Watch', 1, 438, 395.41, 'Insurance Potential', '2026-03-16', 'Digital Active', 1, 444, 397.63, 'Mortgage Family', '2026-03-22', 'Risk Watch', 1, 450, 399.85, 'Insurance Potential', '2026-03-28', 'Digital Active', 1, 456, 402.07, 'Mortgage Family', '2026-03-06', 'Risk Watch', 1, 462, 404.29, 'Insurance Potential', '2026-03-12', 'Digital Active', 1, 468, 406.51, 'Mortgage Family', '2026-03-18', 'Risk Watch', 1, 474, 408.73, 'Insurance Potential', '2026-03-24', 'Digital Active', 1, 480, 410.95, 'Mortgage Family', '2026-03-02', 'Risk Watch', 1, 486, 413.17, 'Insurance Potential', '2026-03-08', 'Digital Active', 1, 492, 415.39, 'Mortgage Family', '2026-03-14', 'Risk Watch', 1, 498, 417.61, 'Insurance Potential', '2026-03-20', 'Digital Active', 1, 504, 419.83, 'Mortgage Family', '2026-03-26', 'Risk Watch'),
  (1014, '2026-04-14', 'Benjamin Lin', 'TI********1014', '138****1014', 1, 44, '40-49', 'Tianjin', 'Tianjin', 4, 'Lawyer', '2024-02-14', 'Affluent', 128.1, 32.3, 16.8, 36.0, 7.0, 0.54, 0, 1, 0, 8, 767, 'A+', 1, 'WEB', 31, '2026-04-25', 'Medium', 'Growth', 0.47, 118.5, '["High Net Worth","Wealth Product Interest","Insurance Potential"]', 0, '2026-04-20 10:00:00', '2026-04-25 18:00:00', 0, 51, 263.61, 'SME Owner', '2026-03-19', 'Retirement Plan', 0, 57, 265.83, 'Cross-sell Candidate', '2026-03-25', 'Branch Preferred', 0, 63, 268.05, 'SME Owner', '2026-03-03', 'Retirement Plan', 0, 69, 270.27, 'Cross-sell Candidate', '2026-03-09', 'Branch Preferred', 0, 75, 272.49, 'SME Owner', '2026-03-15', 'Retirement Plan', 0, 81, 274.71, 'Cross-sell Candidate', '2026-03-21', 'Branch Preferred', 0, 87, 276.93, 'SME Owner', '2026-03-27', 'Retirement Plan', 0, 93, 279.15, 'Cross-sell Candidate', '2026-03-05', 'Branch Preferred', 0, 99, 281.37, 'SME Owner', '2026-03-11', 'Retirement Plan', 0, 105, 283.59, 'Cross-sell Candidate', '2026-03-17', 'Branch Preferred', 0, 111, 285.81, 'SME Owner', '2026-03-23', 'Retirement Plan', 0, 117, 288.03, 'Cross-sell Candidate', '2026-03-01', 'Branch Preferred', 0, 123, 290.25, 'SME Owner', '2026-03-07', 'Retirement Plan', 0, 129, 292.47, 'Cross-sell Candidate', '2026-03-13', 'Branch Preferred', 0, 135, 294.69, 'SME Owner', '2026-03-19', 'Retirement Plan', 0, 141, 296.91, 'Cross-sell Candidate', '2026-03-25', 'Branch Preferred', 0, 147, 299.13, 'SME Owner', '2026-03-03', 'Retirement Plan', 0, 153, 301.35, 'Cross-sell Candidate', '2026-03-09', 'Branch Preferred', 0, 159, 303.57, 'SME Owner', '2026-03-15', 'Retirement Plan', 0, 165, 305.79, 'Cross-sell Candidate', '2026-03-21', 'Branch Preferred', 0, 171, 308.01, 'SME Owner', '2026-03-27', 'Retirement Plan', 0, 177, 310.23, 'Cross-sell Candidate', '2026-03-05', 'Branch Preferred', 0, 183, 312.45, 'SME Owner', '2026-03-11', 'Retirement Plan', 0, 189, 314.67, 'Cross-sell Candidate', '2026-03-17', 'Branch Preferred', 0, 195, 316.89, 'SME Owner', '2026-03-23', 'Retirement Plan', 0, 201, 319.11, 'Cross-sell Candidate', '2026-03-01', 'Branch Preferred', 0, 207, 321.33, 'SME Owner', '2026-03-07', 'Retirement Plan', 0, 213, 323.55, 'Cross-sell Candidate', '2026-03-13', 'Branch Preferred', 0, 219, 325.77, 'SME Owner', '2026-03-19', 'Retirement Plan', 0, 225, 327.99, 'Cross-sell Candidate', '2026-03-25', 'Branch Preferred', 0, 231, 330.21, 'SME Owner', '2026-03-03', 'Retirement Plan', 0, 237, 332.43, 'Cross-sell Candidate', '2026-03-09', 'Branch Preferred', 0, 243, 334.65, 'SME Owner', '2026-03-15', 'Retirement Plan', 0, 249, 336.87, 'Cross-sell Candidate', '2026-03-21', 'Branch Preferred', 0, 255, 339.09, 'SME Owner', '2026-03-27', 'Retirement Plan', 0, 261, 341.31, 'Cross-sell Candidate', '2026-03-05', 'Branch Preferred', 0, 267, 343.53, 'SME Owner', '2026-03-11', 'Retirement Plan', 0, 273, 345.75, 'Cross-sell Candidate', '2026-03-17', 'Branch Preferred', 0, 279, 347.97, 'SME Owner', '2026-03-23', 'Retirement Plan', 0, 285, 350.19, 'Cross-sell Candidate', '2026-03-01', 'Branch Preferred', 0, 291, 352.41, 'SME Owner', '2026-03-07', 'Retirement Plan', 0, 297, 354.63, 'Cross-sell Candidate', '2026-03-13', 'Branch Preferred', 0, 303, 356.85, 'SME Owner', '2026-03-19', 'Retirement Plan', 0, 309, 359.07, 'Cross-sell Candidate', '2026-03-25', 'Branch Preferred', 0, 315, 361.29, 'SME Owner', '2026-03-03', 'Retirement Plan', 0, 321, 363.51, 'Cross-sell Candidate', '2026-03-09', 'Branch Preferred', 0, 327, 365.73, 'SME Owner', '2026-03-15', 'Retirement Plan', 0, 333, 367.95, 'Cross-sell Candidate', '2026-03-21', 'Branch Preferred', 0, 339, 370.17, 'SME Owner', '2026-03-27', 'Retirement Plan', 0, 345, 372.39, 'Cross-sell Candidate', '2026-03-05', 'Branch Preferred', 0, 351, 374.61, 'SME Owner', '2026-03-11', 'Retirement Plan', 0, 357, 376.83, 'Cross-sell Candidate', '2026-03-17', 'Branch Preferred', 0, 363, 379.05, 'SME Owner', '2026-03-23', 'Retirement Plan', 0, 369, 381.27, 'Cross-sell Candidate', '2026-03-01', 'Branch Preferred', 0, 375, 383.49, 'SME Owner', '2026-03-07', 'Retirement Plan', 0, 381, 385.71, 'Cross-sell Candidate', '2026-03-13', 'Branch Preferred', 0, 387, 387.93, 'SME Owner', '2026-03-19', 'Retirement Plan', 0, 393, 390.15, 'Cross-sell Candidate', '2026-03-25', 'Branch Preferred', 0, 399, 392.37, 'SME Owner', '2026-03-03', 'Retirement Plan', 0, 405, 394.59, 'Cross-sell Candidate', '2026-03-09', 'Branch Preferred', 0, 411, 396.81, 'SME Owner', '2026-03-15', 'Retirement Plan', 0, 417, 399.03, 'Cross-sell Candidate', '2026-03-21', 'Branch Preferred', 0, 423, 401.25, 'SME Owner', '2026-03-27', 'Retirement Plan', 0, 429, 403.47, 'Cross-sell Candidate', '2026-03-05', 'Branch Preferred', 0, 435, 405.69, 'SME Owner', '2026-03-11', 'Retirement Plan', 0, 441, 407.91, 'Cross-sell Candidate', '2026-03-17', 'Branch Preferred', 0, 447, 410.13, 'SME Owner', '2026-03-23', 'Retirement Plan', 0, 453, 412.35, 'Cross-sell Candidate', '2026-03-01', 'Branch Preferred', 0, 459, 414.57, 'SME Owner', '2026-03-07', 'Retirement Plan', 0, 465, 416.79, 'Cross-sell Candidate', '2026-03-13', 'Branch Preferred', 0, 471, 419.01, 'SME Owner', '2026-03-19', 'Retirement Plan', 0, 477, 421.23, 'Cross-sell Candidate', '2026-03-25', 'Branch Preferred', 0, 483, 423.45, 'SME Owner', '2026-03-03', 'Retirement Plan', 0, 489, 425.67, 'Cross-sell Candidate', '2026-03-09', 'Branch Preferred', 0, 495, 427.89, 'SME Owner', '2026-03-15', 'Retirement Plan', 0, 501, 430.11, 'Cross-sell Candidate', '2026-03-21', 'Branch Preferred', 0, 507, 432.33, 'SME Owner', '2026-03-27', 'Retirement Plan'),
  (1015, '2026-04-15', 'Amelia Guo', 'ZH********1015', '138****1015', 2, 37, '30-39', 'Ningbo', 'Zhejiang', 5, 'Sales Director', '2024-03-15', 'Premier', 139.8, 34.4, 1.2, 48.0, 12.0, 0.96, 1, 1, 0, 9, 776, 'AA', 1, 'BRANCH', 33, '2026-04-26', 'High', 'Mature', 0.54, 123.0, '["Cross-sell Candidate","Credit Card Active","Family Finance"]', 0, '2026-04-20 10:00:00', '2026-04-26 18:00:00', 1, 54, 276.11, 'Risk Watch', '2026-03-20', 'Travel Spender', 1, 60, 278.33, 'Digital Active', '2026-03-26', 'Salary Income', 1, 66, 280.55, 'Risk Watch', '2026-03-04', 'Travel Spender', 1, 72, 282.77, 'Digital Active', '2026-03-10', 'Salary Income', 1, 78, 284.99, 'Risk Watch', '2026-03-16', 'Travel Spender', 1, 84, 287.21, 'Digital Active', '2026-03-22', 'Salary Income', 1, 90, 289.43, 'Risk Watch', '2026-03-28', 'Travel Spender', 1, 96, 291.65, 'Digital Active', '2026-03-06', 'Salary Income', 1, 102, 293.87, 'Risk Watch', '2026-03-12', 'Travel Spender', 1, 108, 296.09, 'Digital Active', '2026-03-18', 'Salary Income', 1, 114, 298.31, 'Risk Watch', '2026-03-24', 'Travel Spender', 1, 120, 300.53, 'Digital Active', '2026-03-02', 'Salary Income', 1, 126, 302.75, 'Risk Watch', '2026-03-08', 'Travel Spender', 1, 132, 304.97, 'Digital Active', '2026-03-14', 'Salary Income', 1, 138, 307.19, 'Risk Watch', '2026-03-20', 'Travel Spender', 1, 144, 309.41, 'Digital Active', '2026-03-26', 'Salary Income', 1, 150, 311.63, 'Risk Watch', '2026-03-04', 'Travel Spender', 1, 156, 313.85, 'Digital Active', '2026-03-10', 'Salary Income', 1, 162, 316.07, 'Risk Watch', '2026-03-16', 'Travel Spender', 1, 168, 318.29, 'Digital Active', '2026-03-22', 'Salary Income', 1, 174, 320.51, 'Risk Watch', '2026-03-28', 'Travel Spender', 1, 180, 322.73, 'Digital Active', '2026-03-06', 'Salary Income', 1, 186, 324.95, 'Risk Watch', '2026-03-12', 'Travel Spender', 1, 192, 327.17, 'Digital Active', '2026-03-18', 'Salary Income', 1, 198, 329.39, 'Risk Watch', '2026-03-24', 'Travel Spender', 1, 204, 331.61, 'Digital Active', '2026-03-02', 'Salary Income', 1, 210, 333.83, 'Risk Watch', '2026-03-08', 'Travel Spender', 1, 216, 336.05, 'Digital Active', '2026-03-14', 'Salary Income', 1, 222, 338.27, 'Risk Watch', '2026-03-20', 'Travel Spender', 1, 228, 340.49, 'Digital Active', '2026-03-26', 'Salary Income', 1, 234, 342.71, 'Risk Watch', '2026-03-04', 'Travel Spender', 1, 240, 344.93, 'Digital Active', '2026-03-10', 'Salary Income', 1, 246, 347.15, 'Risk Watch', '2026-03-16', 'Travel Spender', 1, 252, 349.37, 'Digital Active', '2026-03-22', 'Salary Income', 1, 258, 351.59, 'Risk Watch', '2026-03-28', 'Travel Spender', 1, 264, 353.81, 'Digital Active', '2026-03-06', 'Salary Income', 1, 270, 356.03, 'Risk Watch', '2026-03-12', 'Travel Spender', 1, 276, 358.25, 'Digital Active', '2026-03-18', 'Salary Income', 1, 282, 360.47, 'Risk Watch', '2026-03-24', 'Travel Spender', 1, 288, 362.69, 'Digital Active', '2026-03-02', 'Salary Income', 1, 294, 364.91, 'Risk Watch', '2026-03-08', 'Travel Spender', 1, 300, 367.13, 'Digital Active', '2026-03-14', 'Salary Income', 1, 306, 369.35, 'Risk Watch', '2026-03-20', 'Travel Spender', 1, 312, 371.57, 'Digital Active', '2026-03-26', 'Salary Income', 1, 318, 373.79, 'Risk Watch', '2026-03-04', 'Travel Spender', 1, 324, 376.01, 'Digital Active', '2026-03-10', 'Salary Income', 1, 330, 378.23, 'Risk Watch', '2026-03-16', 'Travel Spender', 1, 336, 380.45, 'Digital Active', '2026-03-22', 'Salary Income', 1, 342, 382.67, 'Risk Watch', '2026-03-28', 'Travel Spender', 1, 348, 384.89, 'Digital Active', '2026-03-06', 'Salary Income', 1, 354, 387.11, 'Risk Watch', '2026-03-12', 'Travel Spender', 1, 360, 389.33, 'Digital Active', '2026-03-18', 'Salary Income', 1, 366, 391.55, 'Risk Watch', '2026-03-24', 'Travel Spender', 1, 372, 393.77, 'Digital Active', '2026-03-02', 'Salary Income', 1, 378, 395.99, 'Risk Watch', '2026-03-08', 'Travel Spender', 1, 384, 398.21, 'Digital Active', '2026-03-14', 'Salary Income', 1, 390, 400.43, 'Risk Watch', '2026-03-20', 'Travel Spender', 1, 396, 402.65, 'Digital Active', '2026-03-26', 'Salary Income', 1, 402, 404.87, 'Risk Watch', '2026-03-04', 'Travel Spender', 1, 408, 407.09, 'Digital Active', '2026-03-10', 'Salary Income', 1, 414, 409.31, 'Risk Watch', '2026-03-16', 'Travel Spender', 1, 420, 411.53, 'Digital Active', '2026-03-22', 'Salary Income', 1, 426, 413.75, 'Risk Watch', '2026-03-28', 'Travel Spender', 1, 432, 415.97, 'Digital Active', '2026-03-06', 'Salary Income', 1, 438, 418.19, 'Risk Watch', '2026-03-12', 'Travel Spender', 1, 444, 420.41, 'Digital Active', '2026-03-18', 'Salary Income', 1, 450, 422.63, 'Risk Watch', '2026-03-24', 'Travel Spender', 1, 456, 424.85, 'Digital Active', '2026-03-02', 'Salary Income', 1, 462, 427.07, 'Risk Watch', '2026-03-08', 'Travel Spender', 1, 468, 429.29, 'Digital Active', '2026-03-14', 'Salary Income', 1, 474, 431.51, 'Risk Watch', '2026-03-20', 'Travel Spender', 1, 480, 433.73, 'Digital Active', '2026-03-26', 'Salary Income', 1, 486, 435.95, 'Risk Watch', '2026-03-04', 'Travel Spender', 1, 492, 438.17, 'Digital Active', '2026-03-10', 'Salary Income', 1, 498, 440.39, 'Risk Watch', '2026-03-16', 'Travel Spender', 1, 504, 442.61, 'Digital Active', '2026-03-22', 'Salary Income', 1, 510, 444.83, 'Risk Watch', '2026-03-28', 'Travel Spender'),
  (1016, '2026-04-16', 'Lucas He', 'AN********1016', '138****1016', 1, 35, '30-39', 'Hefei', 'Anhui', 1, 'Accountant', '2024-04-16', 'Private', 151.5, 36.5, 3.8, 0.0, 17.0, 1.38, 0, 1, 1, 10, 785, 'AAA', 1, 'RM', 35, '2026-04-27', 'Very High', 'Retention', 0.61, 127.5, '["Salary Customer","Mortgage Customer","Fund Investor"]', 0, '2026-04-20 10:00:00', '2026-04-27 18:00:00', 0, 57, 288.61, 'Retirement Plan', '2026-03-21', 'Education Saver', 0, 63, 290.83, 'Branch Preferred', '2026-03-27', 'Fund Investor', 0, 69, 293.05, 'Retirement Plan', '2026-03-05', 'Education Saver', 0, 75, 295.27, 'Branch Preferred', '2026-03-11', 'Fund Investor', 0, 81, 297.49, 'Retirement Plan', '2026-03-17', 'Education Saver', 0, 87, 299.71, 'Branch Preferred', '2026-03-23', 'Fund Investor', 0, 93, 301.93, 'Retirement Plan', '2026-03-01', 'Education Saver', 0, 99, 304.15, 'Branch Preferred', '2026-03-07', 'Fund Investor', 0, 105, 306.37, 'Retirement Plan', '2026-03-13', 'Education Saver', 0, 111, 308.59, 'Branch Preferred', '2026-03-19', 'Fund Investor', 0, 117, 310.81, 'Retirement Plan', '2026-03-25', 'Education Saver', 0, 123, 313.03, 'Branch Preferred', '2026-03-03', 'Fund Investor', 0, 129, 315.25, 'Retirement Plan', '2026-03-09', 'Education Saver', 0, 135, 317.47, 'Branch Preferred', '2026-03-15', 'Fund Investor', 0, 141, 319.69, 'Retirement Plan', '2026-03-21', 'Education Saver', 0, 147, 321.91, 'Branch Preferred', '2026-03-27', 'Fund Investor', 0, 153, 324.13, 'Retirement Plan', '2026-03-05', 'Education Saver', 0, 159, 326.35, 'Branch Preferred', '2026-03-11', 'Fund Investor', 0, 165, 328.57, 'Retirement Plan', '2026-03-17', 'Education Saver', 0, 171, 330.79, 'Branch Preferred', '2026-03-23', 'Fund Investor', 0, 177, 333.01, 'Retirement Plan', '2026-03-01', 'Education Saver', 0, 183, 335.23, 'Branch Preferred', '2026-03-07', 'Fund Investor', 0, 189, 337.45, 'Retirement Plan', '2026-03-13', 'Education Saver', 0, 195, 339.67, 'Branch Preferred', '2026-03-19', 'Fund Investor', 0, 201, 341.89, 'Retirement Plan', '2026-03-25', 'Education Saver', 0, 207, 344.11, 'Branch Preferred', '2026-03-03', 'Fund Investor', 0, 213, 346.33, 'Retirement Plan', '2026-03-09', 'Education Saver', 0, 219, 348.55, 'Branch Preferred', '2026-03-15', 'Fund Investor', 0, 225, 350.77, 'Retirement Plan', '2026-03-21', 'Education Saver', 0, 231, 352.99, 'Branch Preferred', '2026-03-27', 'Fund Investor', 0, 237, 355.21, 'Retirement Plan', '2026-03-05', 'Education Saver', 0, 243, 357.43, 'Branch Preferred', '2026-03-11', 'Fund Investor', 0, 249, 359.65, 'Retirement Plan', '2026-03-17', 'Education Saver', 0, 255, 361.87, 'Branch Preferred', '2026-03-23', 'Fund Investor', 0, 261, 364.09, 'Retirement Plan', '2026-03-01', 'Education Saver', 0, 267, 366.31, 'Branch Preferred', '2026-03-07', 'Fund Investor', 0, 273, 368.53, 'Retirement Plan', '2026-03-13', 'Education Saver', 0, 279, 370.75, 'Branch Preferred', '2026-03-19', 'Fund Investor', 0, 285, 372.97, 'Retirement Plan', '2026-03-25', 'Education Saver', 0, 291, 375.19, 'Branch Preferred', '2026-03-03', 'Fund Investor', 0, 297, 377.41, 'Retirement Plan', '2026-03-09', 'Education Saver', 0, 303, 379.63, 'Branch Preferred', '2026-03-15', 'Fund Investor', 0, 309, 381.85, 'Retirement Plan', '2026-03-21', 'Education Saver', 0, 315, 384.07, 'Branch Preferred', '2026-03-27', 'Fund Investor', 0, 321, 386.29, 'Retirement Plan', '2026-03-05', 'Education Saver', 0, 327, 388.51, 'Branch Preferred', '2026-03-11', 'Fund Investor', 0, 333, 390.73, 'Retirement Plan', '2026-03-17', 'Education Saver', 0, 339, 392.95, 'Branch Preferred', '2026-03-23', 'Fund Investor', 0, 345, 395.17, 'Retirement Plan', '2026-03-01', 'Education Saver', 0, 351, 397.39, 'Branch Preferred', '2026-03-07', 'Fund Investor', 0, 357, 399.61, 'Retirement Plan', '2026-03-13', 'Education Saver', 0, 363, 401.83, 'Branch Preferred', '2026-03-19', 'Fund Investor', 0, 369, 404.05, 'Retirement Plan', '2026-03-25', 'Education Saver', 0, 375, 406.27, 'Branch Preferred', '2026-03-03', 'Fund Investor', 0, 381, 408.49, 'Retirement Plan', '2026-03-09', 'Education Saver', 0, 387, 410.71, 'Branch Preferred', '2026-03-15', 'Fund Investor', 0, 393, 412.93, 'Retirement Plan', '2026-03-21', 'Education Saver', 0, 399, 415.15, 'Branch Preferred', '2026-03-27', 'Fund Investor', 0, 405, 417.37, 'Retirement Plan', '2026-03-05', 'Education Saver', 0, 411, 419.59, 'Branch Preferred', '2026-03-11', 'Fund Investor', 0, 417, 421.81, 'Retirement Plan', '2026-03-17', 'Education Saver', 0, 423, 424.03, 'Branch Preferred', '2026-03-23', 'Fund Investor', 0, 429, 426.25, 'Retirement Plan', '2026-03-01', 'Education Saver', 0, 435, 428.47, 'Branch Preferred', '2026-03-07', 'Fund Investor', 0, 441, 430.69, 'Retirement Plan', '2026-03-13', 'Education Saver', 0, 447, 432.91, 'Branch Preferred', '2026-03-19', 'Fund Investor', 0, 453, 435.13, 'Retirement Plan', '2026-03-25', 'Education Saver', 0, 459, 437.35, 'Branch Preferred', '2026-03-03', 'Fund Investor', 0, 465, 439.57, 'Retirement Plan', '2026-03-09', 'Education Saver', 0, 471, 441.79, 'Branch Preferred', '2026-03-15', 'Fund Investor', 0, 477, 444.01, 'Retirement Plan', '2026-03-21', 'Education Saver', 0, 483, 446.23, 'Branch Preferred', '2026-03-27', 'Fund Investor', 0, 489, 448.45, 'Retirement Plan', '2026-03-05', 'Education Saver', 0, 495, 450.67, 'Branch Preferred', '2026-03-11', 'Fund Investor', 0, 501, 452.89, 'Retirement Plan', '2026-03-17', 'Education Saver', 0, 507, 455.11, 'Branch Preferred', '2026-03-23', 'Fund Investor', 0, 513, 457.33, 'Retirement Plan', '2026-03-01', 'Education Saver'),
  (1017, '2026-04-17', 'Ella Tang', 'HU********1017', '138****1017', 2, 30, '30-39', 'Changsha', 'Hunan', 2, 'HR Manager', '2024-05-17', 'Mass', 149.2, 38.6, 6.4, 12.0, 22.0, 0.12, 1, 1, 0, 3, 794, 'A', 1, 'APP', 37, '2026-04-20', 'Low', 'New', 0.12, 132.0, '["Mobile Banking Active","Insurance Potential","Young Professional"]', 0, '2026-04-20 10:00:00', '2026-04-20 18:00:00', 1, 60, 301.11, 'Travel Spender', '2026-03-22', 'Insurance Potential', 1, 66, 303.33, 'Salary Income', '2026-03-28', 'Mortgage Family', 1, 72, 305.55, 'Travel Spender', '2026-03-06', 'Insurance Potential', 1, 78, 307.77, 'Salary Income', '2026-03-12', 'Mortgage Family', 1, 84, 309.99, 'Travel Spender', '2026-03-18', 'Insurance Potential', 1, 90, 312.21, 'Salary Income', '2026-03-24', 'Mortgage Family', 1, 96, 314.43, 'Travel Spender', '2026-03-02', 'Insurance Potential', 1, 102, 316.65, 'Salary Income', '2026-03-08', 'Mortgage Family', 1, 108, 318.87, 'Travel Spender', '2026-03-14', 'Insurance Potential', 1, 114, 321.09, 'Salary Income', '2026-03-20', 'Mortgage Family', 1, 120, 323.31, 'Travel Spender', '2026-03-26', 'Insurance Potential', 1, 126, 325.53, 'Salary Income', '2026-03-04', 'Mortgage Family', 1, 132, 327.75, 'Travel Spender', '2026-03-10', 'Insurance Potential', 1, 138, 329.97, 'Salary Income', '2026-03-16', 'Mortgage Family', 1, 144, 332.19, 'Travel Spender', '2026-03-22', 'Insurance Potential', 1, 150, 334.41, 'Salary Income', '2026-03-28', 'Mortgage Family', 1, 156, 336.63, 'Travel Spender', '2026-03-06', 'Insurance Potential', 1, 162, 338.85, 'Salary Income', '2026-03-12', 'Mortgage Family', 1, 168, 341.07, 'Travel Spender', '2026-03-18', 'Insurance Potential', 1, 174, 343.29, 'Salary Income', '2026-03-24', 'Mortgage Family', 1, 180, 345.51, 'Travel Spender', '2026-03-02', 'Insurance Potential', 1, 186, 347.73, 'Salary Income', '2026-03-08', 'Mortgage Family', 1, 192, 349.95, 'Travel Spender', '2026-03-14', 'Insurance Potential', 1, 198, 352.17, 'Salary Income', '2026-03-20', 'Mortgage Family', 1, 204, 354.39, 'Travel Spender', '2026-03-26', 'Insurance Potential', 1, 210, 356.61, 'Salary Income', '2026-03-04', 'Mortgage Family', 1, 216, 358.83, 'Travel Spender', '2026-03-10', 'Insurance Potential', 1, 222, 361.05, 'Salary Income', '2026-03-16', 'Mortgage Family', 1, 228, 363.27, 'Travel Spender', '2026-03-22', 'Insurance Potential', 1, 234, 365.49, 'Salary Income', '2026-03-28', 'Mortgage Family', 1, 240, 367.71, 'Travel Spender', '2026-03-06', 'Insurance Potential', 1, 246, 369.93, 'Salary Income', '2026-03-12', 'Mortgage Family', 1, 252, 372.15, 'Travel Spender', '2026-03-18', 'Insurance Potential', 1, 258, 374.37, 'Salary Income', '2026-03-24', 'Mortgage Family', 1, 264, 376.59, 'Travel Spender', '2026-03-02', 'Insurance Potential', 1, 270, 378.81, 'Salary Income', '2026-03-08', 'Mortgage Family', 1, 276, 381.03, 'Travel Spender', '2026-03-14', 'Insurance Potential', 1, 282, 383.25, 'Salary Income', '2026-03-20', 'Mortgage Family', 1, 288, 385.47, 'Travel Spender', '2026-03-26', 'Insurance Potential', 1, 294, 387.69, 'Salary Income', '2026-03-04', 'Mortgage Family', 1, 300, 389.91, 'Travel Spender', '2026-03-10', 'Insurance Potential', 1, 306, 392.13, 'Salary Income', '2026-03-16', 'Mortgage Family', 1, 312, 394.35, 'Travel Spender', '2026-03-22', 'Insurance Potential', 1, 318, 396.57, 'Salary Income', '2026-03-28', 'Mortgage Family', 1, 324, 398.79, 'Travel Spender', '2026-03-06', 'Insurance Potential', 1, 330, 401.01, 'Salary Income', '2026-03-12', 'Mortgage Family', 1, 336, 403.23, 'Travel Spender', '2026-03-18', 'Insurance Potential', 1, 342, 405.45, 'Salary Income', '2026-03-24', 'Mortgage Family', 1, 348, 407.67, 'Travel Spender', '2026-03-02', 'Insurance Potential', 1, 354, 409.89, 'Salary Income', '2026-03-08', 'Mortgage Family', 1, 360, 412.11, 'Travel Spender', '2026-03-14', 'Insurance Potential', 1, 366, 414.33, 'Salary Income', '2026-03-20', 'Mortgage Family', 1, 372, 416.55, 'Travel Spender', '2026-03-26', 'Insurance Potential', 1, 378, 418.77, 'Salary Income', '2026-03-04', 'Mortgage Family', 1, 384, 420.99, 'Travel Spender', '2026-03-10', 'Insurance Potential', 1, 390, 423.21, 'Salary Income', '2026-03-16', 'Mortgage Family', 1, 396, 425.43, 'Travel Spender', '2026-03-22', 'Insurance Potential', 1, 402, 427.65, 'Salary Income', '2026-03-28', 'Mortgage Family', 1, 408, 429.87, 'Travel Spender', '2026-03-06', 'Insurance Potential', 1, 414, 432.09, 'Salary Income', '2026-03-12', 'Mortgage Family', 1, 420, 434.31, 'Travel Spender', '2026-03-18', 'Insurance Potential', 1, 426, 436.53, 'Salary Income', '2026-03-24', 'Mortgage Family', 1, 432, 438.75, 'Travel Spender', '2026-03-02', 'Insurance Potential', 1, 438, 440.97, 'Salary Income', '2026-03-08', 'Mortgage Family', 1, 444, 443.19, 'Travel Spender', '2026-03-14', 'Insurance Potential', 1, 450, 445.41, 'Salary Income', '2026-03-20', 'Mortgage Family', 1, 456, 447.63, 'Travel Spender', '2026-03-26', 'Insurance Potential', 1, 462, 449.85, 'Salary Income', '2026-03-04', 'Mortgage Family', 1, 468, 452.07, 'Travel Spender', '2026-03-10', 'Insurance Potential', 1, 474, 454.29, 'Salary Income', '2026-03-16', 'Mortgage Family', 1, 480, 456.51, 'Travel Spender', '2026-03-22', 'Insurance Potential', 1, 486, 458.73, 'Salary Income', '2026-03-28', 'Mortgage Family', 1, 492, 460.95, 'Travel Spender', '2026-03-06', 'Insurance Potential', 1, 498, 463.17, 'Salary Income', '2026-03-12', 'Mortgage Family', 1, 504, 465.39, 'Travel Spender', '2026-03-18', 'Insurance Potential', 1, 510, 467.61, 'Salary Income', '2026-03-24', 'Mortgage Family', 1, 516, 469.83, 'Travel Spender', '2026-03-02', 'Insurance Potential'),
  (1018, '2026-04-18', 'Alexander Gao', 'HE********1018', '138****1018', 1, 43, '40-49', 'Zhengzhou', 'Henan', 3, 'Logistics Manager', '2024-06-18', 'Affluent', 160.9, 40.7, 9.0, 24.0, 27.0, 0.54, 0, 1, 0, 4, 803, 'A+', 3, 'WEB', 39, '2026-04-21', 'Medium', 'Growth', 0.19, 136.5, '["Loan Risk Watch","SME Owner","Branch Preferred"]', 1, '2026-04-20 10:00:00', '2026-04-21 18:00:00', 0, 63, 313.61, 'Education Saver', '2026-03-23', 'Cross-sell Candidate', 0, 69, 315.83, 'Fund Investor', '2026-03-01', 'SME Owner', 0, 75, 318.05, 'Education Saver', '2026-03-07', 'Cross-sell Candidate', 0, 81, 320.27, 'Fund Investor', '2026-03-13', 'SME Owner', 0, 87, 322.49, 'Education Saver', '2026-03-19', 'Cross-sell Candidate', 0, 93, 324.71, 'Fund Investor', '2026-03-25', 'SME Owner', 0, 99, 326.93, 'Education Saver', '2026-03-03', 'Cross-sell Candidate', 0, 105, 329.15, 'Fund Investor', '2026-03-09', 'SME Owner', 0, 111, 331.37, 'Education Saver', '2026-03-15', 'Cross-sell Candidate', 0, 117, 333.59, 'Fund Investor', '2026-03-21', 'SME Owner', 0, 123, 335.81, 'Education Saver', '2026-03-27', 'Cross-sell Candidate', 0, 129, 338.03, 'Fund Investor', '2026-03-05', 'SME Owner', 0, 135, 340.25, 'Education Saver', '2026-03-11', 'Cross-sell Candidate', 0, 141, 342.47, 'Fund Investor', '2026-03-17', 'SME Owner', 0, 147, 344.69, 'Education Saver', '2026-03-23', 'Cross-sell Candidate', 0, 153, 346.91, 'Fund Investor', '2026-03-01', 'SME Owner', 0, 159, 349.13, 'Education Saver', '2026-03-07', 'Cross-sell Candidate', 0, 165, 351.35, 'Fund Investor', '2026-03-13', 'SME Owner', 0, 171, 353.57, 'Education Saver', '2026-03-19', 'Cross-sell Candidate', 0, 177, 355.79, 'Fund Investor', '2026-03-25', 'SME Owner', 0, 183, 358.01, 'Education Saver', '2026-03-03', 'Cross-sell Candidate', 0, 189, 360.23, 'Fund Investor', '2026-03-09', 'SME Owner', 0, 195, 362.45, 'Education Saver', '2026-03-15', 'Cross-sell Candidate', 0, 201, 364.67, 'Fund Investor', '2026-03-21', 'SME Owner', 0, 207, 366.89, 'Education Saver', '2026-03-27', 'Cross-sell Candidate', 0, 213, 369.11, 'Fund Investor', '2026-03-05', 'SME Owner', 0, 219, 371.33, 'Education Saver', '2026-03-11', 'Cross-sell Candidate', 0, 225, 373.55, 'Fund Investor', '2026-03-17', 'SME Owner', 0, 231, 375.77, 'Education Saver', '2026-03-23', 'Cross-sell Candidate', 0, 237, 377.99, 'Fund Investor', '2026-03-01', 'SME Owner', 0, 243, 380.21, 'Education Saver', '2026-03-07', 'Cross-sell Candidate', 0, 249, 382.43, 'Fund Investor', '2026-03-13', 'SME Owner', 0, 255, 384.65, 'Education Saver', '2026-03-19', 'Cross-sell Candidate', 0, 261, 386.87, 'Fund Investor', '2026-03-25', 'SME Owner', 0, 267, 389.09, 'Education Saver', '2026-03-03', 'Cross-sell Candidate', 0, 273, 391.31, 'Fund Investor', '2026-03-09', 'SME Owner', 0, 279, 393.53, 'Education Saver', '2026-03-15', 'Cross-sell Candidate', 0, 285, 395.75, 'Fund Investor', '2026-03-21', 'SME Owner', 0, 291, 397.97, 'Education Saver', '2026-03-27', 'Cross-sell Candidate', 0, 297, 400.19, 'Fund Investor', '2026-03-05', 'SME Owner', 0, 303, 402.41, 'Education Saver', '2026-03-11', 'Cross-sell Candidate', 0, 309, 404.63, 'Fund Investor', '2026-03-17', 'SME Owner', 0, 315, 406.85, 'Education Saver', '2026-03-23', 'Cross-sell Candidate', 0, 321, 409.07, 'Fund Investor', '2026-03-01', 'SME Owner', 0, 327, 411.29, 'Education Saver', '2026-03-07', 'Cross-sell Candidate', 0, 333, 413.51, 'Fund Investor', '2026-03-13', 'SME Owner', 0, 339, 415.73, 'Education Saver', '2026-03-19', 'Cross-sell Candidate', 0, 345, 417.95, 'Fund Investor', '2026-03-25', 'SME Owner', 0, 351, 420.17, 'Education Saver', '2026-03-03', 'Cross-sell Candidate', 0, 357, 422.39, 'Fund Investor', '2026-03-09', 'SME Owner', 0, 363, 424.61, 'Education Saver', '2026-03-15', 'Cross-sell Candidate', 0, 369, 426.83, 'Fund Investor', '2026-03-21', 'SME Owner', 0, 375, 429.05, 'Education Saver', '2026-03-27', 'Cross-sell Candidate', 0, 381, 431.27, 'Fund Investor', '2026-03-05', 'SME Owner', 0, 387, 433.49, 'Education Saver', '2026-03-11', 'Cross-sell Candidate', 0, 393, 435.71, 'Fund Investor', '2026-03-17', 'SME Owner', 0, 399, 437.93, 'Education Saver', '2026-03-23', 'Cross-sell Candidate', 0, 405, 440.15, 'Fund Investor', '2026-03-01', 'SME Owner', 0, 411, 442.37, 'Education Saver', '2026-03-07', 'Cross-sell Candidate', 0, 417, 444.59, 'Fund Investor', '2026-03-13', 'SME Owner', 0, 423, 446.81, 'Education Saver', '2026-03-19', 'Cross-sell Candidate', 0, 429, 449.03, 'Fund Investor', '2026-03-25', 'SME Owner', 0, 435, 451.25, 'Education Saver', '2026-03-03', 'Cross-sell Candidate', 0, 441, 453.47, 'Fund Investor', '2026-03-09', 'SME Owner', 0, 447, 455.69, 'Education Saver', '2026-03-15', 'Cross-sell Candidate', 0, 453, 457.91, 'Fund Investor', '2026-03-21', 'SME Owner', 0, 459, 460.13, 'Education Saver', '2026-03-27', 'Cross-sell Candidate', 0, 465, 462.35, 'Fund Investor', '2026-03-05', 'SME Owner', 0, 471, 464.57, 'Education Saver', '2026-03-11', 'Cross-sell Candidate', 0, 477, 466.79, 'Fund Investor', '2026-03-17', 'SME Owner', 0, 483, 469.01, 'Education Saver', '2026-03-23', 'Cross-sell Candidate', 0, 489, 471.23, 'Fund Investor', '2026-03-01', 'SME Owner', 0, 495, 473.45, 'Education Saver', '2026-03-07', 'Cross-sell Candidate', 0, 501, 475.67, 'Fund Investor', '2026-03-13', 'SME Owner', 0, 507, 477.89, 'Education Saver', '2026-03-19', 'Cross-sell Candidate', 0, 513, 480.11, 'Fund Investor', '2026-03-25', 'SME Owner', 0, 519, 482.33, 'Education Saver', '2026-03-03', 'Cross-sell Candidate'),
  (1019, '2026-04-19', 'Chloe Luo', 'GU********1019', '138****1019', 2, 40, '40-49', 'Foshan', 'Guangdong', 4, 'Retail Store Owner', '2024-07-19', 'Premier', 172.6, 42.8, 11.6, 36.0, 2.0, 0.96, 1, 1, 0, 5, 812, 'AA', 1, 'BRANCH', 41, '2026-04-22', 'High', 'Mature', 0.26, 141.0, '["SME Owner","Cross-sell Candidate","Credit Card Active"]', 0, '2026-04-20 10:00:00', '2026-04-22 18:00:00', 1, 66, 326.11, 'Insurance Potential', '2026-03-24', 'Digital Active', 1, 72, 328.33, 'Mortgage Family', '2026-03-02', 'Risk Watch', 1, 78, 330.55, 'Insurance Potential', '2026-03-08', 'Digital Active', 1, 84, 332.77, 'Mortgage Family', '2026-03-14', 'Risk Watch', 1, 90, 334.99, 'Insurance Potential', '2026-03-20', 'Digital Active', 1, 96, 337.21, 'Mortgage Family', '2026-03-26', 'Risk Watch', 1, 102, 339.43, 'Insurance Potential', '2026-03-04', 'Digital Active', 1, 108, 341.65, 'Mortgage Family', '2026-03-10', 'Risk Watch', 1, 114, 343.87, 'Insurance Potential', '2026-03-16', 'Digital Active', 1, 120, 346.09, 'Mortgage Family', '2026-03-22', 'Risk Watch', 1, 126, 348.31, 'Insurance Potential', '2026-03-28', 'Digital Active', 1, 132, 350.53, 'Mortgage Family', '2026-03-06', 'Risk Watch', 1, 138, 352.75, 'Insurance Potential', '2026-03-12', 'Digital Active', 1, 144, 354.97, 'Mortgage Family', '2026-03-18', 'Risk Watch', 1, 150, 357.19, 'Insurance Potential', '2026-03-24', 'Digital Active', 1, 156, 359.41, 'Mortgage Family', '2026-03-02', 'Risk Watch', 1, 162, 361.63, 'Insurance Potential', '2026-03-08', 'Digital Active', 1, 168, 363.85, 'Mortgage Family', '2026-03-14', 'Risk Watch', 1, 174, 366.07, 'Insurance Potential', '2026-03-20', 'Digital Active', 1, 180, 368.29, 'Mortgage Family', '2026-03-26', 'Risk Watch', 1, 186, 370.51, 'Insurance Potential', '2026-03-04', 'Digital Active', 1, 192, 372.73, 'Mortgage Family', '2026-03-10', 'Risk Watch', 1, 198, 374.95, 'Insurance Potential', '2026-03-16', 'Digital Active', 1, 204, 377.17, 'Mortgage Family', '2026-03-22', 'Risk Watch', 1, 210, 379.39, 'Insurance Potential', '2026-03-28', 'Digital Active', 1, 216, 381.61, 'Mortgage Family', '2026-03-06', 'Risk Watch', 1, 222, 383.83, 'Insurance Potential', '2026-03-12', 'Digital Active', 1, 228, 386.05, 'Mortgage Family', '2026-03-18', 'Risk Watch', 1, 234, 388.27, 'Insurance Potential', '2026-03-24', 'Digital Active', 1, 240, 390.49, 'Mortgage Family', '2026-03-02', 'Risk Watch', 1, 246, 392.71, 'Insurance Potential', '2026-03-08', 'Digital Active', 1, 252, 394.93, 'Mortgage Family', '2026-03-14', 'Risk Watch', 1, 258, 397.15, 'Insurance Potential', '2026-03-20', 'Digital Active', 1, 264, 399.37, 'Mortgage Family', '2026-03-26', 'Risk Watch', 1, 270, 401.59, 'Insurance Potential', '2026-03-04', 'Digital Active', 1, 276, 403.81, 'Mortgage Family', '2026-03-10', 'Risk Watch', 1, 282, 406.03, 'Insurance Potential', '2026-03-16', 'Digital Active', 1, 288, 408.25, 'Mortgage Family', '2026-03-22', 'Risk Watch', 1, 294, 410.47, 'Insurance Potential', '2026-03-28', 'Digital Active', 1, 300, 412.69, 'Mortgage Family', '2026-03-06', 'Risk Watch', 1, 306, 414.91, 'Insurance Potential', '2026-03-12', 'Digital Active', 1, 312, 417.13, 'Mortgage Family', '2026-03-18', 'Risk Watch', 1, 318, 419.35, 'Insurance Potential', '2026-03-24', 'Digital Active', 1, 324, 421.57, 'Mortgage Family', '2026-03-02', 'Risk Watch', 1, 330, 423.79, 'Insurance Potential', '2026-03-08', 'Digital Active', 1, 336, 426.01, 'Mortgage Family', '2026-03-14', 'Risk Watch', 1, 342, 428.23, 'Insurance Potential', '2026-03-20', 'Digital Active', 1, 348, 430.45, 'Mortgage Family', '2026-03-26', 'Risk Watch', 1, 354, 432.67, 'Insurance Potential', '2026-03-04', 'Digital Active', 1, 360, 434.89, 'Mortgage Family', '2026-03-10', 'Risk Watch', 1, 366, 437.11, 'Insurance Potential', '2026-03-16', 'Digital Active', 1, 372, 439.33, 'Mortgage Family', '2026-03-22', 'Risk Watch', 1, 378, 441.55, 'Insurance Potential', '2026-03-28', 'Digital Active', 1, 384, 443.77, 'Mortgage Family', '2026-03-06', 'Risk Watch', 1, 390, 445.99, 'Insurance Potential', '2026-03-12', 'Digital Active', 1, 396, 448.21, 'Mortgage Family', '2026-03-18', 'Risk Watch', 1, 402, 450.43, 'Insurance Potential', '2026-03-24', 'Digital Active', 1, 408, 452.65, 'Mortgage Family', '2026-03-02', 'Risk Watch', 1, 414, 454.87, 'Insurance Potential', '2026-03-08', 'Digital Active', 1, 420, 457.09, 'Mortgage Family', '2026-03-14', 'Risk Watch', 1, 426, 459.31, 'Insurance Potential', '2026-03-20', 'Digital Active', 1, 432, 461.53, 'Mortgage Family', '2026-03-26', 'Risk Watch', 1, 438, 463.75, 'Insurance Potential', '2026-03-04', 'Digital Active', 1, 444, 465.97, 'Mortgage Family', '2026-03-10', 'Risk Watch', 1, 450, 468.19, 'Insurance Potential', '2026-03-16', 'Digital Active', 1, 456, 470.41, 'Mortgage Family', '2026-03-22', 'Risk Watch', 1, 462, 472.63, 'Insurance Potential', '2026-03-28', 'Digital Active', 1, 468, 474.85, 'Mortgage Family', '2026-03-06', 'Risk Watch', 1, 474, 477.07, 'Insurance Potential', '2026-03-12', 'Digital Active', 1, 480, 479.29, 'Mortgage Family', '2026-03-18', 'Risk Watch', 1, 486, 481.51, 'Insurance Potential', '2026-03-24', 'Digital Active', 1, 492, 483.73, 'Mortgage Family', '2026-03-02', 'Risk Watch', 1, 498, 485.95, 'Insurance Potential', '2026-03-08', 'Digital Active', 1, 504, 488.17, 'Mortgage Family', '2026-03-14', 'Risk Watch', 1, 510, 490.39, 'Insurance Potential', '2026-03-20', 'Digital Active', 1, 516, 492.61, 'Mortgage Family', '2026-03-26', 'Risk Watch', 1, 522, 494.83, 'Insurance Potential', '2026-03-04', 'Digital Active'),
  (1020, '2026-04-20', 'Noah Shen', 'YU********1020', '138****1020', 1, 38, '30-39', 'Kunming', 'Yunnan', 5, 'Consultant', '2024-08-20', 'Private', 184.3, 44.9, 14.2, 48.0, 7.0, 1.38, 0, 1, 0, 6, 821, 'AAA', 1, 'RM', 43, '2026-04-23', 'Very High', 'Retention', 0.33, 145.5, '["Fund Investor","Retirement Planning","Mobile Banking Active"]', 0, '2026-04-20 10:00:00', '2026-04-23 18:00:00', 0, 69, 338.61, 'Cross-sell Candidate', '2026-03-25', 'Branch Preferred', 0, 75, 340.83, 'SME Owner', '2026-03-03', 'Retirement Plan', 0, 81, 343.05, 'Cross-sell Candidate', '2026-03-09', 'Branch Preferred', 0, 87, 345.27, 'SME Owner', '2026-03-15', 'Retirement Plan', 0, 93, 347.49, 'Cross-sell Candidate', '2026-03-21', 'Branch Preferred', 0, 99, 349.71, 'SME Owner', '2026-03-27', 'Retirement Plan', 0, 105, 351.93, 'Cross-sell Candidate', '2026-03-05', 'Branch Preferred', 0, 111, 354.15, 'SME Owner', '2026-03-11', 'Retirement Plan', 0, 117, 356.37, 'Cross-sell Candidate', '2026-03-17', 'Branch Preferred', 0, 123, 358.59, 'SME Owner', '2026-03-23', 'Retirement Plan', 0, 129, 360.81, 'Cross-sell Candidate', '2026-03-01', 'Branch Preferred', 0, 135, 363.03, 'SME Owner', '2026-03-07', 'Retirement Plan', 0, 141, 365.25, 'Cross-sell Candidate', '2026-03-13', 'Branch Preferred', 0, 147, 367.47, 'SME Owner', '2026-03-19', 'Retirement Plan', 0, 153, 369.69, 'Cross-sell Candidate', '2026-03-25', 'Branch Preferred', 0, 159, 371.91, 'SME Owner', '2026-03-03', 'Retirement Plan', 0, 165, 374.13, 'Cross-sell Candidate', '2026-03-09', 'Branch Preferred', 0, 171, 376.35, 'SME Owner', '2026-03-15', 'Retirement Plan', 0, 177, 378.57, 'Cross-sell Candidate', '2026-03-21', 'Branch Preferred', 0, 183, 380.79, 'SME Owner', '2026-03-27', 'Retirement Plan', 0, 189, 383.01, 'Cross-sell Candidate', '2026-03-05', 'Branch Preferred', 0, 195, 385.23, 'SME Owner', '2026-03-11', 'Retirement Plan', 0, 201, 387.45, 'Cross-sell Candidate', '2026-03-17', 'Branch Preferred', 0, 207, 389.67, 'SME Owner', '2026-03-23', 'Retirement Plan', 0, 213, 391.89, 'Cross-sell Candidate', '2026-03-01', 'Branch Preferred', 0, 219, 394.11, 'SME Owner', '2026-03-07', 'Retirement Plan', 0, 225, 396.33, 'Cross-sell Candidate', '2026-03-13', 'Branch Preferred', 0, 231, 398.55, 'SME Owner', '2026-03-19', 'Retirement Plan', 0, 237, 400.77, 'Cross-sell Candidate', '2026-03-25', 'Branch Preferred', 0, 243, 402.99, 'SME Owner', '2026-03-03', 'Retirement Plan', 0, 249, 405.21, 'Cross-sell Candidate', '2026-03-09', 'Branch Preferred', 0, 255, 407.43, 'SME Owner', '2026-03-15', 'Retirement Plan', 0, 261, 409.65, 'Cross-sell Candidate', '2026-03-21', 'Branch Preferred', 0, 267, 411.87, 'SME Owner', '2026-03-27', 'Retirement Plan', 0, 273, 414.09, 'Cross-sell Candidate', '2026-03-05', 'Branch Preferred', 0, 279, 416.31, 'SME Owner', '2026-03-11', 'Retirement Plan', 0, 285, 418.53, 'Cross-sell Candidate', '2026-03-17', 'Branch Preferred', 0, 291, 420.75, 'SME Owner', '2026-03-23', 'Retirement Plan', 0, 297, 422.97, 'Cross-sell Candidate', '2026-03-01', 'Branch Preferred', 0, 303, 425.19, 'SME Owner', '2026-03-07', 'Retirement Plan', 0, 309, 427.41, 'Cross-sell Candidate', '2026-03-13', 'Branch Preferred', 0, 315, 429.63, 'SME Owner', '2026-03-19', 'Retirement Plan', 0, 321, 431.85, 'Cross-sell Candidate', '2026-03-25', 'Branch Preferred', 0, 327, 434.07, 'SME Owner', '2026-03-03', 'Retirement Plan', 0, 333, 436.29, 'Cross-sell Candidate', '2026-03-09', 'Branch Preferred', 0, 339, 438.51, 'SME Owner', '2026-03-15', 'Retirement Plan', 0, 345, 440.73, 'Cross-sell Candidate', '2026-03-21', 'Branch Preferred', 0, 351, 442.95, 'SME Owner', '2026-03-27', 'Retirement Plan', 0, 357, 445.17, 'Cross-sell Candidate', '2026-03-05', 'Branch Preferred', 0, 363, 447.39, 'SME Owner', '2026-03-11', 'Retirement Plan', 0, 369, 449.61, 'Cross-sell Candidate', '2026-03-17', 'Branch Preferred', 0, 375, 451.83, 'SME Owner', '2026-03-23', 'Retirement Plan', 0, 381, 454.05, 'Cross-sell Candidate', '2026-03-01', 'Branch Preferred', 0, 387, 456.27, 'SME Owner', '2026-03-07', 'Retirement Plan', 0, 393, 458.49, 'Cross-sell Candidate', '2026-03-13', 'Branch Preferred', 0, 399, 460.71, 'SME Owner', '2026-03-19', 'Retirement Plan', 0, 405, 462.93, 'Cross-sell Candidate', '2026-03-25', 'Branch Preferred', 0, 411, 465.15, 'SME Owner', '2026-03-03', 'Retirement Plan', 0, 417, 467.37, 'Cross-sell Candidate', '2026-03-09', 'Branch Preferred', 0, 423, 469.59, 'SME Owner', '2026-03-15', 'Retirement Plan', 0, 429, 471.81, 'Cross-sell Candidate', '2026-03-21', 'Branch Preferred', 0, 435, 474.03, 'SME Owner', '2026-03-27', 'Retirement Plan', 0, 441, 476.25, 'Cross-sell Candidate', '2026-03-05', 'Branch Preferred', 0, 447, 478.47, 'SME Owner', '2026-03-11', 'Retirement Plan', 0, 453, 480.69, 'Cross-sell Candidate', '2026-03-17', 'Branch Preferred', 0, 459, 482.91, 'SME Owner', '2026-03-23', 'Retirement Plan', 0, 465, 485.13, 'Cross-sell Candidate', '2026-03-01', 'Branch Preferred', 0, 471, 487.35, 'SME Owner', '2026-03-07', 'Retirement Plan', 0, 477, 489.57, 'Cross-sell Candidate', '2026-03-13', 'Branch Preferred', 0, 483, 491.79, 'SME Owner', '2026-03-19', 'Retirement Plan', 0, 489, 494.01, 'Cross-sell Candidate', '2026-03-25', 'Branch Preferred', 0, 495, 496.23, 'SME Owner', '2026-03-03', 'Retirement Plan', 0, 501, 498.45, 'Cross-sell Candidate', '2026-03-09', 'Branch Preferred', 0, 507, 500.67, 'SME Owner', '2026-03-15', 'Retirement Plan', 0, 513, 502.89, 'Cross-sell Candidate', '2026-03-21', 'Branch Preferred', 0, 519, 505.11, 'SME Owner', '2026-03-27', 'Retirement Plan', 0, 525, 507.33, 'Cross-sell Candidate', '2026-03-05', 'Branch Preferred');
